CASE_ID,ACCIDENT_YEAR,PROC_DATE,JURIS,COLLISION_DATE,COLLISION_TIME,OFFICER_ID,REPORTING_DISTRICT,DAY_OF_WEEK,CHP_SHIFT,POPULATION,CNTY_CITY_LOC,SPECIAL_COND,BEAT_TYPE,CHP_BEAT_TYPE,CITY_DIVISION_LAPD,CHP_BEAT_CLASS,BEAT_NUMBER,PRIMARY_RD,SECONDARY_RD,DISTANCE,DIRECTION,INTERSECTION,WEATHER_1,WEATHER_2,STATE_HWY_IND,CALTRANS_COUNTY,CALTRANS_DISTRICT,STATE_ROUTE,ROUTE_SUFFIX,POSTMILE_PREFIX,POSTMILE,LOCATION_TYPE,RAMP_INTERSECTION,SIDE_OF_HWY,TOW_AWAY,COLLISION_SEVERITY,NUMBER_KILLED,NUMBER_INJURED,PARTY_COUNT,PRIMARY_COLL_FACTOR,PCF_CODE_OF_VIOL,PCF_VIOL_CATEGORY,PCF_VIOLATION,PCF_VIOL_SUBSECTION,HIT_AND_RUN,TYPE_OF_COLLISION,MVIW,PED_ACTION,ROAD_SURFACE,ROAD_COND_1,ROAD_COND_2,LIGHTING,CONTROL_DEVICE,CHP_ROAD_TYPE,PEDESTRIAN_ACCIDENT,BICYCLE_ACCIDENT,MOTORCYCLE_ACCIDENT,TRUCK_ACCIDENT,NOT_PRIVATE_PROPERTY,ALCOHOL_INVOLVED,STWD_VEHTYPE_AT_FAULT,CHP_VEHTYPE_AT_FAULT,COUNT_SEVERE_INJ,COUNT_VISIBLE_INJ,COUNT_COMPLAINT_PAIN,COUNT_PED_KILLED,COUNT_PED_INJURED,COUNT_BICYCLIST_KILLED,COUNT_BICYCLIST_INJURED,COUNT_MC_KILLED,COUNT_MC_INJURED,PRIMARY_RAMP,SECONDARY_RAMP,LATITUDE,LONGITUDE,COUNTY,CITY,POINT_X,POINT_Y
6457867,2014,2014-07-28,1203,2014-04-22,0755,464,,2,5,4,1203,0,0,0,,0,003,HARRIS,"G ST",33.00,E,N,B,-,N,,,,,,,,,,N,4,0,2,2,A,-,04,21703,,N,C,C,A,B,H,-,A,D,0,,,,,Y,,A,01,0,0,2,0,0,0,0,0,0,"- ","- ",,,HUMBOLDT,EUREKA,-124.16238082,40.780388960000003
6457875,2014,2014-07-28,1203,2014-04-01,2152,441,,2,5,4,1203,0,0,0,,0,003,MYRTLE,DEAN,0.00,,Y,A,-,N,,,,,,,,,,Y,4,0,1,2,A,-,09,21802,A,N,D,C,A,A,H,-,-,A,0,,,,,Y,,A,01,0,0,1,0,0,0,0,0,0,"- ","- ",,,HUMBOLDT,EUREKA,-124.14138991999999,40.797329949999998
6457887,2014,2014-07-28,1203,2014-04-16,1117,464,,3,5,4,1203,0,0,0,,0,,"F ST",9TH,32.00,N,N,B,-,N,,,,,,,,,,Y,3,0,1,2,C,-,18,,,N,B,E,A,A,H,-,A,D,0,,,,,Y,,-,"- ",0,1,0,0,0,0,0,0,0,"- ","- ",,,HUMBOLDT,EUREKA,-124.16523235,40.798746199999997
6458161,2014,2015-02-20,1203,2014-03-22,1258,475,,6,5,4,1203,0,0,0,,0,001,WASHINGTON,C,120.70,W,N,A,-,N,,,,,,,,,,Y,3,0,1,1,A,-,08,22107,,M,E,I,A,A,H,-,A,D,0,,,,,Y,,A,01,0,1,0,0,0,0,0,0,0,"- ","- ",,,HUMBOLDT,EUREKA,-124.16899603,40.798224040000001
6458658,2014,2015-11-20,9125,2014-04-27,0630,013699,,7,1,9,1200,0,1,3,,1,061,"RT 299","FORK CAMPGROUND",1056.00,W,N,B,-,Y,HUM,1,299,-,-,33.060,H,-,E,Y,2,0,1,1,A,-,03,22350,,N,F,A,A,B,H,-,B,A,0,,,,,Y,,D,22,1,0,0,0,0,0,0,0,0,"- ","- ",40.907859999999999,-123.71014,HUMBOLDT,UNINCORPORATED,-123.71076958,40.907570200000002
6458662,2014,2014-07-21,9125,2014-04-25,1800,018172,,5,2,9,1200,0,3,5,,2,005,"MARSHALL LN","BIG HILL RD",0.00,,Y,B,-,N,,,,,,,,,,N,3,0,1,2,A,-,03,22350,,N,D,C,A,A,H,-,A,B,0,,,,,Y,Y,A,01,0,1,0,0,0,0,0,0,0,"- ","- ",40.083649999999999,-123.69226999999999,HUMBOLDT,UNINCORPORATED,-123.69226997,41.083649889999997
6458666,2014,2015-11-20,9125,2014-04-30,1135,019243,,3,1,9,1200,0,1,3,,1,061,"RT 299","RT 96",5808.00,W,N,A,-,Y,HUM,1,299,-,-,37.720,H,-,W,Y,4,0,1,2,A,-,06,21750,,N,B,C,A,A,H,-,A,D,0,,,Y,Y,Y,,C,02,0,0,1,0,0,0,0,0,1,"- ","- ",40.945959999999999,-123.65047,HUMBOLDT,UNINCORPORATED,-123.65049394,40.945903520000002
6458719,2014,2015-11-20,9125,2014-04-29,1820,019247,,2,2,9,1200,0,1,3,,1,047,"RT 36","REDWOOD HOUSE RD",2640.00,E,N,A,-,Y,HUM,1,36,-,-,12.110,H,-,E,Y,2,0,1,2,A,-,03,22350,,N,A,C,A,A,H,-,A,D,0,,,Y,,Y,,C,02,1,0,0,0,0,0,0,0,1,"- ","- ",40.492170000000002,-123.96992,HUMBOLDT,UNINCORPORATED,-123.96921708000001,40.491684239999998
6459077,2014,2015-11-20,9125,2014-04-26,0620,016241,,6,1,9,1200,0,1,2,,2,045,"RT 101","METROPOLITAN RD",1901.00,N,N,B,-,Y,HUM,1,101,-,-,55.580,H,-,S,Y,4,0,1,1,A,-,08,22107,,N,E,I,A,A,H,-,B,D,1,,,,,Y,,A,01,0,0,1,0,0,0,0,0,0,"- ","- ",40.5212,-124.16409,HUMBOLDT,UNINCORPORATED,-124.14565964000001,40.520543150000002
6459089,2014,2014-07-11,9125,2014-04-19,0500,020376,,6,3,9,1200,0,1,3,,1,041,"EEL RIVER DR","FERNBRIDGE DR",56.00,N,N,A,-,N,,,,,,,,,,Y,3,0,1,1,A,-,01,23152,A,N,F,I,A,A,H,-,D,D,0,,,,,Y,Y,A,01,0,1,0,0,0,0,0,0,0,"- ","- ",40.619979999999998,-124.20968000000001,HUMBOLDT,UNINCORPORATED,-124.20976,40.620130000000003
6459950,2014,2015-11-20,9125,2014-04-08,1320,11998,,2,1,9,1200,0,1,2,,1,024,"RT 101","JACOBS AV",2640.00,N,N,B,-,Y,HUM,1,101,-,-,81.366,I,5,N,Y,4,0,1,2,A,-,09,21804,A,N,D,C,A,A,H,-,A,A,1,,,,,Y,,A,07,0,0,1,0,0,0,0,0,0,"- ","- ",40.809420000000003,-124.1144,HUMBOLDT,UNINCORPORATED,-124.11412285999999,40.809562040000003
6460404,2014,2015-11-20,9125,2014-04-15,1450,16928,,2,2,3,1201,0,1,2,,2,019,"RT 101","GIUNTOLI LN",421.00,N,N,A,-,Y,HUM,1,101,-,-,89.015,R,2,S,Y,3,0,2,1,A,-,08,22107,,N,E,I,A,A,H,-,A,D,1,,,,,Y,,A,01,0,1,1,0,0,0,0,0,0,TO,"- ",40.904710000000001,-124.08898000000001,HUMBOLDT,ARCATA,-124.08840201,40.907291630000003
6460408,2014,2015-11-20,9125,2014-04-12,0335,20376,,6,3,9,1200,0,1,2,,2,016,"RT 101","NEWTON B DRURY SCENIC PKY",6336.00,N,N,C,-,Y,HUM,1,101,-,R,127.220,H,-,N,Y,4,0,3,1,C,-,18,,,N,E,H,A,A,H,-,D,D,1,,,,,Y,,-,"- ",0,0,3,0,0,0,0,0,0,"- ","- ",41.445549999999997,-124.02025999999999,HUMBOLDT,UNINCORPORATED,-124.01029071000001,41.358288559999998
6460439,2014,2015-11-20,9125,2014-04-13,0100,13699,,7,3,9,1200,0,1,3,,1,050,"LITTLE MOON LN","RT 96",185.00,E,N,A,-,Y,HUM,1,96,-,-,10.077,I,6,E,Y,4,0,1,1,A,-,08,22107,,M,E,I,A,A,H,-,D,D,0,,,,,Y,Y,A,01,0,0,1,0,0,0,0,0,0,"- ","- ",41.032789999999999,-123.66682,HUMBOLDT,UNINCORPORATED,-123.66687082999999,41.032762089999999
6460443,2014,2014-07-10,9125,2014-04-13,0210,16928,,7,3,9,1200,0,3,5,,2,003,"WILLIAMS ST","LAUREL ST",247.00,N,N,A,-,N,,,,,,,,,,N,3,0,1,2,C,-,18,,,N,G,B,F,A,H,-,A,D,0,Y,,,,Y,,-,"- ",0,1,0,0,1,0,0,0,0,"- ","- ",40.768839999999997,-124.16698,HUMBOLDT,UNINCORPORATED,-124.16697316,40.768618019999998
6462731,2014,2015-11-20,9125,2014-04-08,1105,13699,,2,1,9,1200,0,1,3,,1,065,"RT 96","RT 169",7.00,N,N,A,-,Y,HUM,1,96,-,-,23.086,I,5,W,Y,3,0,2,2,A,-,09,21802,A,N,A,C,A,A,H,-,A,A,0,,,,,Y,,A,01,0,1,1,0,0,0,0,0,0,"- ","- ",41.186709999999998,-123.70462000000001,HUMBOLDT,UNINCORPORATED,-123.70464619000001,41.1866603
6462747,2014,2014-07-16,9125,2014-04-05,1435,16303,,6,2,9,1200,0,2,4,,1,020,"MYRTLE AV","FRESHWATER RD",0.00,,Y,A,-,N,,,,,,,,,,Y,4,0,1,2,A,-,09,21802,A,N,D,C,A,A,H,-,A,A,0,,,,,Y,,D,22,0,0,1,0,0,0,0,0,0,"- ","- ",40.785550000000001,-124.08533,HUMBOLDT,UNINCORPORATED,-124.08530991000001,40.785509949999998
6463018,2014,2015-11-14,1203,2014-03-29,1948,4027,,6,5,4,1203,0,0,0,,0,002,"RT 101","MCCULLEN AV",0.00,,Y,A,-,Y,HUM,1,101,-,-,75.910,I,5,S,Y,4,0,2,2,A,-,12,21453,A,N,D,C,A,A,H,-,C,A,0,,,,,Y,,-,"- ",0,0,2,0,0,0,0,0,0,"- ","- ",,,HUMBOLDT,EUREKA,-124.19069111,40.774215390000002
6463022,2014,2015-11-14,1203,2014-03-26,1944,490,,3,5,4,1203,0,0,0,,0,002,"RT 101","DEL NORTE",182.00,S,N,B,-,Y,HUM,1,101,-,-,77.210,H,-,S,N,4,0,1,2,A,-,03,22350,,N,C,C,A,A,H,-,A,D,0,,,,,Y,,D,22,0,0,1,0,0,0,0,0,0,"- ","- ",,,HUMBOLDT,EUREKA,-124.17923140000001,40.790144789999999
6463030,2014,2014-07-16,1203,2014-04-09,1429,604,,3,5,4,1203,0,0,0,,0,003,"I ST",BUHNE,0.00,,Y,B,-,N,,,,,,,,,,Y,4,0,2,2,A,-,08,22100,B,N,D,C,A,A,H,-,A,A,0,,,,,Y,,A,07,0,0,2,0,0,0,0,0,0,"- ","- ",,,HUMBOLDT,EUREKA,-124.16013997,40.786149989999998
6465121,2014,2015-11-14,9125,2014-02-28,1730,020361,,5,2,9,1200,0,1,3,,1,047,"RT 36","RIVERSIDE PARK RD",1426.00,E,N,B,C,Y,HUM,1,36,-,-,10.690,H,-,W,Y,3,0,1,1,A,-,03,22350,,F,E,I,A,B,H,-,A,D,0,,,,,Y,Y,D,22,0,1,0,0,0,0,0,0,0,"- ","- ",40.499839999999999,-123.98877,HUMBOLDT,UNINCORPORATED,-123.9885613,40.499469210000001
6465161,2014,2014-07-18,9125,2014-04-13,2025,019243,,7,2,9,1200,0,3,5,,2,005,"PINE CREEK RD","LOOP RD",6336.00,N,N,A,-,N,,,,,,,,,,Y,4,0,2,1,A,-,21,22106,,N,F,A,A,A,H,-,D,D,0,,,,,Y,,D,22,0,0,2,0,0,0,0,0,0,"- ","- ",41.066189999999999,-123.69507,HUMBOLDT,UNINCORPORATED,-123.68103000000001,41.056060000000002
6465165,2014,2015-11-20,9125,2014-04-13,2215,013551,,7,3,9,1200,0,1,3,,1,048,"RT 36","GOLDEN GATE DR",3168.00,E,N,A,-,Y,HUM,1,36,-,-,21.840,H,-,W,Y,4,0,1,1,A,-,08,22107,,N,E,I,A,A,G,-,D,D,0,,,,,Y,,D,23,0,0,1,0,0,0,0,0,0,"- ","- ",40.46913,-123.8313,HUMBOLDT,UNINCORPORATED,-123.83520578,40.46867675
6465426,2014,2014-07-28,9125,2014-04-12,1150,16303,,6,1,9,1200,0,3,5,,2,002,"KNEELAND RD","PACIFIC LUMBER CAMP RD",5280.00,E,N,A,-,N,,,,,,,,,,Y,3,0,1,1,A,-,08,22107,,N,E,I,A,A,H,-,A,D,0,,,,,Y,Y,A,01,0,1,0,0,0,0,0,0,0,"- ","- ",40.756070000000001,-124.03815,HUMBOLDT,UNINCORPORATED,-124.03624867000001,40.756342740000001
6465430,2014,2015-11-20,9125,2014-04-12,1240,18064,,6,1,9,1200,0,1,2,,2,045,"RT 101","STAFFORD RD",130.00,S,N,A,-,Y,HUM,1,101,-,R,47.930,H,-,S,Y,4,0,1,1,C,-,18,,,N,E,H,A,A,H,-,A,D,1,,,,,Y,,-,"- ",0,0,1,0,0,0,0,0,0,"- ","- ",40.454059999999998,-124.05932,HUMBOLDT,UNINCORPORATED,-124.05943932,40.454059479999998
6469444,2014,2015-11-14,9125,2014-03-31,1338,16928,,1,1,9,1200,0,1,2,,2,030,"RT 101","KING SALMON AV",528.00,N,N,C,-,Y,HUM,1,101,-,-,73.000,H,-,S,Y,3,0,2,1,A,-,08,22107,,N,F,A,A,B,H,-,A,D,1,,,,,Y,,A,01,0,2,0,0,0,0,0,0,0,"- ","- ",40.737679999999997,-124.20941000000001,HUMBOLDT,UNINCORPORATED,-124.20916771,40.737572520000001
6469472,2014,2015-11-14,9125,2014-03-30,1555,19243,,7,2,9,1200,0,1,3,,1,061,"RT 299","EAST FORK",6864.00,E,N,B,C,Y,HUM,1,299,-,-,31.890,H,-,E,Y,4,0,1,1,A,-,08,22107,,N,E,I,A,B,H,-,A,D,0,,,,,Y,,A,01,0,0,1,0,0,0,0,0,0,"- ","- ",40.907539999999997,-123.72942999999999,HUMBOLDT,UNINCORPORATED,-123.73013281999999,40.90780908
6469496,2014,2014-07-09,1203,2014-03-26,1525,4027,,3,5,4,1203,0,0,0,,0,001,"H ST","7TH ST",0.00,,Y,A,-,N,,,,,,,,,,Y,2,0,2,4,A,-,12,21453,A,N,A,B,F,A,H,-,A,A,0,Y,,,,Y,Y,A,01,1,0,1,0,2,0,0,0,0,"- ","- ",,,HUMBOLDT,EUREKA,-124.16340993999999,40.800589950000003
6469500,2014,2014-07-09,1203,2014-03-27,1242,464,,4,5,4,1203,0,0,0,,0,003,COUSINS,MYRTLE,13.00,W,N,B,-,N,,,,,,,,,,N,4,0,1,2,A,-,21,22106,,N,G,B,D,A,H,-,A,A,0,Y,,,,Y,,A,01,0,0,1,0,1,0,0,0,0,"- ","- ",,,HUMBOLDT,EUREKA,-124.14901,40.8001
6469667,2014,2014-07-22,1203,2014-04-10,2059,4027,,4,5,4,1203,0,0,0,,0,001,HARRIS,DOLBEER,0.00,,Y,A,-,N,,,,,,,,,,Y,4,0,1,2,A,-,09,21802,A,N,D,C,A,A,H,-,C,A,0,,,,,Y,,A,01,0,0,1,0,0,0,0,0,0,"- ","- ",,,HUMBOLDT,EUREKA,-124.14206994,40.780469920000002
6469671,2014,2015-11-20,1203,2014-04-10,1253,634,,4,5,4,1203,0,0,0,,0,001,"RT 101","A ST",116.00,W,N,B,-,Y,HUM,1,101,-,-,78.210,H,-,N,N,4,0,1,2,A,-,03,22350,,N,C,C,A,A,H,-,A,A,0,,,,,Y,,A,01,0,0,1,0,0,0,0,0,0,"- ","- ",,,HUMBOLDT,EUREKA,-124.1716193,40.801117900000001
6469675,2014,2014-07-22,1203,2014-04-08,1708,634,,2,5,4,1203,0,0,0,,0,003,BUHNE,"J ST",0.00,,Y,B,-,N,,,,,,,,,,Y,3,0,1,2,A,-,09,21802,A,N,D,C,A,A,H,-,A,A,0,,,,,Y,,A,01,0,1,0,0,0,0,0,0,0,"- ","- ",,,HUMBOLDT,EUREKA,-124.1589699,40.786129940000002
6475294,2014,2014-07-14,9125,2014-04-11,0800,016303,,5,1,9,1200,0,2,4,,1,020,"MYRTLE AV","PARK ST",0.00,,Y,B,-,N,,,,,,,,,,N,4,0,1,2,A,-,08,22107,,N,D,G,A,A,H,-,A,D,0,,Y,,,Y,,A,07,0,0,1,0,0,0,1,0,0,"- ","- ",40.793999999999997,-124.13641,HUMBOLDT,UNINCORPORATED,-124.13652987,40.795089930000003
6477615,2014,2015-11-20,9126,2014-04-21,2311,20411,,1,3,9,1200,0,1,2,,2,022,"RT 101","SORENSON RD",7392.00,N,N,C,-,Y,HUM,1,101,-,R,40.970,H,-,N,Y,2,0,3,1,A,-,08,22107,,N,E,I,A,B,A,-,D,D,1,,,,,Y,,A,07,1,1,1,0,0,0,0,0,0,"- ","- ",,,HUMBOLDT,UNINCORPORATED,-123.96174291,40.412065370000001
6477675,2014,2015-11-20,9125,2014-04-18,0125,19190,,5,3,9,1200,0,1,3,,1,060,"RT 299","BLUE LAKE BL",31680.00,E,N,B,-,Y,HUM,1,299,-,R,13.900,H,-,W,Y,4,0,1,2,A,-,08,22107,,N,C,C,A,A,H,-,D,D,0,,,,,Y,,A,07,0,0,1,0,0,0,0,0,0,"- ","- ",40.535119999999999,-123.55408,HUMBOLDT,UNINCORPORATED,-123.90017712,40.938835679999997
6477679,2014,2015-11-20,9125,2014-04-10,1911,19190,,4,2,9,1200,0,1,2,,1,024,"RT 101","BAYSIDE CUTOFF",0.00,S,N,B,-,Y,HUM,1,101,-,-,83.540,H,-,N,Y,4,0,1,1,A,-,08,22107,,N,E,I,A,A,H,-,A,A,1,,,,,Y,,A,01,0,0,1,0,0,0,0,0,0,"- ","- ",40.494030000000002,-124.45976,HUMBOLDT,UNINCORPORATED,-124.08261696,40.829609789999999
6479068,2014,2015-11-20,9125,2014-05-07,1035,019832,,3,1,3,1201,0,1,2,,2,022,"RT 101","SUNSET AV",200.00,N,N,A,-,Y,HUM,1,101,-,-,87.000,H,-,N,Y,4,0,1,1,C,-,18,,,N,F,A,A,A,H,-,A,D,1,,,,,Y,,-,"- ",0,0,1,0,0,0,0,0,0,"- ","- ",40.8795,-124.08176,HUMBOLDT,ARCATA,-124.08190279,40.879534159999999
6479072,2014,2014-07-25,9125,2014-05-06,1715,013699,,2,2,9,1200,0,3,5,,2,005,"SUPPLY CREEK RD","LOOP RD",528.00,E,N,A,-,N,,,,,,,,,,Y,4,0,1,1,C,-,18,,,N,F,A,A,A,B,-,A,D,0,,,,,Y,,-,"- ",0,0,1,0,0,0,0,0,0,"- ","- ",41.050049999999999,-123.68385000000001,HUMBOLDT,UNINCORPORATED,,
6479120,2014,2014-07-25,9125,2014-05-02,0745,016928,,5,1,9,1200,0,3,5,,2,002,"QUAKER ST","PARK ST",393.00,S,N,A,-,N,,,,,,,,,,Y,3,0,2,2,A,-,08,22107,,N,B,C,A,A,H,-,A,D,0,,,,,Y,,A,01,0,2,0,0,0,0,0,0,0,"- ","- ",40.79477,-124.12617,HUMBOLDT,UNINCORPORATED,-124.12620346999999,40.794071209999998
6479232,2014,2014-07-21,1201,2014-04-15,1506,589,CA012,2,5,3,1201,0,0,0,,0,00S,"K ST","8TH ST",0.00,,Y,A,-,N,,,,,,,,,,Y,3,0,1,2,A,-,09,21802,A,N,D,C,A,A,H,-,A,A,0,,,,,Y,,-,,0,1,0,0,0,0,0,0,0,"- ","- ",,,HUMBOLDT,ARCATA,-124.09021991,40.868919939999998
6479703,2014,2015-11-20,9125,2014-04-30,1320,15771,,3,1,9,1200,0,1,3,,1,061,"RT 299","ROTH RD",24.00,W,N,A,-,Y,HUM,1,299,-,-,39.080,H,-,E,Y,4,0,1,2,A,-,04,21703,,N,C,C,A,A,H,-,A,D,0,,,Y,,Y,,C,02,0,0,1,0,0,0,0,0,1,"- ","- ",40.937820000000002,-123.62702,HUMBOLDT,UNINCORPORATED,-123.62715057,40.938006590000001
6486401,2014,2015-11-20,9125,2014-05-01,0907,18064,,4,1,9,1200,0,1,2,,2,044,"RT 101","SINGLEY HILL RD",25.00,N,N,A,-,Y,HUM,1,101,-,-,64.517,R,3,N,Y,3,0,2,4,A,-,01,23152,E,N,E,J,E,A,H,-,A,A,1,Y,,,,Y,,A,01,0,1,1,0,1,0,0,0,0,FR,"- ",40.622509999999998,-124.21145,HUMBOLDT,UNINCORPORATED,-124.21326868,40.622683209999998
6486542,2014,2014-07-28,1203,2014-05-15,0806,604,,4,5,4,1203,0,0,0,,0,001,6TH,"E ST",0.00,,Y,B,-,N,,,,,,,,,,Y,4,0,1,2,A,-,12,21453,A,N,D,C,A,A,H,-,A,A,0,,,,,Y,,A,07,0,0,1,0,0,0,0,0,0,"- ","- ",,,HUMBOLDT,EUREKA,-124.16685997,40.80093995
6488879,2014,2015-11-20,9125,2014-05-04,0044,19190,,7,3,9,1200,0,1,2,,2,019,"RT 101","SOUTH CENTRAL AV",1584.00,N,N,B,-,Y,HUM,1,101,-,R,90.450,H,-,S,Y,3,0,2,1,A,-,01,23152,A,N,E,I,A,A,H,-,D,A,1,,,,,Y,Y,A,07,0,2,0,0,0,0,0,0,0,"- ","- ",40.923369999999998,-124.10384000000001,HUMBOLDT,UNINCORPORATED,-124.10341708,40.923078969999999
6488880,2014,2014-08-04,9125,2014-05-14,0720,17418,,3,1,9,1200,0,3,5,,2,002,"GREENWOOD HEIGHTS DR","FRESHWATER RD",11616.00,N,N,C,-,N,,,,,,,,,,Y,3,0,1,1,A,-,01,23152,E,M,E,I,A,B,H,-,B,D,0,,,,,Y,,D,23,0,1,0,0,0,0,0,0,0,"- ","- ",40.787430000000001,-124.06974,HUMBOLDT,UNINCORPORATED,-124.05553964000001,40.78949437
6489321,2014,2015-11-20,9125,2014-05-29,0920,018064,,4,1,9,1200,0,1,3,,1,041,"RT 211","EEL RIVER DR",80.00,N,N,A,-,Y,HUM,1,211,-,-,79.118,I,5,N,Y,4,0,1,2,A,-,08,22107,,N,B,C,A,A,H,-,A,D,0,,,,,Y,,A,07,0,0,1,0,0,0,0,0,0,"- ","- ",40.6203,-124.20983,HUMBOLDT,UNINCORPORATED,-124.21000496000001,40.620442330000003
6489993,2014,2014-07-31,9126,2014-05-29,1800,020706,,4,2,9,1200,0,2,4,,1,006,"ALDERPOINT RD","BELL SPRINGS RD",9504.00,E,N,A,-,N,,,,,,,,,,Y,3,0,1,1,A,-,08,22107,,N,E,I,A,A,H,-,A,D,0,,,,,Y,,D,22,0,1,0,0,0,0,0,0,0,"- ","- ",,,HUMBOLDT,UNINCORPORATED,-123.67261173999999,40.115333800000002
6491763,2014,2014-07-16,1201,2014-04-20,0556,561,,7,5,3,1201,0,0,0,,0,00S,"OLD ARCATA RD","JACOBY CREEK RD",0.00,,Y,A,-,N,,,,,,,,,,Y,3,0,1,1,A,-,01,23152,A,M,F,I,A,A,H,-,C,A,0,,,,,Y,Y,A,01,0,1,0,0,0,0,0,0,0,"- ","- ",,,HUMBOLDT,ARCATA,-124.06405991,40.842479959999999
6491764,2014,2014-07-16,1203,2014-04-27,2043,635,,7,5,4,1203,0,0,0,,0,003,"H ST",HARRIS,0.00,,Y,A,-,N,,,,,,,,,,N,4,0,1,2,A,-,12,21453,A,N,D,C,A,A,H,-,C,A,0,,,,,Y,Y,A,01,0,0,1,0,0,0,0,0,0,"- ","- ",,,HUMBOLDT,EUREKA,-124.16134993,40.780379920000001
6491768,2014,2015-11-20,1203,2014-04-25,1319,4027,,5,5,4,1203,0,0,0,,0,003,"RT 101",TOMLINSON,12.00,N,N,A,-,Y,HUM,1,101,-,-,75.980,H,-,S,Y,3,0,1,2,A,-,11,21954,A,N,B,B,D,A,H,-,A,D,0,Y,,,,Y,,N,60,0,1,0,0,1,0,0,0,0,"- ","- ",,,HUMBOLDT,EUREKA,-124.19049088,40.77520664
6492026,2014,2014-07-29,9125,2014-05-18,1150,11998,,7,1,9,1200,0,2,4,,1,010,"CENTRAL AV","SCHOOL RD",0.00,,Y,B,-,N,,,,,,,,,,N,4,0,1,2,A,-,10,21950,A,N,G,B,B,A,H,-,A,A,0,Y,,,,Y,,A,07,0,0,1,0,1,0,0,0,0,"- ","- ",40.9343,-124.10680000000001,HUMBOLDT,UNINCORPORATED,-124.10091996,40.934179909999997
6492056,2014,2015-11-20,9125,2014-05-14,1415,16303,,3,2,9,1200,0,1,3,,1,048,"RT 36","BUCK MOUNTAIN RD",5280.00,W,N,A,-,Y,HUM,1,36,-,-,39.350,H,-,W,Y,2,0,1,1,A,-,08,22107,,N,F,A,A,A,H,-,A,D,0,,,Y,,Y,,C,02,1,0,0,0,0,0,0,0,1,"- ","- ",40.486170000000001,-123.64426,HUMBOLDT,UNINCORPORATED,-123.64393889999999,40.486253849999997
6492428,2014,2015-03-16,1201,2014-04-16,1628,546,A301,3,5,3,1201,0,0,0,,0,00S,"JANES RD","11TH ST",0.00,,Y,A,-,N,,,,,,,,,,Y,2,0,1,2,A,-,09,21802,A,N,D,C,A,A,H,-,A,D,0,,,Y,,Y,Y,A,01,1,0,0,0,0,0,0,0,1,"- ","- ",,,HUMBOLDT,ARCATA,-124.10114999,40.873869980000002
6498963,2014,2015-11-20,9125,2014-04-25,1650,18172,,5,2,9,1200,0,1,3,,1,061,"RT 299","WILLOW CREEK 04-0115",8448.00,W,N,B,-,Y,HUM,1,299,-,-,31.520,H,-,E,Y,2,0,2,1,A,-,08,22107,,N,E,I,A,B,H,-,A,A,0,,,,,Y,,A,07,1,1,0,0,0,0,0,0,0,"- ","- ",40.990659999999998,-123.73553,HUMBOLDT,UNINCORPORATED,-123.73593959,40.905988729999997
6499022,2014,2015-11-20,9125,2014-04-25,0115,20361,,5,3,9,1200,0,1,2,,2,019,"RT 101","SCHOOL RD",0.00,,Y,B,-,Y,HUM,1,101,-,R,91.360,R,4,N,Y,2,0,1,1,A,-,01,23152,A,N,E,I,A,B,H,-,C,D,1,,,,,Y,Y,A,01,1,0,0,0,0,0,0,0,0,"- ","- ",,,HUMBOLDT,UNINCORPORATED,-124.11423842000001,40.93256255
6499026,2014,2014-07-21,9125,2014-04-19,1100,14643,,6,1,9,1200,0,3,5,,2,002,"F ST","OAK ST",0.00,,Y,B,-,N,,,,,,,,,,N,4,0,2,2,A,-,21,22106,,N,D,C,A,A,H,-,A,A,0,,,,,Y,,A,07,0,0,2,0,0,0,0,0,0,"- ","- ",40.771259999999998,-124.16323,HUMBOLDT,UNINCORPORATED,-124.16366997999999,40.771179959999998
6499030,2014,2015-11-20,9125,2014-04-24,0935,14643,,4,1,9,1200,0,1,2,,2,030,"RT 101","TOMPKINS HILL RD",3168.00,S,N,B,-,Y,HUM,1,101,-,-,69.980,H,-,N,N,4,0,1,1,A,-,08,22107,,N,E,I,A,B,H,-,A,D,1,,,,,Y,,A,01,0,0,1,0,0,0,0,0,0,"- ","- ",40.698009999999996,-124.20386999999999,HUMBOLDT,UNINCORPORATED,-124.20397908,40.698026859999999
6499034,2014,2015-11-20,9125,2014-04-23,1655,19243,,3,2,9,1200,0,1,3,,1,061,"RT 299","EAST FORK",8976.00,W,N,B,-,Y,HUM,1,299,-,-,31.560,H,-,E,Y,4,0,1,1,A,-,08,22107,,N,E,I,A,B,H,-,A,D,0,,,,,Y,,A,07,0,0,1,0,0,0,0,0,0,"- ","- ",40.906559999999999,-123.73538000000001,HUMBOLDT,UNINCORPORATED,-123.73552081,40.906483799999997
6499038,2014,2015-11-20,9125,2014-04-29,2130,16478,,2,2,9,1200,0,1,2,,2,018,"RT 101","MEADOW RANCH RD",2112.00,N,N,A,-,Y,HUM,1,101,-,-,115.050,H,-,S,Y,4,0,1,1,A,-,08,22107,,N,E,I,A,A,H,-,D,D,1,,,,,Y,,B,07,0,0,1,0,0,0,0,0,0,"- ","- ",41.227029999999999,-124.08580000000001,HUMBOLDT,UNINCORPORATED,-124.08419078,41.229284839999998
6499105,2014,2015-11-20,9125,2014-04-24,2242,19190,,4,3,9,1200,0,1,2,,1,024,"RT 101","INDIANOLA CUTOFF",1584.00,S,N,B,C,Y,HUM,1,101,-,-,82.480,H,-,S,Y,4,0,1,1,A,-,08,22107,,N,E,I,A,B,H,-,D,D,1,,,,,Y,,A,07,0,0,1,0,0,0,0,0,0,"- ","- ",,,HUMBOLDT,UNINCORPORATED,-124.09646074,40.81895875
6499977,2014,2014-06-26,1203,2014-04-17,1418,,,4,5,4,1203,0,0,0,,0,003,HARRISON,"ERIE ST",0.00,,Y,A,-,N,,,,,,,,,,Y,4,0,1,2,A,-,09,21801,B,N,D,C,A,A,H,-,A,D,0,,,,,Y,,A,01,0,0,1,0,0,0,0,0,0,"- ","- ",,,HUMBOLDT,EUREKA,-124.13965992999999,40.784239970000002