CASE_ID,ACCIDENT_YEAR,PROC_DATE,JURIS,COLLISION_DATE,COLLISION_TIME,OFFICER_ID,REPORTING_DISTRICT,DAY_OF_WEEK,CHP_SHIFT,POPULATION,CNTY_CITY_LOC,SPECIAL_COND,BEAT_TYPE,CHP_BEAT_TYPE,CITY_DIVISION_LAPD,CHP_BEAT_CLASS,BEAT_NUMBER,PRIMARY_RD,SECONDARY_RD,DISTANCE,DIRECTION,INTERSECTION,WEATHER_1,WEATHER_2,STATE_HWY_IND,CALTRANS_COUNTY,CALTRANS_DISTRICT,STATE_ROUTE,ROUTE_SUFFIX,POSTMILE_PREFIX,POSTMILE,LOCATION_TYPE,RAMP_INTERSECTION,SIDE_OF_HWY,TOW_AWAY,COLLISION_SEVERITY,NUMBER_KILLED,NUMBER_INJURED,PARTY_COUNT,PRIMARY_COLL_FACTOR,PCF_CODE_OF_VIOL,PCF_VIOL_CATEGORY,PCF_VIOLATION,PCF_VIOL_SUBSECTION,HIT_AND_RUN,TYPE_OF_COLLISION,MVIW,PED_ACTION,ROAD_SURFACE,ROAD_COND_1,ROAD_COND_2,LIGHTING,CONTROL_DEVICE,CHP_ROAD_TYPE,PEDESTRIAN_ACCIDENT,BICYCLE_ACCIDENT,MOTORCYCLE_ACCIDENT,TRUCK_ACCIDENT,NOT_PRIVATE_PROPERTY,ALCOHOL_INVOLVED,STWD_VEHTYPE_AT_FAULT,CHP_VEHTYPE_AT_FAULT,COUNT_SEVERE_INJ,COUNT_VISIBLE_INJ,COUNT_COMPLAINT_PAIN,COUNT_PED_KILLED,COUNT_PED_INJURED,COUNT_BICYCLIST_KILLED,COUNT_BICYCLIST_INJURED,COUNT_MC_KILLED,COUNT_MC_INJURED,PRIMARY_RAMP,SECONDARY_RAMP,LATITUDE,LONGITUDE,COUNTY,CITY,POINT_X,POINT_Y
7181727,2015,2017-02-01,1203,2015-12-21,1818,4031,,1,5,4,1203,0,0,0,,0,002,"RT 101","E ST",7.00,E,N,A,-,Y,HUM,1,101,-,-,78.454,I,5,N,N,2,0,1,2,A,-,10,21950,A,N,G,B,B,A,H,-,A,A,0,Y,,,,Y,,A,07,1,0,0,0,1,0,0,0,0,"- ","- ",,,HUMBOLDT,EUREKA,-124.16705291,40.80175363
7184826,2015,2016-02-19,1203,2015-11-06,1437,475,,5,5,4,1203,0,0,0,,0,003,FAIRWAY,RIDGECREST,900.00,W,N,A,-,N,,,,,,,,,,Y,3,0,1,1,A,-,08,22107,,N,E,I,A,A,H,-,A,D,0,,,,,Y,,A,07,0,1,0,0,0,0,0,0,0,"- ","- ",,,HUMBOLDT,EUREKA,-124.16419771,40.761823769999999
7187270,2015,2016-03-02,1203,2015-12-15,0928,475,,2,5,4,1203,0,0,0,,0,003,"H ST",HENDERSON,0.00,,Y,B,-,N,,,,,,,,,,Y,3,0,2,2,A,-,12,21453,A,N,D,C,A,A,H,-,A,A,0,,,,,Y,,A,01,0,1,1,0,0,0,0,0,0,"- ","- ",,,HUMBOLDT,EUREKA,-124.16129989,40.782849910000003
7190399,2016,2018-09-27,1203,2016-01-28,1717,475,,4,5,4,1203,0,0,0,,0,003,TRINITY,F,0.00,,Y,B,-,N,,,,,,,,,,N,1,1,0,2,A,-,09,21802,A,N,H,G,A,A,H,-,B,A,0,,Y,,,Y,,L,04,0,0,0,0,0,1,0,0,0,"- ","- ",,,HUMBOLDT,EUREKA,-124.16349990000001,40.787790000000001
7190558,2016,2016-11-17,1201,2016-09-04,1915,447,108,7,5,3,1201,0,0,0,,0,00N,"H ST","14TH ST",4.00,S,N,A,-,N,,,,,,,,,,N,1,1,0,2,A,-,01,23152,A,N,G,B,B,A,H,-,A,A,0,Y,,,,Y,Y,A,08,0,0,0,1,0,0,0,0,0,"- ","- ",40.873010000000001,-124.0853,HUMBOLDT,ARCATA,-124.08530402,40.872999450000002
7191009,2016,2016-02-24,1205,2016-01-31,1859,0118,2-09,7,5,3,1205,0,0,0,,0,,"SCHOOL ST","WEBER ST",71.00,E,N,A,-,N,,,,,,,,,,Y,3,0,1,1,A,-,01,23152,A,N,E,I,A,A,H,-,C,D,0,,,,,Y,Y,A,01,0,1,0,0,0,0,0,0,0,"- ","- ",40.570050000000002,-124.13106999999999,HUMBOLDT,FORTUNA,-124.13058436999999,40.570198560000001
7191520,2016,2017-02-03,1203,2016-02-10,2007,4043,,3,5,4,1203,0,0,0,,0,002,WABASH,BROADWAY,97.00,E,N,A,-,Y,HUM,1,101,-,-,77.299,I,6,N,N,4,0,1,2,A,-,11,21954,A,F,G,B,D,A,H,-,D,D,0,Y,,,,Y,,N,60,0,0,1,0,1,0,0,0,0,"- ","- ",,,HUMBOLDT,EUREKA,-124.17826808,40.791537490000003
7191603,2016,2016-03-02,1203,2016-01-05,0937,4031,,2,5,4,1203,0,0,0,,0,002,"DEL NORTE",CALIFORNIA,22.00,E,N,A,B,N,,,,,,,,,,Y,3,0,1,2,A,-,01,23152,A,M,A,E,A,B,H,-,A,D,0,,,,,Y,,A,01,0,1,0,0,0,0,0,0,0,"- ","- ",,,HUMBOLDT,EUREKA,-124.17185053,40.790660000000003
7191607,2016,2016-03-02,1203,2016-01-05,0933,4031,,2,5,4,1203,0,0,0,,0,002,"DEL NORTE",SPRING,55.00,W,N,A,B,N,,,,,,,,,,N,3,0,1,3,A,-,01,23152,E,M,A,E,A,B,H,-,A,D,0,,,,,Y,,A,01,0,1,0,0,0,0,0,0,0,"- ","- ",,,HUMBOLDT,EUREKA,-124.17737866,40.790681820000003
7192078,2015,2017-02-01,1203,2015-11-06,1630,415,,5,5,4,1203,0,0,0,,0,002,BROADWAY,"DEL NORTE",150.00,S,N,A,-,Y,HUM,1,101,-,-,77.210,H,-,S,N,4,0,1,2,A,-,11,21954,A,N,G,B,D,A,H,-,A,D,0,Y,,,,Y,,N,60,0,0,1,0,1,0,0,0,0,"- ","- ",,,HUMBOLDT,EUREKA,-124.17923140000001,40.790144789999999
7194035,2016,2016-03-09,1203,2016-01-18,1133,4027,,1,5,4,1203,0,0,0,,0,001,"B ST",WASHINGTON,0.00,,Y,A,-,N,,,,,,,,,,Y,3,0,2,4,A,-,03,22350,,N,D,C,A,A,H,-,A,A,0,,,,,Y,,D,22,0,1,1,0,0,0,0,0,0,"- ","- ",,,HUMBOLDT,EUREKA,-124.16963985,40.79822996
7195608,2016,2016-02-29,1201,2016-01-24,1900,596,204,7,5,3,1201,0,0,0,,0,0VW,"HEINDON AV","JANES RD",0.00,,Y,B,C,N,,,,,,,,,,N,4,0,1,2,A,-,09,21801,A,N,H,G,A,B,H,-,D,D,0,,Y,,,Y,,A,01,0,0,1,0,0,0,1,0,0,"- ","- ",40.90504,-124.08302999999999,HUMBOLDT,ARCATA,-124.09083998,40.903299969999999
7199726,2016,2018-09-27,1203,2016-02-18,1516,490,,4,5,4,1203,0,0,0,,0,001,"RT 101","O ST",2.00,W,N,B,-,Y,HUM,1,101,-,-,79.020,I,5,S,N,1,1,0,2,A,-,10,21950,A,N,G,B,B,A,H,-,A,A,0,Y,,,,Y,,D,22,0,0,0,1,0,0,0,0,0,"- ","- ",,,HUMBOLDT,EUREKA,-124.15649263,40.804103910000002
7200209,2017,2019-04-08,1203,2017-01-23,0955,464,SUPER,1,5,4,1203,0,0,0,,0,003,F,HARRIS,3.00,N,N,B,C,N,,,,,,,,,,N,1,1,0,2,A,-,10,21950,A,N,G,B,B,B,H,-,A,A,0,Y,,,,Y,,D,22,0,0,0,1,0,0,0,0,0,"- ","- ",,,HUMBOLDT,EUREKA,-124.16358979,40.780438240000002
7201875,2016,2016-08-26,1203,2016-01-27,0759,4031,,3,5,4,1203,0,0,0,,0,001,"6TH ST","H ST",111.00,E,N,A,-,N,,,,,,,,,,N,3,0,1,2,A,-,08,22107,,N,B,G,A,A,H,-,A,D,0,,Y,,,Y,,J,48,0,1,0,0,0,0,1,0,0,"- ","- ",,,HUMBOLDT,EUREKA,-124.16320527000001,40.80145383
7202446,2016,2016-03-09,1205,2016-01-10,1829,0114,,7,5,3,1205,0,0,0,,0,,"REDWOOD WY","SPRINGVILLE AV",150.00,W,N,A,-,N,,,,,,,,,,N,4,0,1,3,A,-,04,21703,,N,C,C,A,A,H,-,C,D,0,,,,,Y,,-,"- ",0,0,1,0,0,0,0,0,0,"- ","- ",40.58381,-124.13968,HUMBOLDT,FORTUNA,-124.14022921,40.584722239999998
7203706,2016,2016-03-17,1203,2016-02-02,0805,496,,2,5,4,1203,0,0,0,,0,003,H,EVERDING,0.00,,Y,A,-,N,,,,,,,,,,Y,4,0,1,2,A,-,09,21802,A,N,D,C,A,A,H,-,A,A,0,,,,,Y,,D,22,0,0,1,0,0,0,0,0,0,"- ","- ",,,HUMBOLDT,EUREKA,-124.16134991,40.77953995
7205706,2016,2016-03-15,1205,2016-02-02,0856,0132,2-01,2,5,3,1205,0,0,0,,0,,"12TH ST","POND ST",0.00,,Y,A,-,N,,,,,,,,,,Y,4,0,1,2,A,-,09,21802,,N,D,C,A,A,H,-,A,A,0,,,,,Y,,A,01,0,0,1,0,0,0,0,0,0,"- ","- ",40.58999,-124.15452999999999,HUMBOLDT,FORTUNA,-124.15485799,40.588618570000001
7205710,2016,2016-03-15,1205,2016-02-03,1441,0117,1-04,3,5,3,1205,0,0,0,,0,,"12TH ST","12TH ST 300",0.00,,N,C,-,N,,,,,,,,,,Y,4,0,1,2,A,-,04,21703,,N,C,C,A,B,H,-,A,D,0,,,,,Y,,A,01,0,0,1,0,0,0,0,0,0,"- ","- ",40.594070000000002,-124.15451,HUMBOLDT,FORTUNA,-124.15451,40.594070000000002
7206051,2016,2016-03-23,1205,2016-01-25,1700,0114,,1,5,3,1205,0,0,0,,0,,"SOUTH FORTUNA BL","SOUTH FORTUNA BL 600",0.00,,Y,A,-,N,,,,,,,,,,N,3,0,1,2,A,-,17,22517,,N,H,G,A,A,H,-,A,D,0,,Y,,,Y,,-,,0,1,0,0,0,0,1,0,0,"- ","- ",40.582320000000003,-124.13652,HUMBOLDT,FORTUNA,-124.14668709,40.58594342
7209517,2016,2016-03-23,1203,2016-02-27,1930,4033,,6,5,4,1203,0,0,0,,0,003,WEST,SEARLES,223.00,S,N,A,-,N,,,,,,,,,,N,4,0,2,2,A,-,09,21801,A,N,A,C,A,A,H,-,C,D,0,,,,,Y,,D,22,0,0,2,0,0,0,0,0,0,"- ","- ",,,HUMBOLDT,EUREKA,-124.14801423,40.800267660000003
7209649,2016,2016-03-17,1203,2016-02-10,1705,4049,,3,5,4,1203,0,0,0,,0,003,F,HODGSON,0.00,N,N,B,-,N,,,,,,,,,,N,4,0,1,2,A,-,03,22350,,N,C,C,A,A,H,-,B,D,0,,,,,Y,,A,01,0,0,1,0,0,0,0,0,0,"- ","- ",,,HUMBOLDT,EUREKA,-124.16361987000001,40.778709980000002
7213540,2016,2017-02-03,1203,2016-02-26,1502,4044,,5,5,4,1203,0,0,0,,0,002,"RT 101",BAYSHORE,0.00,,Y,C,-,Y,HUM,1,101,-,-,76.560,I,5,S,Y,4,0,1,2,A,-,09,21802,A,N,D,C,A,B,H,-,A,A,0,,,,,Y,,A,01,0,0,1,0,0,0,0,0,0,"- ","- ",,,HUMBOLDT,EUREKA,-124.18447277999999,40.781918730000001
7213550,2016,2017-02-03,1203,2016-01-25,1011,4044,,1,5,4,1203,0,0,0,,0,001,"RT 101","I ST",0.00,,Y,B,-,Y,HUM,1,101,-,-,78.680,I,5,N,Y,4,0,1,2,A,-,12,21453,A,N,D,C,A,A,H,-,A,A,0,,,,,Y,,-,"- ",0,0,1,0,0,0,0,0,0,"- ","- ",,,HUMBOLDT,EUREKA,-124.16271952,40.802354889999997
8002656,2016,2016-04-20,1201,2016-02-27,0153,606,208,6,5,3,1201,0,0,0,,0,00N,"GRANITE AV","WOOD BL",155.00,E,N,A,-,N,,,,,,,,,,N,3,0,2,3,A,-,01,23153,A,N,A,E,A,A,H,-,C,D,0,,,,,Y,Y,A,01,0,2,0,0,0,0,0,0,0,"- ","- ",40.879820000000002,-124.08099,HUMBOLDT,ARCATA,-124.08096313,40.879491729999998
8005152,2016,2016-04-08,1203,2016-03-18,0249,635,,5,5,4,1203,0,0,0,,0,001,CEDAR,A,77.00,W,N,A,-,N,,,,,,,,,,N,3,0,1,3,A,-,01,23152,A,M,A,E,A,A,H,-,C,D,0,,,,,Y,Y,D,22,0,1,0,0,0,0,0,0,0,"- ","- ",,,HUMBOLDT,EUREKA,-124.17079,40.794930000000001
8005180,2016,2017-02-11,1203,2016-03-11,2233,4043,,5,5,4,1203,0,0,0,,0,001,H,"RT 101",2.00,S,N,B,-,Y,HUM,1,101,-,-,78.614,I,6,S,N,4,0,1,2,A,-,10,21950,A,N,G,B,B,A,H,-,C,A,0,Y,,,,Y,,D,22,0,0,1,0,1,0,0,0,0,"- ","- ",,,HUMBOLDT,EUREKA,-124.16400762000001,40.803056810000001
8005184,2016,2016-04-08,1203,2016-03-17,0518,4038,,4,5,4,1203,0,0,0,,0,002,UNION,SILVA,376.00,S,N,E,-,N,,,,,,,,,,Y,3,0,1,2,A,-,01,23152,A,N,C,E,A,A,H,-,C,D,0,,,,,Y,Y,D,22,0,1,0,0,0,0,0,0,0,"- ","- ",,,HUMBOLDT,EUREKA,-124.17421533,40.773464390000001
8005192,2016,2016-04-07,1201,2016-02-17,1435,565,306,3,5,3,1201,0,0,0,,0,0DT,"G ST","13TH ST",0.00,,Y,C,G,N,,,,,,,,,,Y,3,0,1,2,A,-,08,22107,,N,D,C,A,B,H,-,A,D,0,,,,,Y,,A,01,0,1,0,0,0,0,0,0,0,"- ","- ",40.871699999999997,-124.08525,HUMBOLDT,ARCATA,-124.08455988,40.872039960000002
8011608,2016,2016-04-18,1203,2016-03-17,1614,4051,,4,5,4,1203,0,0,0,,0,003,"BUHNE ST","F ST",0.00,,Y,A,-,N,,,,,,,,,,Y,3,0,2,3,A,-,01,23152,A,N,D,C,A,A,H,-,A,A,0,,,,,Y,Y,A,08,0,1,1,0,0,0,0,0,0,"- ","- ",,,HUMBOLDT,EUREKA,-124.16350988000001,40.786149960000003
8011619,2016,2016-04-11,1203,2016-03-21,1321,4044,,1,5,4,1203,0,0,0,,0,002,UNION,CREIGHTON,0.00,,Y,A,-,N,,,,,,,,,,Y,4,0,1,2,A,-,09,21802,A,N,D,C,A,A,H,-,A,A,0,,,,,Y,,A,01,0,0,1,0,0,0,0,0,0,"- ","- ",,,HUMBOLDT,EUREKA,-124.17509991999999,40.783789990000002
8011854,2016,2017-02-11,1203,2016-03-04,1635,4054,1203,5,5,4,1203,0,0,0,,0,001,"RT 101","D ST",0.00,,Y,A,-,Y,HUM,1,101,-,-,78.397,I,5,N,N,4,0,1,2,A,-,09,21801,A,N,A,C,A,A,H,-,A,A,0,,,,,Y,,A,01,0,0,1,0,0,0,0,0,0,"- ","- ",,,HUMBOLDT,EUREKA,-124.16812605,40.801609929999998
8012961,2016,2017-02-03,1203,2016-01-19,1926,4049,,2,5,4,1203,0,0,0,,0,002,"RT 101",TRUESDALE,0.00,,Y,B,-,Y,HUM,1,101,-,-,76.030,I,5,S,Y,4,0,1,2,A,-,09,21801,A,N,D,C,A,B,H,-,C,D,0,,,,,Y,,D,22,0,0,1,0,0,0,0,0,0,"- ","- ",,,HUMBOLDT,EUREKA,-124.19041996999999,40.775604979999997
8013092,2016,2016-04-12,1203,2016-02-17,1709,4049,,3,5,4,1203,0,0,0,,0,003,"F ST",MANZANITA,0.00,,Y,B,-,N,,,,,,,,,,Y,4,0,1,2,A,-,09,21802,A,N,D,C,A,B,H,-,A,A,0,,,,,Y,,A,01,0,0,1,0,0,0,0,0,0,"- ","- ",,,HUMBOLDT,EUREKA,-124.16359985,40.776099889999998
8016192,2015,2016-04-11,1203,2015-11-05,1520,4049,,4,5,4,1203,0,0,0,,0,002,HENDERSON,CENTRAL,13.00,E,N,A,-,N,,,,,,,,,,N,4,0,1,2,A,-,21,22106,,N,H,C,A,A,H,-,A,D,0,,,,,Y,,A,01,0,0,1,0,0,0,0,0,0,"- ","- ",,,HUMBOLDT,EUREKA,-124.18060232000001,40.782061300000002
8022651,2016,2017-02-11,1203,2016-03-24,0818,4054,1203,4,5,4,1203,0,0,0,,0,001,"RT 101","U ST",1.00,E,N,B,-,Y,HUM,1,101,-,-,79.360,H,-,S,Y,4,0,1,2,A,-,03,22350,,N,C,C,A,B,H,-,A,D,0,,,,,Y,,A,01,0,0,1,0,0,0,0,0,0,"- ","- ",,,HUMBOLDT,EUREKA,-124.15012978999999,40.804677089999998
8022694,2016,2016-04-20,1203,2016-03-21,1832,4049,,1,5,4,1203,0,0,0,,0,003,HARRIS,"P ST",57.00,E,N,C,-,N,,,,,,,,,,Y,4,0,1,3,A,-,03,22350,,N,C,C,A,B,H,-,B,D,0,,,,,Y,,A,07,0,0,1,0,0,0,0,0,0,"- ","- ",,,HUMBOLDT,EUREKA,-124.15223414,40.78039192
8023049,2016,2016-04-22,1203,2016-02-04,0931,4054,1203,4,5,4,1203,0,0,0,,0,001,"7TH ST","E ST",99.00,E,N,A,-,N,,,,,,,,,,Y,4,0,1,1,A,-,08,22107,,N,E,I,A,A,H,-,A,A,0,,,,,Y,,A,08,0,0,1,0,0,0,0,0,0,"- ","- ",,,HUMBOLDT,EUREKA,-124.16631771,40.800196970000002
8023053,2016,2016-04-22,1203,2016-02-13,0056,4039,1203,6,5,4,1203,0,0,0,,0,001,CALIFORNIA,CLARK,68.00,S,N,A,-,N,,,,,,,,,,Y,2,0,1,2,A,-,01,23152,A,N,C,E,A,A,H,-,C,D,0,,,,,Y,Y,A,07,1,0,0,0,0,0,0,0,0,"- ","- ",,,HUMBOLDT,EUREKA,-124.17184225,40.796383319999997
8023238,2016,2016-04-25,1203,2016-01-26,1430,4049,,2,5,4,1203,0,0,0,,0,002,GLEN,MCDONALD,33.00,S,N,B,-,N,,,,,,,,,,Y,4,0,1,2,A,-,08,22107,,N,C,C,A,A,H,-,A,D,0,,,,,Y,,A,07,0,0,1,0,0,0,0,0,0,"- ","- ",,,HUMBOLDT,EUREKA,-124.18347,40.777969400000003
8026194,2015,2016-04-22,1203,2015-09-20,1750,4038,,7,5,4,1203,0,0,0,,0,003,BUHNE,"C ST",86.00,E,N,A,-,N,,,,,,,,,,N,3,0,1,2,A,-,08,22107,,N,A,G,A,A,H,-,A,D,0,,Y,,,Y,,L,04,0,1,0,0,0,0,1,0,0,"- ","- ",,,HUMBOLDT,EUREKA,-124.16835937,40.7861817
8030030,2016,2017-02-18,1203,2016-04-09,1327,4031,,6,5,4,1203,0,0,0,,0,002,"RT 101",HARRIS,112.00,S,N,B,-,Y,HUM,1,101,-,-,76.295,I,5,N,N,4,0,1,2,A,-,12,21453,A,N,G,B,B,A,H,-,A,A,0,Y,,,,Y,,A,07,0,0,1,0,1,0,0,0,0,"- ","- ",,,HUMBOLDT,EUREKA,-124.18756404,40.778934409999998
8030221,2016,2016-04-29,1203,2016-03-28,0730,SNOW,,1,5,4,1203,0,0,0,,0,002,MCCULLEN,BROADWAY,27.00,W,N,A,-,N,,,,,,,,,,N,4,0,1,3,A,-,03,22350,,N,C,C,A,A,H,-,B,A,0,,,,,Y,,A,07,0,0,1,0,0,0,0,0,0,"- ","- ",,,HUMBOLDT,EUREKA,-124.19068749,40.774228579999999
8033757,2016,2016-05-24,1203,2016-01-13,1729,4049,,3,5,4,1203,0,0,0,,0,002,CALIFORNIA,BUHNE,3.00,S,N,A,-,N,,,,,,,,,,N,3,0,1,3,A,-,10,21950,A,N,D,B,B,A,H,-,C,A,0,Y,,,,Y,,A,01,0,1,0,0,1,0,0,0,0,"- ","- ",,,HUMBOLDT,EUREKA,-124.17195,40.786191760000001
8033761,2016,2017-02-18,1203,2016-04-18,2150,4009,,1,5,4,1203,0,0,0,,0,001,"RT 101","E ST",0.00,,Y,A,-,Y,HUM,1,101,-,-,78.454,I,5,N,Y,4,0,2,2,A,-,12,21453,A,N,D,C,A,A,H,-,C,A,0,,,,,Y,,-,"- ",0,0,2,0,0,0,0,0,0,"- ","- ",,,HUMBOLDT,EUREKA,-124.16705291,40.80175363
8039288,2016,2016-06-01,1205,2016-04-06,0908,0132,,3,5,3,1205,0,0,0,,0,,"LAWNDALE DR","SHAMROCK DR",0.00,,Y,A,-,N,,,,,,,,,,N,3,0,1,2,A,-,"- ",,,N,G,B,-,A,H,-,A,D,0,Y,,,,Y,,N,60,0,1,0,0,1,0,0,0,0,"- ","- ",40.588050000000003,-124.14458,HUMBOLDT,FORTUNA,-124.14456998,40.588059919999999
8039292,2016,2016-06-01,1205,2016-04-04,1522,0132,"1 03",1,5,3,1205,0,0,0,,0,,"FORTUNA BL","NEWBURG RD",0.00,,Y,A,-,N,,,,,,,,,,N,3,0,1,2,A,-,10,21950,,M,G,B,B,A,H,-,A,A,0,Y,,,,Y,,A,07,0,1,0,0,1,0,0,0,0,"- ","- ",40.588679999999997,-124.14716,HUMBOLDT,FORTUNA,-124.14686501,40.588573750000002
8039912,2015,2017-02-01,1203,2015-12-23,1838,4054,,3,5,4,1203,0,0,0,,0,001,"RT 101",R,5.00,W,N,B,C,Y,HUM,1,101,-,-,79.169,I,5,S,N,4,0,1,3,A,-,12,21453,A,N,C,C,A,B,H,-,C,A,0,,Y,,,Y,,L,04,0,0,1,0,0,0,1,0,0,"- ","- ",,,HUMBOLDT,EUREKA,-124.15364249,40.804698690000002
8040293,2016,2017-02-18,1203,2016-04-25,1112,4044,,1,5,4,1203,0,0,0,,0,001,"RT 101","I ST",140.00,E,N,A,-,Y,HUM,1,101,-,-,78.710,H,-,N,N,4,0,1,2,A,-,07,21658,A,N,B,C,A,A,H,-,A,A,0,,,,,Y,,D,22,0,0,1,0,0,0,0,0,0,"- ","- ",,,HUMBOLDT,EUREKA,-124.16220652,40.802432080000003
8040297,2016,2016-05-17,1203,2016-03-28,1307,496,,1,5,4,1203,0,0,0,,0,003,HARRIS,"T ST",0.00,W,N,A,-,N,,,,,,,,,,N,4,0,1,3,A,-,03,22350,,N,C,C,A,A,H,-,A,D,0,,,,,Y,,D,22,0,0,1,0,0,0,0,0,0,"- ","- ",,,HUMBOLDT,EUREKA,-124.14809990000001,40.78039991
8040322,2016,2016-05-13,1203,2016-04-11,1040,4008,,1,5,4,1203,0,0,0,,0,003,HARRISON,"RUSS ST",0.00,,Y,B,-,N,,,,,,,,,,Y,4,0,1,2,A,-,09,21801,A,N,A,C,A,A,H,-,A,D,0,,,,,Y,,A,01,0,0,1,0,0,0,0,0,0,"- ","- ",,,HUMBOLDT,EUREKA,-124.13964992,40.781989950000003
8041649,2016,2017-02-18,1203,2016-04-12,1736,4045,HUMBO,2,5,4,1203,0,0,0,,0,002,BAYSHORE,"RT 101",72.00,W,N,A,-,Y,HUM,1,101,-,-,76.560,I,5,S,Y,3,0,1,1,A,-,07,21658,A,N,F,A,A,A,H,-,A,D,0,,,,,Y,,A,07,0,1,0,0,0,0,0,0,0,"- ","- ",,,HUMBOLDT,EUREKA,-124.18447277999999,40.781918730000001
8042035,2016,2016-06-01,1203,2016-05-25,0448,464,,3,5,4,1203,0,0,0,,0,,HENDERSON,A,95.00,E,N,B,-,N,,,,,,,,,,Y,4,0,1,2,A,-,08,22107,,N,C,E,A,A,H,-,C,D,0,,,,,Y,,A,01,0,0,1,0,0,0,0,0,0,"- ","- ",,,HUMBOLDT,EUREKA,-124.17056689,40.782916970000002
8042107,2016,2016-06-02,1203,2016-05-23,0100,4019,,1,5,4,1203,0,0,0,,0,002,SPRING,WABASH,5.00,S,N,B,-,N,,,,,,,,,,N,4,0,1,2,A,-,12,22450,A,F,G,B,B,A,H,-,C,A,0,Y,,,,Y,,A,01,0,0,1,0,1,0,0,0,0,"- ","- ",,,HUMBOLDT,EUREKA,-124.17716033000001,40.791506269999999
8044213,2016,2017-02-08,1203,2016-03-17,1825,4036,,4,5,4,1203,0,0,0,,0,001,5TH,"L ST",0.00,,Y,A,-,Y,HUM,1,101,-,-,78.860,I,5,N,Y,3,0,1,2,A,-,12,21453,A,N,D,C,A,A,H,-,A,A,0,,,,,Y,,A,07,0,1,0,0,0,0,0,0,0,"- ","- ",,,HUMBOLDT,EUREKA,-124.15941925999999,40.802823599999996
8044495,2016,2017-02-18,1203,2016-05-11,1222,4054,1203,3,5,4,1203,0,0,0,,0,001,"RT 101","V ST",0.00,,Y,A,-,Y,HUM,1,101,-,-,79.403,I,5,N,Y,4,0,2,3,A,-,12,21453,A,N,D,C,A,A,H,-,A,A,0,,,,,Y,,A,01,0,0,2,0,0,0,0,0,0,"- ","- ",,,HUMBOLDT,EUREKA,-124.14927921,40.803851760000001
8044779,2016,2016-05-31,1205,2016-02-25,1934,0114,2032,4,5,3,1205,0,0,0,,0,,"S FORTUNA BL","S FORTUNA BL 719",0.00,,-,A,-,N,,,,,,,,,,N,3,0,2,3,A,-,10,21950,A,N,G,B,C,A,H,-,C,D,0,Y,,,,Y,,A,01,0,1,1,0,2,0,0,0,0,"- ","- ",40.584479999999999,-124.1469,HUMBOLDT,FORTUNA,-124.14669155999999,40.583501750000003
8045468,2016,2016-05-24,1205,2016-03-28,1040,0133,,1,5,3,1205,0,0,0,,0,,"KENMAR RD","S FORTUNA BL",6.00,W,N,A,-,N,,,,,,,,,,N,4,0,1,2,A,-,04,21703,,N,C,C,A,A,H,-,A,A,0,,,,,Y,,A,71,0,0,1,0,0,0,0,0,0,"- ","- ",40.577080000000002,-124.14637,HUMBOLDT,FORTUNA,-124.146378,40.577094000000002
8045487,2016,2016-05-25,1203,2016-05-06,1548,4044,,5,5,4,1203,0,0,0,,0,003,"E ST",GROTTO,110.00,N,N,B,-,N,,,,,,,,,,Y,3,0,1,2,A,-,09,21804,A,N,D,C,A,A,H,-,A,D,0,,,,,Y,,A,01,0,1,0,0,0,0,0,0,0,"- ","- ",,,HUMBOLDT,EUREKA,-124.16467509,40.781951980000002
8045488,2016,2016-05-25,1205,2016-04-25,1546,0112,1-03,1,5,3,1205,0,0,0,,0,,"12TH ST","LONI DR",100.00,S,N,A,-,N,,,,,,,,,,N,4,0,1,3,A,-,04,21703,,N,C,C,A,A,H,-,A,D,0,,,,,Y,,D,72,0,0,1,0,0,0,0,0,0,"- ","- ",40.591839999999998,-124.15421000000001,HUMBOLDT,FORTUNA,-124.15448877999999,40.591885439999999
8049522,2016,2016-06-21,1203,2016-05-03,1104,4011,,2,5,4,1203,0,0,0,,0,001,"H ST",7TH,18.00,N,N,B,-,N,,,,,,,,,,Y,3,0,2,2,A,-,12,21453,A,N,D,C,A,A,H,-,A,A,0,,,,Y,Y,,F,26,0,1,1,0,0,0,0,0,0,"- ","- ",,,HUMBOLDT,EUREKA,-124.16342132,40.800638659999997
8049593,2016,2016-06-09,1203,2016-05-02,1116,4011,,1,5,4,1203,0,0,0,,0,003,"RUSS ST","G ST",16.00,W,N,A,-,N,,,,,,,,,,Y,3,0,1,2,A,-,12,22450,A,N,D,C,A,A,H,-,A,A,0,,,,,Y,,D,22,0,1,0,0,0,0,0,0,0,"- ","- ",,,HUMBOLDT,EUREKA,-124.16249779,40.782030519999999
8049754,2016,2016-06-07,1203,2016-05-14,2137,ALTIC,HUMBO,6,5,4,1203,0,0,0,,0,003,HARRIS,DOLBEER,202.00,W,N,B,-,N,,,,,,,,,,Y,4,0,1,1,A,-,08,22107,,N,E,I,A,A,H,-,C,D,0,,,,,Y,,A,07,0,0,1,0,0,0,0,0,0,"- ","- ",,,HUMBOLDT,EUREKA,-124.1427995,40.780478049999999
8049758,2016,2016-06-07,1203,2016-05-25,1321,4054,1203,3,5,4,1203,0,0,0,,0,001,"7TH ST","N ST",0.00,,Y,A,-,N,,,,,,,,,,Y,4,0,1,2,A,-,09,21802,A,N,D,C,A,A,H,-,A,A,0,,,,,Y,,A,07,0,0,1,0,0,0,0,0,0,"- ","- ",,,HUMBOLDT,EUREKA,-124.1568999,40.80150999
8051153,2016,2016-06-02,1201,2016-04-26,0000,546,109,2,5,3,1201,0,0,0,,0,00N,"16TH ST","H ST",0.00,,Y,A,-,N,,,,,,,,,,N,3,0,1,2,A,-,10,21950,A,N,G,B,B,A,H,-,A,D,0,Y,,,,Y,,A,01,0,1,0,0,1,0,0,0,0,"- ","- ",40.874580000000002,-124.08472,HUMBOLDT,ARCATA,-124.08470995,40.874579930000003
8051157,2016,2016-06-02,1201,2016-04-20,0806,521,404,3,5,3,1201,0,0,0,,0,00S,"DR MARTIN LUTHER KING JR PKWY","UNION ST",0.00,,Y,A,-,N,,,,,,,,,,N,3,0,2,2,A,-,03,22350,,N,H,G,A,A,H,-,A,D,0,,Y,,,Y,,-,,0,1,1,0,0,0,2,0,0,"- ","- ",40.863349999999997,-124.07795,HUMBOLDT,ARCATA,-124.07714995000001,40.863939979999998
8051161,2016,2016-06-02,1201,2016-04-04,1435,552,105,1,5,3,1201,0,0,0,,0,00N,"SPEAR AV","ALLIANCE RD",1056.00,W,N,A,-,N,,,,,,,,,,N,3,0,1,2,A,-,00,22804,A,N,D,C,A,A,H,-,A,D,0,,,Y,,Y,,A,01,0,1,0,0,0,0,0,0,1,"- ","- ",40.89188,-124.09182,HUMBOLDT,ARCATA,-124.09071308999999,40.891699670000001