CASE_ID,ACCIDENT_YEAR,PROC_DATE,JURIS,COLLISION_DATE,COLLISION_TIME,OFFICER_ID,REPORTING_DISTRICT,DAY_OF_WEEK,CHP_SHIFT,POPULATION,CNTY_CITY_LOC,SPECIAL_COND,BEAT_TYPE,CHP_BEAT_TYPE,CITY_DIVISION_LAPD,CHP_BEAT_CLASS,BEAT_NUMBER,PRIMARY_RD,SECONDARY_RD,DISTANCE,DIRECTION,INTERSECTION,WEATHER_1,WEATHER_2,STATE_HWY_IND,CALTRANS_COUNTY,CALTRANS_DISTRICT,STATE_ROUTE,ROUTE_SUFFIX,POSTMILE_PREFIX,POSTMILE,LOCATION_TYPE,RAMP_INTERSECTION,SIDE_OF_HWY,TOW_AWAY,COLLISION_SEVERITY,NUMBER_KILLED,NUMBER_INJURED,PARTY_COUNT,PRIMARY_COLL_FACTOR,PCF_CODE_OF_VIOL,PCF_VIOL_CATEGORY,PCF_VIOLATION,PCF_VIOL_SUBSECTION,HIT_AND_RUN,TYPE_OF_COLLISION,MVIW,PED_ACTION,ROAD_SURFACE,ROAD_COND_1,ROAD_COND_2,LIGHTING,CONTROL_DEVICE,CHP_ROAD_TYPE,PEDESTRIAN_ACCIDENT,BICYCLE_ACCIDENT,MOTORCYCLE_ACCIDENT,TRUCK_ACCIDENT,NOT_PRIVATE_PROPERTY,ALCOHOL_INVOLVED,STWD_VEHTYPE_AT_FAULT,CHP_VEHTYPE_AT_FAULT,COUNT_SEVERE_INJ,COUNT_VISIBLE_INJ,COUNT_COMPLAINT_PAIN,COUNT_PED_KILLED,COUNT_PED_INJURED,COUNT_BICYCLIST_KILLED,COUNT_BICYCLIST_INJURED,COUNT_MC_KILLED,COUNT_MC_INJURED,PRIMARY_RAMP,SECONDARY_RAMP,LATITUDE,LONGITUDE,COUNTY,CITY,POINT_X,POINT_Y
81944243,2022,2022-12-16,1203,2022-11-06,1324,4045,P56,7,5,4,1203,0,0,0,,0,003,"HARRIS ST","E ST",25.00,E,-,A,-,N,,,,,,,,,,N,4,0,1,2,A,-,08,22107,,N,C,C,A,A,H,-,A,A,0,,,,,Y,,A,01,0,0,1,0,0,0,0,0,0,"- ","- ",40.780441284179688,-124.16462707519531,HUMBOLDT,EUREKA,-124.16459655761719,40.780437469482422
81944251,2022,2022-12-16,1203,2022-12-10,1844,4106,P57,6,5,4,1203,0,0,0,,0,003,"H ST","HARRIS ST",0.00,,Y,C,-,N,,,,,,,,,,N,4,0,1,2,A,-,17,21657,,N,G,B,E,B,C,-,C,A,0,Y,,,,Y,,A,01,0,0,1,0,1,0,0,0,0,"- ","- ",40.780391693115234,-124.16133880615234,HUMBOLDT,EUREKA,-124.16134643554688,40.780376434326172
81944263,2022,2022-12-16,1203,2022-12-08,1208,4124,P32,4,5,4,1203,0,0,0,,0,002,"W WABASH AV","CALIFORNIA ST",0.00,,Y,A,-,N,,,,,,,,,,N,3,0,2,2,A,-,09,21801,A,N,D,C,A,A,H,-,A,D,0,,,,,Y,,A,07,0,2,0,0,0,0,0,0,0,"- ","- ",40.791481018066406,-124.17186737060547,HUMBOLDT,EUREKA,-124.17192840576172,40.791492462158203
81946150,2022,2022-12-19,1203,2022-12-18,1249,4030,P54,7,5,4,1203,0,0,0,,0,002,"W HENDERSON ST","CALIFORNIA ST",0.00,,Y,A,-,N,,,,,,,,,,N,3,0,1,2,A,-,00,21960,,N,G,B,B,A,H,-,A,A,0,Y,,,,Y,,D,72,0,1,0,0,1,0,0,0,0,"- ","- ",40.782928466796875,-124.17196655273438,HUMBOLDT,EUREKA,-124.17196655273438,40.782924652099609
81946729,2022,2022-12-20,1203,2022-11-26,2322,4075,P63,6,5,4,1203,0,0,0,,0,003,"I ST","HARRIS ST",0.00,,Y,A,-,N,,,,,,,,,,N,3,0,1,2,A,-,11,21954,A,N,G,B,D,A,H,-,C,D,0,Y,,,,Y,,N,60,0,1,0,0,1,0,0,0,0,"- ","- ",40.780391693115234,-124.16133880615234,HUMBOLDT,EUREKA,-124.16017913818359,40.780368804931641
81946774,2022,2022-12-20,1203,2022-11-29,0741,0491,P54,2,5,4,1203,0,0,0,,0,002,"A ST","GROTTO ST",0.00,,Y,A,-,N,,,,,,,,,,N,3,0,1,2,A,-,09,21802,A,N,D,C,A,A,H,-,A,A,0,,,,,Y,,A,01,0,1,0,0,0,0,0,0,0,"- ","- ",40.781700134277344,-124.17086791992188,HUMBOLDT,EUREKA,-124.17092895507812,40.781681060791016
81946812,2022,2022-12-20,1203,2022-12-04,1347,4130,P37,7,5,4,1203,0,0,0,,0,002,"BROADWAY ST","VIGO ST",0.00,,Y,A,-,N,,,,,,,,,,N,3,0,1,2,A,-,03,22350,,N,C,C,A,B,H,-,A,A,0,,,,,Y,,A,07,0,1,0,0,0,0,0,0,0,"- ","- ",40.784370422363281,-124.1827392578125,HUMBOLDT,EUREKA,-124.18264770507812,40.784374237060547
81947939,2022,2023-02-09,1203,2022-11-14,1855,4076,P19,1,5,4,1203,0,0,0,,0,001,"FOURTH ST","R ST",178.00,E,-,A,-,Y,HUM,,101,,,79.210,H,,L,N,2,0,1,2,A,-,00,21954,,N,G,B,D,A,H,-,C,D,0,Y,,,,Y,,N,60,1,0,0,0,1,0,0,0,0,"- ","- ",40.804698944091797,-124.15293884277344,HUMBOLDT,EUREKA,-124.15293884277344,40.804718017578125
81947948,2022,2022-12-21,1203,2022-12-13,1302,4044,P56,2,5,4,1203,0,0,0,,0,003,"HARRIS ST","F ST",47.00,W,-,A,-,N,,,,,,,,,,N,2,0,1,3,A,-,17,22517,,N,B,E,A,A,H,-,A,D,0,,,Y,,Y,,A,01,1,0,0,0,0,0,0,0,1,"- ","- ",40.780429840087891,-124.16355895996094,HUMBOLDT,EUREKA,-124.16375732421875,40.780429840087891
81948073,2022,2022-12-21,1203,2022-11-21,1708,4136,P22,1,5,4,1203,0,0,0,,0,001,"BROADWAY ST","W HAWTHORNE ST",0.00,,Y,A,-,N,,,,,,,,,,N,3,0,3,2,A,-,04,21703,,M,C,C,A,A,H,-,C,A,0,,,,,Y,,A,01,0,3,0,0,0,0,0,0,0,"- ","- ",40.797599792480469,-124.17472839355469,HUMBOLDT,EUREKA,-124.1798095703125,40.789054870605469
81948083,2022,2022-12-21,1203,2022-12-08,1059,4068,P16,4,5,4,1203,0,0,0,,0,001,"SIXTH ST","F ST",0.00,,Y,C,-,N,,,,,,,,,,Y,4,0,1,2,A,-,09,21802,A,N,D,C,A,B,H,-,A,A,0,,,,,Y,,A,01,0,0,1,0,0,0,0,0,0,"- ","- ",40.801090240478516,-124.16577911376953,HUMBOLDT,EUREKA,-124.16581726074219,40.801078796386719
81953155,2022,2022-12-27,1203,2022-11-23,1503,4103,P57,3,5,4,1203,0,0,0,,0,003,"HARRIS ST","N ST",0.00,,Y,A,-,N,,,,,,,,,,Y,4,0,1,3,A,-,05,21650,,N,A,C,A,A,H,-,A,D,0,,,,,Y,,A,01,0,0,1,0,0,0,0,0,0,"- ","- ",40.780349731445312,-124.15457916259766,HUMBOLDT,EUREKA,-124.15457916259766,40.780342102050781
81954540,2022,2022-12-28,1203,2022-12-16,1719,4124,P17,5,5,4,1203,0,0,0,,0,001,"FOURTH ST","K ST",0.00,,Y,A,-,Y,HUM,,101,,,78.735,H,,L,Y,3,0,2,2,A,-,09,21802,,N,D,D,A,A,H,-,C,D,0,,,,,Y,,A,08,0,2,0,0,0,0,0,0,0,"- ","- ",40.803379058837891,-124.16179656982422,HUMBOLDT,EUREKA,-124.16180419921875,40.803394317626953
81958386,2022,2023-01-03,1203,2022-12-05,1357,4101,P19,1,5,4,1203,0,0,0,,0,001,"V ST","FOURTH ST",0.00,,Y,A,-,Y,HUM,,101,,,79.420,H,,L,N,3,0,1,3,A,-,12,21453,,N,A,C,F,A,H,-,A,A,0,Y,,,,Y,,A,01,0,1,0,0,1,0,0,0,0,"- ","- ",40.804889678955078,-124.14898681640625,HUMBOLDT,EUREKA,-124.14899444580078,40.804698944091797
81958782,2022,2023-01-03,1203,2022-12-31,2308,4075,P19,6,5,4,1203,0,0,0,,0,001,"V ST","SIXTH ST",5.00,N,-,A,-,N,,,,,,,,,,N,2,0,1,2,A,-,11,21954,A,N,G,B,B,A,H,-,C,D,0,Y,,,,Y,Y,N,60,1,0,0,0,1,0,0,0,0,"- ","- ",40.803050994873047,-124.14933013916016,HUMBOLDT,EUREKA,-124.14937591552734,40.803031921386719
81959903,2022,2023-01-04,1203,2022-12-14,1700,4136,P11,3,5,4,1203,0,0,0,,0,001,"RT 101","AIRPORT RD",0.00,,Y,A,-,Y,HUM,,101,,,80.856,H,,R,Y,3,0,1,3,A,-,16,24002,,N,C,C,A,A,H,-,B,D,0,,,,,Y,,A,01,0,1,0,0,0,0,0,0,0,"- ","- ",40.805801391601562,-124.12229919433594,HUMBOLDT,EUREKA,-124.12220764160156,40.805641174316406
81959942,2022,2023-01-04,1203,2022-12-27,2030,4124,P16,2,5,4,1203,0,0,0,,0,001,"FIFTH ST","E ST",0.00,,Y,B,-,Y,HUM,,101,,,78.455,H,,R,N,2,0,1,2,A,-,10,21950,A,N,G,B,B,A,H,-,C,A,0,Y,,,,Y,,A,07,1,0,0,0,1,0,0,0,0,"- ","- ",40.801780700683594,-124.16705322265625,HUMBOLDT,EUREKA,-124.16705322265625,40.801784515380859
81961640,2022,2023-01-06,1203,2022-12-23,1908,4130,P20,5,5,4,1203,0,0,0,,0,003,"MYRTLE AVE","COUSINS ST",50.00,W,-,A,-,N,,,,,,,,,,N,3,0,2,2,A,-,08,22107,,N,B,C,A,A,H,-,C,D,0,,,,,Y,,A,01,0,2,0,0,0,0,0,0,0,"- ","- ",40.800228118896484,-124.14920806884766,HUMBOLDT,EUREKA,-124.14915466308594,40.800186157226562
8196258,2016,2017-02-15,1203,2016-10-08,1721,4063,,6,5,4,1203,0,0,0,,0,002,BROADWAY,"BROADWAY 4325",0.00,,N,A,-,Y,HUM,1,101,-,-,75.230,H,-,N,Y,4,0,2,2,A,-,04,21703,,N,C,C,A,A,H,-,A,A,0,,,,,Y,,A,07,0,0,2,0,0,0,0,0,0,"- ","- ",,,HUMBOLDT,EUREKA,-124.19119001,40.76445047
8196267,2016,2016-12-27,1203,2016-10-28,1637,4031,,5,5,4,1203,0,0,0,,0,003,HARRIS,T,0.00,,Y,A,-,N,,,,,,,,,,N,4,0,1,2,A,-,03,22350,,M,C,C,A,A,H,-,A,A,0,,,,,Y,Y,A,01,0,0,1,0,0,0,0,0,0,"- ","- ",,,HUMBOLDT,EUREKA,-124.14809990000001,40.78039991
81964529,2022,2023-01-10,1203,2022-12-09,1909,4045,P51,5,5,4,1203,0,0,0,,0,002,"BROADWAY ST","TRUESDALE ST",100.00,N,-,A,-,Y,,,,,,,,,,Y,4,0,2,2,A,-,12,21453,,N,D,C,A,A,H,-,C,A,0,,,,,Y,,A,01,0,0,2,0,0,0,0,0,0,"- ","- ",40.791038513183594,-124.18251037597656,HUMBOLDT,EUREKA,-124.19029235839844,40.775871276855469
81966498,2023,2023-01-12,1203,2023-01-10,1437,0496,P56,2,5,4,1203,0,0,0,,0,003,"HARRIS ST","F ST",0.00,,Y,B,-,N,,,,,,,,,,Y,3,0,1,3,A,-,01,23152,A,N,D,C,A,B,H,-,A,A,0,,,,,Y,Y,D,72,0,1,0,0,0,0,0,0,0,"- ","- ",40.780429840087891,-124.16355895996094,HUMBOLDT,EUREKA,-124.16358947753906,40.780429840087891
81969632,2023,2023-01-17,1203,2023-01-10,2155,4038,P16,2,5,4,1203,0,0,0,,0,001,"SIXTH ST","E ST",0.00,,Y,A,-,N,,,,,,,,,,Y,2,0,2,2,A,-,12,21453,A,N,D,C,A,A,H,-,C,A,0,,,,,Y,,A,07,1,0,1,0,0,0,0,0,0,"- ","- ",40.800941467285156,-124.16684722900391,HUMBOLDT,EUREKA,-124.16686248779297,40.800941467285156
81969685,2023,2023-01-17,1203,2023-01-08,"828 ",4124,P47,7,5,4,1203,0,0,0,,0,003,"E ST","HENDERSON ST",0.00,,Y,A,-,N,,,,,,,,,,Y,4,0,1,2,A,-,12,21453,A,N,D,C,A,B,H,-,A,A,0,,,,,Y,,A,07,0,0,1,0,0,0,0,0,0,"- ","- ",40.783309936523438,-124.16454315185547,HUMBOLDT,EUREKA,-124.16466522216797,40.782878875732422
81975746,2023,2023-01-24,1203,2023-01-12,"443 ",4038,P16,4,5,4,1203,0,0,0,,0,001,"SEVENTH ST","G ST",78.00,W,-,C,-,N,,,,,,,,,,Y,4,0,1,1,A,-,08,22107,,N,E,I,A,B,H,-,C,D,0,,,,,Y,,A,01,0,0,1,0,0,0,0,0,0,"- ","- ",40.800590515136719,-124.16481781005859,HUMBOLDT,EUREKA,-124.164794921875,40.800403594970703
8197681,2016,2017-01-12,1201,2016-11-01,1605,628,405,2,5,3,1201,0,0,0,,0,00S,"BEVERLY DR","BUTTERMILK LN",92.00,N,N,A,-,N,,,,,,,,,,N,3,0,1,2,A,-,11,21954,A,N,G,B,D,A,H,-,A,D,0,Y,,,,Y,,N,60,0,1,0,0,1,0,0,0,0,"- ","- ",40.857770000000002,-124.06895,HUMBOLDT,ARCATA,-124.06869220999999,40.857631429999998
8197685,2016,2017-01-12,1201,2016-11-06,1820,606,201,7,5,3,1201,0,0,0,,0,0VW,"VALLEY WEST BL","GIUNTOLI BL",150.00,S,N,A,-,N,,,,,,,,,,Y,2,0,2,2,A,-,01,23153,A,N,A,C,A,A,H,-,C,D,0,,,,,Y,Y,A,01,1,1,0,0,0,0,0,0,0,"- ","- ",40.904989999999998,-124.08302,HUMBOLDT,ARCATA,-124.08297435999999,40.904628199999998
8197784,2016,2017-01-06,1201,2016-11-28,0637,442,302,1,5,3,1201,0,0,0,,0,00S,"ALLIANCE RD","15TH ST",0.00,,Y,C,-,N,,,,,,,,,,Y,4,0,1,2,A,-,09,21804,,N,D,C,A,B,H,-,E,D,0,,,,,Y,,A,07,0,0,1,0,0,0,0,0,0,"- ","- ",40.874830000000003,-124.09022,HUMBOLDT,ARCATA,-124.09028986,40.874939990000001
8197796,2016,2017-01-06,1201,2016-11-25,1851,606,401,5,5,3,1201,0,0,0,,0,00S,"PARK AV","FICKLE HILL RD",0.00,,Y,C,-,N,,,,,,,,,,N,3,0,2,1,A,-,08,22107,,N,E,I,A,B,H,-,C,D,0,,,,,Y,,A,01,0,1,1,0,0,0,0,0,0,"- ","- ",40.867739999999998,-124.07402999999999,HUMBOLDT,ARCATA,-124.07410996999999,40.867759890000002
8197804,2016,2017-01-06,1201,2016-11-15,1802,447,207,2,5,3,1201,0,0,0,,0,00N,"LAKEWOOD BL","CALIFORNIA AV",0.00,,Y,A,-,N,,,,,,,,,,N,4,0,1,2,A,-,10,21950,A,F,G,B,B,A,H,-,C,D,0,Y,,,,Y,,A,01,0,0,1,0,1,0,0,0,0,"- ","- ",40.879840000000002,-124.06896999999999,HUMBOLDT,ARCATA,-124.08019993000001,40.883189950000002
8197808,2016,2017-01-06,1201,2016-11-17,1613,599,306,4,5,3,1201,0,0,0,,0,0DT,"13TH ST","H ST",0.00,,Y,A,-,N,,,,,,,,,,N,4,0,1,3,A,-,10,21950,A,N,G,B,B,A,H,-,A,D,0,Y,,,,Y,,A,08,0,0,1,0,1,0,0,0,0,"- ","- ",40.871699999999997,-124.08525,HUMBOLDT,ARCATA,-124.08558988999999,40.872250000000001
8197824,2016,2017-01-06,1201,2016-11-13,1809,589,105,7,5,3,1201,0,0,0,,0,00N,"ALLIANCE RD","27TH ST",13.00,S,N,A,-,N,,,,,,,,,,Y,3,0,4,2,A,-,05,21650,,N,A,C,A,A,H,-,C,D,0,,,,,Y,Y,A,01,0,2,2,0,0,0,0,0,0,"- ","- ",40.886609999999997,-124.08875999999999,HUMBOLDT,ARCATA,-124.08880871,40.886587259999999
81983034,2023,2023-01-31,1203,2023-01-24,1831,4130,P53,2,5,4,1203,0,0,0,,0,002,"OCEAN AVE","HENDERSON ST",0.00,,Y,A,-,N,,,,,,,,,,N,2,0,1,2,A,-,10,21950,,F,G,B,B,A,H,-,C,A,0,Y,,,,Y,,A,07,1,0,0,0,1,0,0,0,0,"- ","- ",40.781711578369141,-124.18154907226562,HUMBOLDT,EUREKA,-124.18148040771484,40.781852722167969
81983061,2023,2023-01-31,1203,2023-01-04,1839,4105,P37,3,5,4,1203,0,0,0,,0,002,"W DEL NORTE ST","KOSTER ST",0.00,,Y,B,-,N,,,,,,,,,,N,2,0,1,2,A,-,11,21954,A,N,G,B,D,B,H,-,D,D,0,Y,,,,Y,Y,N,60,1,0,0,0,1,0,0,0,0,"- ","- ",40.7906494140625,-124.17913055419922,HUMBOLDT,EUREKA,-124.17913818359375,40.790691375732422
81983105,2023,2023-01-31,1203,2023-01-26,2500,4124,P53,4,5,4,1203,0,0,0,,0,002,"W HARRIS ST","PROSPECT AV",0.00,,Y,A,-,N,,,,,,,,,,N,3,0,1,2,A,-,09,21802,A,F,H,G,A,A,H,-,D,D,0,,Y,,,Y,,A,08,0,1,0,0,0,0,1,0,0,"- ","- ",40.781688690185547,-124.1781005859375,HUMBOLDT,EUREKA,-124.17893981933594,40.780548095703125
81983113,2023,2023-01-31,1203,2023-01-28,2319,4146,P50,6,5,4,1203,0,0,0,,0,003,"HARRIS ST","W ST",0.00,,Y,C,-,N,,,,,,,,,,Y,2,0,2,2,A,-,01,23152,A,N,E,J,A,B,H,-,C,A,0,,,,,Y,Y,A,01,2,0,0,0,0,0,0,0,0,"- ","- ",40.780399322509766,-124.1444091796875,HUMBOLDT,EUREKA,-124.14446258544922,40.780403137207031
81983194,2023,2023-01-31,1203,2023-01-18,1543,4044,P17,3,5,4,1203,0,0,0,,0,001,"FOURTH ST","I ST",0.00,,Y,A,-,N,,,,,,,,,,Y,3,0,1,3,A,-,12,21453,A,N,D,C,A,B,H,-,A,A,0,,,,,Y,,D,73,0,1,0,0,0,0,0,0,0,"- ","- ",40.803230285644531,-124.16288757324219,HUMBOLDT,EUREKA,-124.16291809082031,40.803237915039062
81983277,2023,2023-01-31,1203,2023-01-26,1623,4147,P53,4,5,4,1203,0,0,0,,0,002,"W HARRIS ST","SPRING ST",432.00,W,-,A,-,N,,,,,,,,,,N,4,0,1,2,A,-,01,23153,,F,D,C,A,A,H,-,A,A,0,,,,,Y,Y,A,07,0,0,1,0,0,0,0,0,0,"- ","- ",40.795669555664062,-124.17500305175781,HUMBOLDT,EUREKA,-124.17891693115234,40.780548095703125
81983899,2023,2023-02-01,1203,2023-01-31,"528 ",4045,P57,2,5,4,1203,0,0,0,,0,003,"H ST","HARRIS ST",0.00,,Y,A,-,N,,,,,,,,,,Y,3,0,1,2,A,-,01,23153,B,N,D,C,A,A,H,-,C,A,0,,,Y,,Y,Y,C,02,0,1,0,0,0,0,0,0,0,"- ","- ",40.780391693115234,-124.16133880615234,HUMBOLDT,EUREKA,-124.16134643554688,40.780376434326172
81983906,2023,2023-02-01,1203,2023-01-08,"5   ",4045,P52,7,5,4,1203,0,0,0,,0,002,"BROADWAY ST","BAYSHORE WAY",590.00,S,-,C,-,Y,,,,,,,,,,Y,2,0,6,2,A,-,01,23153,A,N,A,C,A,B,H,-,C,D,0,,,,,Y,Y,A,01,1,5,0,0,0,0,0,0,0,"- ","- ",40.781410217285156,-124.18533325195312,HUMBOLDT,EUREKA,-124.18540954589844,40.780532836914062
81985882,2023,2023-02-03,1203,2023-01-22,2150,4044,P39,7,5,4,1203,0,0,0,,0,002,"W HAWTHORNE ST","A ST",0.00,,Y,A,-,N,,,,,,,,,,N,3,0,1,2,A,-,10,21950,,F,G,B,B,A,H,-,C,D,0,Y,,,,Y,Y,-,99,0,1,0,0,1,0,0,0,0,"- ","- ",,,HUMBOLDT,EUREKA,-124.17083740234375,40.788997650146484
81988498,2023,2023-02-07,1203,2023-02-04,1202,4086,P57,6,5,4,1203,0,0,0,,0,003,"HARRIS ST","L ST",61.00,E,-,A,-,N,,,,,,,,,,Y,3,0,2,3,A,-,03,22350,,N,C,C,A,A,H,-,A,D,0,,,,,Y,,A,01,0,1,1,0,0,0,0,0,0,"- ","- ",40.780361175537109,-124.15677642822266,HUMBOLDT,EUREKA,-124.15657043457031,40.780349731445312
81988506,2023,2023-02-07,1203,2023-02-06,1600,4038,P66,1,5,4,1203,0,0,0,,0,002,"BROADWAY ST","TOMLINSON ST",111.00,S,-,A,-,Y,HUM,,101," "," ",75.909,H,,R,N,3,0,1,2,A,-,03,22350,,N,C,C,A,A,H,-,A,A,0,,,,,Y,,D,72,0,1,0,0,0,0,0,0,0,"- ","- ",40.774211883544922,-124.19058990478516,HUMBOLDT,EUREKA,-124.19052124023438,40.774204254150391
81988544,2023,2023-02-07,1203,2023-01-28,1628,4147,P18,6,5,4,1203,0,0,0,,0,001,"SIXTH ST","M ST",0.00,,Y,A,-,N,,,,,,,,,,Y,2,0,1,2,A,-,09,21802,,N,D,C,A,A,H,-,A,A,0,,,,,Y,,A,01,1,0,0,0,0,0,0,0,0,"- ","- ",40.802150726318359,-124.15815734863281,HUMBOLDT,EUREKA,-124.15815734863281,40.802158355712891
81988548,2023,2023-02-07,1203,2023-02-04,2020,4124,P17,6,5,4,1203,0,0,0,,0,001,"SEVENTH ST","J ST",0.00,,Y,C,-,N,,,,,,,,,,Y,3,0,1,2,A,-,12,22450,A,N,D,C,A,B,H,-,C,D,0,,,,,Y,,A,01,0,1,0,0,0,0,0,0,0,"- ","- ",40.801731109619141,-124.16580963134766,HUMBOLDT,EUREKA,-124.16120910644531,40.800895690917969
81989575,2022,2023-02-08,1203,2022-12-26,2006,4036,P22,1,5,4,1203,0,0,0,,0,001,"BROADWAY ST","W CLARK ST",0.00,,Y,C,-,N,,,,,,,,,,Y,3,0,2,3,A,-,09,21802,A,N,D,C,A,B,H,-,C,A,0,,,,,Y,,A,01,0,1,1,0,0,0,0,0,0,"- ","- ",40.796600341796875,-124.17542266845703,HUMBOLDT,EUREKA,-124.17544555664062,40.796577453613281
81990497,2023,2023-02-09,1203,2023-02-06,1524,0496,P31,1,5,4,1203,0,0,0,,0,002,"ALLEY SOUTH OF W. WABASH",SPRING,42.00,W,-,A,-,N,,,,,,,,,,N,3,0,2,2,A,-,21,22106,,N,C,E,A,A,B,-,A,D,0,,,,,Y,,A,07,0,2,0,0,0,0,0,0,0,"- ","- ",40.791358947753906,-124.17783355712891,HUMBOLDT,EUREKA,-124.17734299999999,40.791058
81990513,2023,2023-02-09,1203,2023-02-03,"215 ",4038,P15,5,5,4,1203,0,0,0,,0,001,"FIFTH ST","D ST",38.00,S,-,C,-,N,,,,,,,,,,Y,4,0,1,1,A,-,01,23152,A,N,E,I,A,B,D,-,C,A,0,,,,,Y,Y,D,72,0,0,1,0,0,0,0,0,0,"- ","- ",40.801589965820312,-124.16896820068359,HUMBOLDT,EUREKA,-124.16826629638672,40.801620483398438
81994029,2023,2023-02-14,1203,2023-01-26,"814 ",4137,P15,4,5,4,1203,0,0,0,,0,001,"B ST","SIXTH ST",7.00,N,-,A,-,N,,,,,,,,,,N,3,0,1,2,A,-,00,21235,,N,G,B,B,A,H,-,A,A,0,Y,,,,Y,,N,60,0,1,0,0,1,0,0,0,0,"- ","- ",40.800651550292969,-124.16999816894531,HUMBOLDT,EUREKA,-124.17008209228516,40.800518035888672
81999703,2023,2023-02-22,1203,2023-02-10,1515,4146,P65,5,5,4,1203,0,0,0,,0,003,"MANZANITA ST","DOLBEER ST",269.00,E,-,C,-,N,,,,,,,,,,N,3,0,2,2,A,-,03,22350,,N,C,C,A,B,H,-,A,D,0,,,,,Y,,A,01,0,1,1,0,0,0,0,0,0,"- ","- ",40.775718688964844,-124.14098358154297,HUMBOLDT,EUREKA,-124.14109802246094,40.775875091552734
81999945,2023,2023-02-22,1203,2023-01-19,1945,4045,P69,4,5,4,1203,0,0,0,,0,002,BROADWAY,"HILFIKER LN",489.00,S,-,B,-,Y,HUM,,101," "," ",75.359,H,,R,N,1,1,0,2,A,-,11,21954,A,N,G,B,D,A,H,-,C,D,0,Y,,,,Y,,N,60,0,0,0,1,0,0,0,0,0,"- ","- ",40.766250610351562,-124.19156646728516,HUMBOLDT,EUREKA,-124.19148254394531,40.766254425048828
81999956,2023,2023-02-22,1203,2023-02-10,1543,4137,P56,5,5,4,1203,0,0,0,,0,003,"HENDERSON ST","F ST",40.00,W,-,C,-,N,,,,,,,,,,Y,3,0,1,3,A,-,08,22107,,N,B,C,A,B,H,-,A,A,0,,,,,Y,,A,01,0,1,0,0,0,0,0,0,0,"- ","- ",40.782859802246094,-124.16351318359375,HUMBOLDT,EUREKA,-124.1636962890625,40.782871246337891
81999962,2022,2023-02-22,1203,2022-12-22,1316,4068,P16,4,5,4,1203,0,0,0,,0,001,"FOURTH ST","E ST",0.00,,Y,A,-,Y,HUM,,101,,,78.444,H,,L,N,3,0,1,2,A,-,10,21950,,F,G,B,B,A,H,-,A,A,0,Y,,,,Y,,A,07,0,1,0,0,1,0,0,0,0,"- ","- ",40.802619934082031,-124.16725158691406,HUMBOLDT,EUREKA,-124.16725158691406,40.802635192871094
82000013,2023,2023-02-22,1203,2023-02-04,1210,4136,P20,6,5,4,1203,0,0,0,,0,003,"WEST AVE","MYRTLE AVE",0.00,,Y,B,-,N,,,,,,,,,,N,2,0,1,1,A,-,16,24002,,N,G,B,A,A,H,-,A,A,0,,,,,Y,,A,01,1,0,0,0,0,0,0,0,0,"- ","- ",40.799468994140625,-124.14723968505859,HUMBOLDT,EUREKA,-124.14814758300781,40.799575805664062
82001050,2023,2023-02-23,1203,2023-01-18,1622,4101,P37,3,5,4,1203,0,0,0,,0,002,"BROADWAY ST","VIGO ST",0.00,,Y,A,-,Y,,,,,,,,,,N,4,0,1,2,A,-,03,22350,,F,C,C,A,A,H,-,A,A,0,,,,,Y,,A,07,0,0,1,0,0,0,0,0,0,"- ","- ",40.784641265869141,-124.18306732177734,HUMBOLDT,EUREKA,-124.18264770507812,40.784374237060547
82002187,2023,2023-02-24,1203,2023-02-05,1622,4021,P62,7,5,4,1203,0,0,0,,0,003,"F S","MANZANITA ST",455.00,N,-,C,-,N,,,,,,,,,,Y,2,0,1,2,A,-,08,22107,,N,C,E,A,B,H,-,A,D,0,,,,,Y,,A,01,1,0,0,0,0,0,0,0,0,"- ","- ",40.777248382568359,-124.16327667236328,HUMBOLDT,EUREKA,-124.16361236572266,40.777347564697266
82005039,2023,2023-02-28,1203,2023-02-17,1132,4021,P37,5,5,4,1203,0,0,0,,0,002,"BROADWAY ST","HAWTHORN ST",40.00,N,-,A,-,Y,HUM,,101," "," ",77.169,H,,R,N,3,0,1,2,A,-,02,22400,,N,C,C,A,A,H,-,A,D,0,,,,,Y,,-,35,0,1,0,0,0,0,0,0,0,"- ","- ",40.789508819580078,-124.17946624755859,HUMBOLDT,EUREKA,-124.17948150634766,40.789512634277344
82005064,2022,2023-02-28,1203,2022-12-27,1758,4101,HCSO,2,5,4,1203,0,0,0,,0,HCSO,"US HIGHWAY 101","HERRICK AVE",900.00,N,-,B,C,Y,HUM,,101,,,74.962,H,,R,Y,1,1,0,3,A,-,11,21954,A,N,G,B,D,B,H,-,C,D,0,Y,,,,Y,,N,60,0,0,0,1,0,0,0,0,0,"- ","- ",40.76068115234375,-124.18978881835938,HUMBOLDT,EUREKA,-124.18984222412109,40.760669708251953
82013977,2023,2023-03-09,1203,2023-02-20,1232,4044,P41,1,5,4,1203,0,0,0,,0,003,"E ST","SONOMA ST",0.00,,Y,A,-,N,,,,,,,,,,N,3,0,1,2,A,-,09,21802,A,N,H,C,A,A,H,-,A,A,0,,,,,Y,,D,22,0,1,0,0,0,0,0,0,0,"- ","- ",40.789588928222656,-124.16459655761719,HUMBOLDT,EUREKA,-124.16459655761719,40.789592742919922