CASE_ID,ACCIDENT_YEAR,PROC_DATE,JURIS,COLLISION_DATE,COLLISION_TIME,OFFICER_ID,REPORTING_DISTRICT,DAY_OF_WEEK,CHP_SHIFT,POPULATION,CNTY_CITY_LOC,SPECIAL_COND,BEAT_TYPE,CHP_BEAT_TYPE,CITY_DIVISION_LAPD,CHP_BEAT_CLASS,BEAT_NUMBER,PRIMARY_RD,SECONDARY_RD,DISTANCE,DIRECTION,INTERSECTION,WEATHER_1,WEATHER_2,STATE_HWY_IND,CALTRANS_COUNTY,CALTRANS_DISTRICT,STATE_ROUTE,ROUTE_SUFFIX,POSTMILE_PREFIX,POSTMILE,LOCATION_TYPE,RAMP_INTERSECTION,SIDE_OF_HWY,TOW_AWAY,COLLISION_SEVERITY,NUMBER_KILLED,NUMBER_INJURED,PARTY_COUNT,PRIMARY_COLL_FACTOR,PCF_CODE_OF_VIOL,PCF_VIOL_CATEGORY,PCF_VIOLATION,PCF_VIOL_SUBSECTION,HIT_AND_RUN,TYPE_OF_COLLISION,MVIW,PED_ACTION,ROAD_SURFACE,ROAD_COND_1,ROAD_COND_2,LIGHTING,CONTROL_DEVICE,CHP_ROAD_TYPE,PEDESTRIAN_ACCIDENT,BICYCLE_ACCIDENT,MOTORCYCLE_ACCIDENT,TRUCK_ACCIDENT,NOT_PRIVATE_PROPERTY,ALCOHOL_INVOLVED,STWD_VEHTYPE_AT_FAULT,CHP_VEHTYPE_AT_FAULT,COUNT_SEVERE_INJ,COUNT_VISIBLE_INJ,COUNT_COMPLAINT_PAIN,COUNT_PED_KILLED,COUNT_PED_INJURED,COUNT_BICYCLIST_KILLED,COUNT_BICYCLIST_INJURED,COUNT_MC_KILLED,COUNT_MC_INJURED,PRIMARY_RAMP,SECONDARY_RAMP,LATITUDE,LONGITUDE,COUNTY,CITY,POINT_X,POINT_Y
82388579,2024,2024-05-13,1203,2024-05-02,1306,4044,,4,5,4,1203,0,0,0,,0,003,"GROTTO ST","D ST",0.00,,Y,A,-,N,,,,,,,,,,Y,3,0,1,2,A,-,09,21802,A,N,D,C,A,A,H,-,A,A,0,,,,,Y,,D,22,0,1,0,0,0,0,0,0,0,"- ","- ",40.781539916992188,-124.16602325439453,HUMBOLDT,EUREKA,-124.16575622558594,40.781665802001953
82389455,2024,2024-05-14,1203,2024-04-26,"734 ",4100,,5,5,4,1203,0,0,0,,0,002,"3450 BROADWAY",TRUESDALE,42.00,N,-,A,-,N,,,,,,,,,,N,3,0,1,2,A,-,"- ",,,N,C,E,A,A,H,-,A,D,0,,,,,Y,,I,11,0,1,0,0,0,0,0,0,0,"- ","- ",40.776348114013672,-124.19068908691406,HUMBOLDT,EUREKA,-124.19031524658203,40.775714874267578
82389460,2024,2024-05-14,1203,2024-05-13,1409,4044,,1,5,4,1203,0,0,0,,0,HCSO,"F ST","ALDER ST",230.00,N,-,A,-,N,,,,,,,,,,N,3,0,1,2,A,-,08,22103,,N,B,C,A,A,H,-,A,D,0,,,,,Y,,A,01,0,1,0,0,0,0,0,0,0,"- ","- ",40.764968872070312,-124.1636962890625,HUMBOLDT,EUREKA,-124.1636962890625,40.766670227050781
82392532,2024,2024-05-31,1203,2024-04-28,1855,4162,,7,5,4,1203,0,0,0,,0,002,"SHORT ST","W WABASH AVE",0.00,,Y,A,-,N,,,,,,,,,,N,4,0,1,2,A,-,08,22107,,N,A,C,A,A,H,-,A,A,0,,,,,Y,,A,01,0,0,1,0,0,0,0,0,0,"- ","- ",40.791221618652344,-124.17973327636719,HUMBOLDT,EUREKA,-124.18063354492188,40.791538238525391
82396560,2024,2024-05-23,1203,2024-05-17,1250,4150,,5,5,4,1203,0,0,0,,0,003,"MYRTLE AVE","WEST AVE",0.00,,Y,A,-,N,,,,,,,,,,N,3,0,1,2,A,-,04,21703,,N,C,C,A,A,H,-,A,A,0,,,,,Y,,A,07,0,1,0,0,0,0,0,0,0,"- ","- ",40.799560546875,-124.14813995361328,HUMBOLDT,EUREKA,-124.14814758300781,40.799575805664062
82396561,2024,2024-05-23,1203,2024-05-17,2053,4147,,5,5,4,1203,0,0,0,,0,002,"CALIFORNIA ST","W HAWTHORNE ST",0.00,,Y,A,-,N,,,,,,,,,,N,2,0,1,2,A,-,08,22107,,N,D,C,A,A,H,-,B,A,0,,,Y,,Y,Y,A,07,1,0,0,0,0,0,0,0,1,"- ","- ",40.789009094238281,-124.17189025878906,HUMBOLDT,EUREKA,-124.17190551757812,40.789009094238281
82399017,2024,2024-05-27,1203,2024-05-17,1704,4136,,5,5,4,1203,0,0,0,,0,002,"W WABASH AVE","KOSTER ST",0.00,,Y,A,-,N,,,,,,,,,,N,3,0,2,2,A,-,09,21802,A,N,D,C,A,A,H,-,A,A,0,,,,,Y,,A,01,0,2,0,0,0,0,0,0,0,"- ","- ",40.79193115234375,-124.17941284179688,HUMBOLDT,EUREKA,-124.17912292480469,40.791526794433594
82399021,2024,2024-05-27,1203,2024-05-20,1721,4068,,1,5,4,1203,0,0,0,,0,001,"SIXTH ST","L ST",0.00,,Y,A,-,N,,,,,,,,,,N,3,0,1,2,A,-,05,21650,,N,H,G,A,A,H,-,A,A,0,,Y,,,Y,,M,91,0,1,0,0,0,0,1,0,0,"- ","- ",40.801998138427734,-124.15923309326172,HUMBOLDT,EUREKA,-124.15921783447266,40.802013397216797
82399722,2024,2024-05-28,1203,2024-05-25,1052,4136,,6,5,4,1203,0,0,0,,0,002,"BROADWAY ST","BAYSHORE WAY",0.00,,Y,A,-,Y,HUM,,101," "," ",76.438,H,,L,N,3,0,3,2,A,-,03,22350,,N,C,C,A,A,H,-,A,D,0,,,,,Y,,A,01,0,1,2,0,0,0,0,0,0,"- ","- ",40.780471801757812,-124.18566131591797,HUMBOLDT,EUREKA,-124.18559265136719,40.780437469482422
82401065,2024,2024-05-29,1203,2024-05-17,"715 ",4105,,5,5,4,1203,0,0,0,,0,001,"FOURTH ST","O ST",71.00,N,-,A,-,Y,HUM,,101," "," ",78.994,H,,L,Y,2,0,1,1,A,-,03,22350,A,N,E,I,A,A,H,-,A,D,0,,,Y,,Y,,C,02,1,0,0,0,0,0,0,0,1,"- ","- ",40.803981781005859,-124.15696716308594,HUMBOLDT,EUREKA,-124.156982421875,40.804054260253906
82401610,2024,2024-05-30,1203,2024-05-02,"626 ",4101,,4,5,4,1203,0,0,0,,0,002,"W WABASH AV","BROADWAY ST",0.00,,Y,C,-,Y,HUM,,101," "," ",77.299,H,,R,N,2,0,1,2,A,-,02,22400,A,N,D,C,A,B,H,-,B,A,0,,,Y,,Y,,C,03,1,0,0,0,0,0,0,0,1,"- ","- ",40.791511535644531,-124.17835235595703,HUMBOLDT,EUREKA,-124.17830657958984,40.791496276855469
82403891,2024,2024-06-03,1203,2024-05-12,1507,4155,,7,5,4,1203,0,0,0,,0,003,"I ST","BUHNE ST",0.00,,Y,A,-,N,,,,,,,,,,Y,3,0,3,2,A,-,12,21453,A,N,D,C,A,A,H,-,A,A,0,,,,,Y,,D,23,0,2,1,0,0,0,0,0,0,"- ","- ",40.786140441894531,-124.16011810302734,HUMBOLDT,EUREKA,-124.16014099121094,40.786144256591797
82410529,2024,2024-06-10,1203,2024-06-07,1856,4124,,5,5,4,1203,0,0,0,,0,001,"H ST","SEVENTH ST",0.00,,Y,A,-,N,,,,,,,,,,Y,4,0,3,2,A,-,12,21453,A,N,D,C,A,A,H,-,A,A,0,,,,,Y,,A,01,0,0,3,0,0,0,0,0,0,"- ","- ",40.800590515136719,-124.16342926025391,HUMBOLDT,EUREKA,-124.16341400146484,40.800590515136719
82410535,2024,2024-06-10,1203,2024-04-28,1412,4021,,7,5,4,1203,0,0,0,,0,003,"FOURTEENTH ST","B ST",0.00,,Y,A,-,N,,,,,,,,,,Y,3,0,2,2,A,-,09,21802,A,N,D,D,A,A,H,-,A,A,0,,,,,Y,,A,01,0,2,0,0,0,0,0,0,0,"- ","- ",40.794109344482422,-124.16963958740234,HUMBOLDT,EUREKA,-124.16970825195312,40.794094085693359
82410541,2024,2024-06-10,1203,2024-06-07,"42  ",4124,,5,5,4,1203,0,0,0,,0,001,"I ST","SIXTH ST",0.00,,Y,A,-,N,,,,,,,,,,N,3,0,1,2,A,-,05,21650,,N,H,G,A,A,H,-,C,A,0,,Y,,,Y,,L,04,0,1,0,0,0,0,1,0,0,"- ","- ",40.801551818847656,-124.16249847412109,HUMBOLDT,EUREKA,-124.16249847412109,40.801555633544922
82417425,2024,2024-06-18,1203,2024-06-15,1815,4124,,6,5,4,1203,0,0,0,,0,002,"CENTRAL AV","W HARRIS ST",0.00,,Y,A,-,N,,,,,,,,,,Y,4,0,2,2,A,-,12,21453,A,N,D,C,A,A,H,-,A,A,0,,,,,Y,,-,"- ",0,0,2,0,0,0,0,0,0,"- ","- ",40.780609130859375,-124.18042755126953,HUMBOLDT,EUREKA,-124.18028259277344,40.780555725097656
82417430,2024,2024-06-18,1203,2024-06-05,1917,4162,,3,5,4,1203,0,0,0,,0,003,"I ST","FOURTEENTH ST",0.00,,Y,A,-,N,,,,,,,,,,N,4,0,1,2,A,-,00,23123,A,N,D,C,A,A,H,-,B,A,0,,,,,Y,,A,01,0,0,1,0,0,0,0,0,0,"- ","- ",40.795089721679688,-124.16094207763672,HUMBOLDT,EUREKA,-124.16094970703125,40.795082092285156
82418625,2024,2024-06-19,1203,2024-05-14,1950,4086,,2,5,4,1203,0,0,0,,0,003,"MYRTLE AVE","SUNNY AVE",10.00,S,-,A,-,N,,,,,,,,,,Y,4,0,1,2,A,-,09,21804,A,N,D,C,A,A,H,-,A,A,0,,,,,Y,,A,01,0,0,1,0,0,0,0,0,0,"- ","- ",40.798091888427734,-124.14479827880859,HUMBOLDT,EUREKA,-124.14483642578125,40.798091888427734
82423846,2024,2024-06-26,1203,2024-06-24,2203,4045,,1,5,4,1203,0,0,0,,0,003,"HARRIS ST","C ST",0.00,,Y,B,-,N,,,,,,,,,,Y,3,0,1,2,A,-,01,23153,A,F,D,C,A,A,H,-,C,A,0,,,,,Y,Y,-,35,0,1,0,0,0,0,0,0,0,"- ","- ",40.780460357666016,-124.16885375976562,HUMBOLDT,EUREKA,-124.16886901855469,40.780448913574219
82427780,2024,2024-07-01,1203,2024-06-19,2312,4130,,3,5,4,1203,0,0,0,,0,003,"BUHNE ST","I ST",0.00,,Y,A,-,N,,,,,,,,,,N,3,0,1,2,A,-,12,21453,A,N,D,C,A,A,H,-,D,A,0,,,,,Y,,-,"- ",0,1,0,0,0,0,0,0,0,"- ","- ",40.786140441894531,-124.16011810302734,HUMBOLDT,EUREKA,-124.16014099121094,40.786144256591797
82433162,2024,2024-07-08,1203,2024-06-30,1319,4075,,7,5,4,1203,0,0,0,,0,001,"FIFTH ST","R ST",0.00,,Y,A,-,N,,,,,,,,,,Y,3,0,2,2,A,-,12,21453,,N,D,C,A,A,H,-,A,A,0,,,,,Y,Y,A,01,0,2,0,0,0,0,0,0,0,"- ","- ",40.803859710693359,-124.15367889404297,HUMBOLDT,EUREKA,-124.15364074707031,40.803913116455078
82433184,2024,2024-07-08,1203,2024-07-02,1122,4136,,2,5,4,1203,0,0,0,,0,002,"KOSTER ST","W FIFTEENTH ST",0.00,,Y,A,-,N,,,,,,,,,,N,3,0,1,2,A,-,09,21804,A,N,D,C,A,A,H,-,A,A,0,,,,,Y,,A,01,0,1,0,0,0,0,0,0,0,"- ","- ",40.792839050292969,-124.17915344238281,HUMBOLDT,EUREKA,-124.17913055419922,40.792896270751953
82434866,2024,2024-07-10,1203,2024-07-07,"128 ",4162,,7,5,4,1203,0,0,0,,0,002,"GLEN ST","HARRIS ST",18.00,S,-,A,-,N,,,,,,,,,,N,3,0,2,1,A,-,01,23153,B,F,D,E,A,A,H,-,C,A,0,,,,,Y,Y,A,01,0,2,0,0,0,0,0,0,0,"- ","- ",40.780410766601562,-124.18379974365234,HUMBOLDT,EUREKA,-124.1834716796875,40.780532836914062
82437744,2024,2024-07-12,1203,2024-06-29,2222,4045,,6,5,4,1203,0,0,0,,0,003,"WABASH AV","E ST",226.00,W,-,A,-,N,,,,,,,,,,Y,4,0,1,2,A,-,01,23152,A,M,C,C,A,A,H,-,C,D,0,,,,,Y,Y,A,01,0,0,1,0,0,0,0,0,0,"- ","- ",40.791580200195312,-124.16551971435547,HUMBOLDT,EUREKA,-124.16539764404297,40.791408538818359
82437755,2024,2024-07-12,1203,2024-07-09,1809,4039,,2,5,4,1203,0,0,0,,0,003,"HARRIS ST","W ST",0.00,,Y,A,-,N,,,,,,,,,,Y,3,0,2,2,A,-,21,22106,,N,D,C,A,A,H,-,A,A,0,,,,,Y,,A,01,0,2,0,0,0,0,0,0,0,"- ","- ",40.7806396484375,-124.14505004882812,HUMBOLDT,EUREKA,-124.14446258544922,40.780403137207031
82437762,2024,2024-07-12,1203,2024-07-10,1843,4039,,3,5,4,1203,0,0,0,,0,002,"FAIRFIELD ST","W DEL NORTE ST",55.00,N,-,A,-,N,,,,,,,,,,N,3,0,1,2,A,-,11,21954,A,N,G,B,D,A,H,-,A,D,0,Y,,,,Y,,N,60,0,1,0,0,1,0,0,0,0,"- ","- ",40.790668487548828,-124.17826080322266,HUMBOLDT,EUREKA,-124.17826843261719,40.790840148925781
82439228,2024,2024-07-15,1203,2024-07-02,1259,4044,,2,5,4,1203,0,0,0,,0,001,"W WASHINGTON ST","SUMMER ST",0.00,,Y,A,-,N,,,,,,,,,,N,3,0,1,2,A,-,12,22450,A,N,H,C,A,A,H,-,A,A,0,,,,,Y,,D,22,0,1,0,0,0,0,0,0,0,"- ","- ",40.798240661621094,-124.1739501953125,HUMBOLDT,EUREKA,-124.17401123046875,40.798240661621094
82440211,2024,2024-07-16,1203,2024-07-14,1636,4044,,7,5,4,1203,0,0,0,,0,001,"SIXTH ST","P ST",0.00,,Y,A,-,N,,,,,,,,,,Y,3,0,2,2,A,-,12,22450,A,F,D,C,A,A,H,-,A,D,0,,,,,Y,,A,08,0,2,0,0,0,0,0,0,0,"- ","- ",40.802589416503906,-124.15496826171875,HUMBOLDT,EUREKA,-124.15496063232422,40.802597045898438
82474272,2024,2024-07-22,1203,2024-06-28,1815,4105,,5,5,4,1203,0,0,0,,0,003,"WEST AVE","TYDD ST",247.00,N,-,A,-,N,,,,,,,,,,N,3,0,1,2,A,-,09,21804,,N,D,C,A,A,H,-,A,D,0,,,,,Y,,A,01,0,1,0,0,0,0,0,0,0,"- ","- ",40.801841735839844,-124.14827728271484,HUMBOLDT,EUREKA,-124.14825439453125,40.801773071289062
82480884,2024,2024-07-22,1203,2024-07-03,2311,4126,,3,5,4,1203,0,0,0,,0,002,"3505 BROADWAY ST","TOMLINSON ST",82.00,N,-,A,-,N,,,,,,,,,,Y,2,0,1,2,A,-,11,21950,B,N,G,B,D,A,H,-,C,D,0,Y,,,,Y,,N,60,1,0,0,0,1,0,0,0,0,"- ","- ",40.774990081787109,-124.19001007080078,HUMBOLDT,EUREKA,-124.19039154052734,40.775291442871094
82560830,2024,2024-07-23,1203,2024-07-16,1724,4124,,2,5,4,1203,0,0,0,,0,003,"WEST AV","FOURTEENTH ST",0.00,,Y,A,-,N,,,,,,,,,,N,4,0,1,2,A,-,09,21802,A,N,D,C,A,A,H,-,A,A,0,,,,,Y,,A,01,0,0,1,0,0,0,0,0,0,"- ","- ",40.796749114990234,-124.14813995361328,HUMBOLDT,EUREKA,-124.14816284179688,40.796722412109375
82567392,2024,2024-07-23,1203,2024-07-09,1822,4101,,2,5,4,1203,0,0,0,,0,001,"R ST","THIRD ST",0.00,,Y,A,-,Y,HUM,,255," "," ",0.058,H,,R,N,4,0,1,2,A,-,03,22350,,M,A,D,A,A,H,-,A,A,0,,,,,Y,,A,01,0,0,1,0,0,0,0,0,0,"- ","- ",40.804710388183594,-124.15358734130859,HUMBOLDT,EUREKA,-124.15358734130859,40.804710388183594
82800702,2024,2024-07-29,1203,2024-06-09,1553,4155,,7,5,4,1203,0,0,0,,0,0OT,"COMMERCIAL ST","W THIRD ST",0.00,,Y,A,-,N,,,,,,,,,,Y,4,0,2,2,A,-,12,22450,A,N,D,C,A,A,H,-,A,A,0,,,,,Y,,A,01,0,0,2,0,0,0,0,0,0,"- ","- ",40.802581787109375,-124.17382049560547,HUMBOLDT,EUREKA,-124.17386627197266,40.802570343017578
8281164,2016,2017-04-04,1203,2016-12-21,1320,635,,3,5,4,1203,0,0,0,,0,002,"RT 101",HAWTHORNE,425.00,S,N,A,-,Y,HUM,1,101,-,-,77.060,H,-,S,Y,4,0,1,2,A,-,03,22350,,N,C,C,A,A,H,-,A,D,0,,,,,Y,,D,22,0,0,1,0,0,0,0,0,0,"- ","- ",,,HUMBOLDT,EUREKA,-124.18044439000001,40.788066950000001
8281634,2016,2017-01-24,1203,2016-12-13,1107,464,,2,5,4,1203,0,0,0,,0,001,"7TH ST","F ST",0.00,,Y,B,-,N,,,,,,,,,,Y,4,0,1,2,A,-,09,21802,A,N,D,C,A,A,H,-,A,A,0,,,,,Y,,A,01,0,0,1,0,0,0,0,0,0,"- ","- ",,,HUMBOLDT,EUREKA,-124.16561999,40.800289919999997
8281638,2016,2017-01-24,1203,2016-12-19,1229,4121,1203,1,5,4,1203,0,0,0,,0,001,WABASH,"A ST",0.00,,Y,B,-,N,,,,,,,,,,N,3,0,1,2,A,-,12,22450,,N,D,G,A,A,H,-,A,A,0,,Y,,,Y,,L,04,0,1,0,0,0,0,1,0,0,"- ","- ",,,HUMBOLDT,EUREKA,-124.17080999,40.791489980000001
8281642,2016,2017-01-24,1203,2016-12-14,1820,0482,,3,5,4,1203,0,0,0,,0,ONE,SUMMER,WASHINGTON,0.00,,Y,C,-,N,,,,,,,,,,N,3,0,1,2,A,-,09,21802,A,N,D,G,A,B,H,-,C,A,0,,Y,,,Y,,A,01,0,1,0,0,0,0,1,0,0,"- ","- ",,,HUMBOLDT,EUREKA,-124.17400999,40.798239950000003
8281678,2016,2017-01-24,1203,2016-12-12,1516,4021,1203,1,5,4,1203,0,0,0,,0,002,HENDERSON,CALIFORNIA,0.00,,Y,B,-,N,,,,,,,,,,N,4,0,1,2,A,-,12,22450,A,N,D,G,A,A,H,-,A,A,0,,Y,,,Y,,-,"- ",0,0,1,0,0,0,1,0,0,"- ","- ",,,HUMBOLDT,EUREKA,-124.17196989,40.782919890000002
8281692,2016,2017-02-07,1203,2016-12-22,1459,4054,1203,4,5,4,1203,0,0,0,,0,003,HODGSON,"G ST",0.00,,Y,A,-,N,,,,,,,,,,Y,3,0,3,2,A,-,12,22450,A,N,D,C,A,A,H,-,A,A,0,,,,Y,Y,,A,01,0,1,2,0,0,0,0,0,0,"- ","- ",,,HUMBOLDT,EUREKA,-124.16248999,40.778719959999997
8281939,2016,2017-04-04,1203,2016-12-27,1201,635,,2,5,4,1203,0,0,0,,0,002,BROADWAY,HENDERSON,118.00,S,N,A,-,Y,HUM,1,101,-,-,76.630,H,-,S,Y,4,0,1,2,A,-,09,21801,A,N,D,C,A,A,H,-,A,D,0,,,,,Y,,A,01,0,0,1,0,0,0,0,0,0,"- ","- ",,,HUMBOLDT,EUREKA,-124.18380825,40.782849059999997
8281979,2016,2017-01-24,1203,2016-12-22,1630,4032,,4,5,4,1203,0,0,0,,0,002,WABASH,SUMMER,138.00,W,N,A,-,N,,,,,,,,,,N,2,0,1,1,A,-,03,22350,,N,F,J,A,A,H,-,A,D,0,,,Y,,Y,,C,02,1,0,0,0,0,0,0,0,1,"- ","- ",,,HUMBOLDT,EUREKA,-124.17458846,40.79150542
8281983,2016,2017-01-24,1203,2016-12-24,0025,4061,,6,5,4,1203,0,0,0,,0,002,FAIRFIELD,CREIGHTON,50.00,N,N,B,C,N,,,,,,,,,,Y,3,0,1,3,A,-,01,23152,A,N,C,E,A,B,H,-,C,D,0,,,,,Y,Y,A,01,0,1,0,0,0,0,0,0,0,"- ","- ",,,HUMBOLDT,EUREKA,-124.18113414,40.783994579999998
8282085,2016,2017-01-19,1203,2016-11-29,1413,464,,2,5,4,1203,0,0,0,,0,003,"F ST",GROTTO,39.00,N,N,A,-,N,,,,,,,,,,N,4,0,3,2,A,-,09,21804,A,N,D,C,A,A,H,-,A,D,0,,,,,Y,,A,01,0,0,3,0,0,0,0,0,0,"- ","- ",,,HUMBOLDT,EUREKA,-124.16355,40.781757069999998
82877753,2024,2024-07-29,1203,2024-07-03,1908,4106,,3,5,4,1203,0,0,0,,0,002,"UNION ST","W FIFTEENTH ST",0.00,,Y,A,-,N,,,,,,,,,,N,3,0,2,2,A,-,03,22350,,M,G,B,D,A,H,-,A,A,0,Y,,Y,,Y,,C,02,0,1,1,0,1,0,0,0,1,"- ","- ",40.792869567871094,-124.17500305175781,HUMBOLDT,EUREKA,-124.17499542236328,40.792869567871094
82877755,2024,2024-07-29,1203,2024-07-19,2154,4162,,5,5,4,1203,0,0,0,,0,002,"BROADWAY ST","BAYSHORE WAY",543.00,S,-,A,-,Y,HUM,,101," "," ",76.450,H,,L,N,3,0,2,2,A,-,09,21801,A,N,D,C,A,A,H,-,C,A,0,,,,,Y,,-,35,0,2,0,0,0,0,0,0,0,"- ","- ",40.780651092529297,-124.18560791015625,HUMBOLDT,EUREKA,-124.18547058105469,40.78057861328125
8289697,2016,2017-01-27,1203,2016-10-24,0813,4038,,1,5,4,1203,0,0,0,,0,002,"E ST",WABASH,5.00,S,N,C,-,N,,,,,,,,,,N,3,0,1,2,A,-,10,21950,A,F,G,B,B,B,H,-,A,A,0,Y,,,,Y,,A,01,0,1,0,0,1,0,0,0,0,"- ","- ",,,HUMBOLDT,EUREKA,-124.16458,40.79139627
82898215,2024,2024-07-30,1203,2024-07-09,1146,4136,,2,5,4,1203,0,0,0,,0,001,"SEVENTH ST","J ST",0.00,,Y,A,-,N,,,,,,,,,,Y,3,0,3,2,A,-,03,22350,,N,D,C,A,A,H,-,A,A,0,,,,,Y,,A,01,0,3,0,0,0,0,0,0,0,"- ","- ",40.800899505615234,-124.16117858886719,HUMBOLDT,EUREKA,-124.16120910644531,40.800895690917969
82898224,2024,2024-08-14,1203,2024-07-11,1411,4045,,4,5,4,1203,0,0,0,,0,003,"H ST","HODGSON ST",0.00,,Y,A,-,N,,,,,,,,,,Y,4,0,1,2,A,-,09,21802,,N,D,C,A,A,H,-,A,A,0,,,,,Y,,A,07,0,0,1,0,0,0,0,0,0,"- ","- ",40.778728485107422,-124.16133880615234,HUMBOLDT,EUREKA,-124.16136169433594,40.778728485107422
82898227,2024,2024-07-30,1203,2024-07-17,1158,4124,,3,5,4,1203,0,0,0,,0,002,"BROADWAY ST","W FOURTEENTH ST",22.00,N,-,A,-,Y,HUM,,101," "," ",77.490,H,,R,N,4,0,1,2,A,-,21,22106,,N,C,C,A,A,H,-,A,A,0,,,,,Y,,D,82,0,0,1,0,0,0,0,0,0,"- ","- ",40.794120788574219,-124.17682647705078,HUMBOLDT,EUREKA,-124.17680358886719,40.794109344482422
82898230,2024,2024-07-30,1203,2024-07-23,1732,4068,,2,5,4,1203,0,0,0,,0,003,"I ST","10TH ST",121.00,S,-,A,-,N,,,,,,,,,,Y,2,0,1,2,A,-,08,22107,,N,B,C,A,A,H,-,A,D,0,,,,,Y,,A,01,1,0,0,0,0,0,0,0,0,"- ","- ",40.798309326171875,-124.16172790527344,HUMBOLDT,EUREKA,-124.16165161132812,40.797962188720703
82898235,2024,2024-07-30,1203,2024-06-20,1003,4107,,4,5,4,1203,0,0,0,,0,001,"FOURTH ST","R ST",0.00,,Y,A,-,Y,HUM,,255," "," ",0.058,H,,R,Y,4,0,1,2,A,-,08,22107,,N,B,C,A,A,H,-,A,A,0,,,,,Y,,A,01,0,0,1,0,0,0,0,0,0,"- ","- ",40.804710388183594,-124.15358734130859,HUMBOLDT,EUREKA,-124.15358734130859,40.804710388183594
82898404,2024,2024-07-30,1203,2024-06-28,1946,4124,,5,5,4,1203,0,0,0,,0,001,"BROADWAY ST","W WASHINGTON ST",50.00,N,-,A,-,Y,HUM,,101," "," ",77.800,H,,R,Y,3,0,1,2,A,-,01,23152,A,N,C,C,A,A,H,-,A,A,0,,,,,Y,Y,D,82,0,1,0,0,0,0,0,0,0,"- ","- ",40.798229217529297,-124.17510223388672,HUMBOLDT,EUREKA,-124.17506408691406,40.798229217529297
8290422,2016,2017-01-31,1203,2016-09-19,1600,4033,,1,5,4,1203,0,0,0,,0,003,"6TH ST","V ST",5.00,W,N,A,-,N,,,,,,,,,,N,4,0,2,3,A,-,10,21950,A,F,G,B,B,A,H,-,A,A,0,Y,,,,Y,,A,01,0,0,2,0,2,0,0,0,0,"- ","- ",,,HUMBOLDT,EUREKA,-124.14939806,40.803020250000003
8290632,2016,2017-02-02,1201,2016-12-14,2219,447,108,3,5,3,1201,0,0,0,,0,00N,"14TH ST","H ST",78.00,S,N,C,-,N,,,,,,,,,,Y,3,0,1,3,A,-,01,23152,A,N,C,E,A,B,H,-,C,D,0,,,,,Y,Y,A,71,0,1,0,0,0,0,0,0,0,"- ","- ",40.873010000000001,-124.0853,HUMBOLDT,ARCATA,-124.08502883,40.872950930000002
8290837,2016,2017-01-31,1201,2016-12-21,1545,546,307,3,5,3,1201,0,0,0,,0,00S,"H ST","7TH ST",0.00,,Y,A,-,N,,,,,,,,,,N,4,0,1,2,A,-,08,22107,,N,G,B,B,A,H,-,A,D,0,Y,,,,Y,,A,01,0,0,1,0,1,0,0,0,0,"- ","- ",40.867980000000003,-124.08743,HUMBOLDT,ARCATA,-124.08739986,40.867459949999997
8290841,2016,2017-01-31,1201,2016-12-07,1643,561,401,3,5,3,1201,0,0,0,,0,00S,"14TH ST","UNION ST",450.00,E,N,C,-,N,,,,,,,,,,Y,4,0,2,1,A,-,08,22107,,N,E,I,A,B,H,-,D,A,0,,,,,Y,,A,01,0,0,2,0,0,0,0,0,0,"- ","- ",40.871200000000002,-124.07696,HUMBOLDT,ARCATA,-124.077,40.871200000000002
8291928,2016,2017-04-04,1203,2016-12-21,1755,4039,,3,5,4,1203,0,0,0,,0,002,"RT 101",HENDERSON,1061.00,S,N,A,-,Y,HUM,1,101,-,-,76.450,H,-,S,Y,3,0,2,2,A,-,03,22350,,N,C,C,A,A,H,-,C,D,0,,,Y,,Y,,C,03,0,1,1,0,0,0,0,0,2,"- ","- ",,,HUMBOLDT,EUREKA,-124.18551797000001,40.78052211
8292281,2017,2017-04-14,1203,2017-02-21,1027,464,,2,5,4,1203,0,0,0,,0,001,"6TH ST","V ST",0.00,,Y,B,-,N,,,,,,,,,,Y,3,0,1,2,A,-,09,21802,A,N,D,C,A,B,H,-,A,A,0,,,,,Y,,A,01,0,1,0,0,0,0,0,0,0,"- ","- ",,,HUMBOLDT,EUREKA,-124.14937989000001,40.803019980000002
8292295,2017,2017-04-11,1203,2017-01-25,1331,464,,3,5,4,1203,0,0,0,,0,001,"6TH ST","A ST",0.00,,Y,B,-,N,,,,,,,,,,N,3,0,1,2,A,-,05,21650,1,N,D,G,A,A,H,-,A,A,0,,Y,,,Y,,L,04,0,1,0,0,0,0,1,0,0,"- ","- ",,,HUMBOLDT,EUREKA,-124.17111987,40.800349990000001
8292415,2017,2017-04-11,1203,2017-03-03,1142,4031,,5,5,4,1203,0,0,0,,0,003,WABASH,"B ST",0.00,,Y,A,-,N,,,,,,,,,,N,4,0,1,2,A,-,09,21802,A,N,D,C,A,A,H,-,A,A,0,,,Y,,Y,,C,02,0,0,1,0,0,0,0,0,1,"- ","- ",,,HUMBOLDT,EUREKA,-124.16972986,40.79148
8294566,2016,2017-02-02,1203,2016-12-26,1539,464,,1,5,4,1203,0,0,0,,0,002,"FAIRFIELD ST","LONG ST",0.00,,Y,B,-,N,,,,,,,,,,Y,4,0,5,2,A,-,09,21801,A,N,A,C,A,A,H,-,A,D,0,,,,,Y,,A,01,0,0,5,0,0,0,0,0,0,"- ","- ",,,HUMBOLDT,EUREKA,-124.18025996,40.785429999999998
8294589,2017,2017-02-03,1203,2017-01-04,1546,464,,3,5,4,1203,0,0,0,,0,003,GROTTO,"D ST",0.00,,Y,A,-,N,,,,,,,,,,Y,2,0,1,2,A,-,09,21801,A,N,A,C,A,A,H,-,A,D,0,,,Y,,Y,,A,01,1,0,0,0,0,0,0,0,0,"- ","- ",,,HUMBOLDT,EUREKA,-124.16575988,40.781660000000002