CASE_ID,ACCIDENT_YEAR,PROC_DATE,JURIS,COLLISION_DATE,COLLISION_TIME,OFFICER_ID,REPORTING_DISTRICT,DAY_OF_WEEK,CHP_SHIFT,POPULATION,CNTY_CITY_LOC,SPECIAL_COND,BEAT_TYPE,CHP_BEAT_TYPE,CITY_DIVISION_LAPD,CHP_BEAT_CLASS,BEAT_NUMBER,PRIMARY_RD,SECONDARY_RD,DISTANCE,DIRECTION,INTERSECTION,WEATHER_1,WEATHER_2,STATE_HWY_IND,CALTRANS_COUNTY,CALTRANS_DISTRICT,STATE_ROUTE,ROUTE_SUFFIX,POSTMILE_PREFIX,POSTMILE,LOCATION_TYPE,RAMP_INTERSECTION,SIDE_OF_HWY,TOW_AWAY,COLLISION_SEVERITY,NUMBER_KILLED,NUMBER_INJURED,PARTY_COUNT,PRIMARY_COLL_FACTOR,PCF_CODE_OF_VIOL,PCF_VIOL_CATEGORY,PCF_VIOLATION,PCF_VIOL_SUBSECTION,HIT_AND_RUN,TYPE_OF_COLLISION,MVIW,PED_ACTION,ROAD_SURFACE,ROAD_COND_1,ROAD_COND_2,LIGHTING,CONTROL_DEVICE,CHP_ROAD_TYPE,PEDESTRIAN_ACCIDENT,BICYCLE_ACCIDENT,MOTORCYCLE_ACCIDENT,TRUCK_ACCIDENT,NOT_PRIVATE_PROPERTY,ALCOHOL_INVOLVED,STWD_VEHTYPE_AT_FAULT,CHP_VEHTYPE_AT_FAULT,COUNT_SEVERE_INJ,COUNT_VISIBLE_INJ,COUNT_COMPLAINT_PAIN,COUNT_PED_KILLED,COUNT_PED_INJURED,COUNT_BICYCLIST_KILLED,COUNT_BICYCLIST_INJURED,COUNT_MC_KILLED,COUNT_MC_INJURED,PRIMARY_RAMP,SECONDARY_RAMP,LATITUDE,LONGITUDE,COUNTY,CITY,POINT_X,POINT_Y
8463660,2017,2017-10-27,1203,2017-10-08,1341,4061,,7,5,4,1203,0,0,0,,0,003,HENDERSON,"E ST",0.00,,Y,A,-,N,,,,,,,,,,Y,3,0,2,2,A,-,12,21453,A,N,D,C,A,A,H,-,A,A,0,,,,,Y,,A,01,0,1,1,0,0,0,0,0,0,"- ","- ",,,HUMBOLDT,EUREKA,-124.16465985000001,40.782879889999997
84639603,2025,2025-04-07,1203,2025-03-13,1602,4166,,4,5,4,1203,0,0,0,,0,002,"W HENDERSON ST","UNION ST",0.00,,Y,A,-,N,,,,,,,,,,Y,3,0,1,2,A,-,06,21951,,N,A,C,A,A,H,-,A,A,0,,,,,Y,,A,01,0,1,0,0,0,0,0,0,0,"- ","- ",40.783290863037109,-124.17521667480469,HUMBOLDT,EUREKA,-124.17510223388672,40.783012390136719
84641004,2025,2025-04-08,1203,2025-03-10,2117,4106,,1,5,4,1203,0,0,0,,0,001,"5TH ST","I ST",0.00,,Y,A,-,N,,,,,,,,,,N,4,0,1,2,A,-,03,22350,A,M,C,C,A,A,H,-,C,A,0,,,,,Y,,A,01,0,0,1,0,0,0,0,0,0,"- ","- ",40.802379608154297,-124.16206359863281,HUMBOLDT,EUREKA,-124.16271209716797,40.802398681640625
84642117,2025,2025-04-08,1203,2025-04-02,1116,4171,,3,5,4,1203,0,0,0,,0,001,"FIFTH ST","E ST",113.00,W,-,C,-,Y,HUM,,101," "," ",78.455,H,,R,N,3,0,1,2,A,-,03,22350,A,N,C,C,A,B,H,-,A,D,0,,,,,Y,,A,01,0,1,0,0,0,0,0,0,0,"- ","- ",40.801780700683594,-124.16705322265625,HUMBOLDT,EUREKA,-124.16705322265625,40.801784515380859
84642681,2025,2025-04-09,1203,2025-04-07,1430,4124,,1,5,4,1203,0,0,0,,0,001,"FIFTH ST","R ST",0.00,,Y,B,-,Y,HUM,,101," "," ",79.167,H,,R,N,3,0,1,2,A,-,10,21950,A,M,G,B,B,A,H,-,A,A,0,Y,,,,Y,,A,01,0,1,0,0,1,0,0,0,0,"- ","- ",40.803859710693359,-124.15367889404297,HUMBOLDT,EUREKA,-124.15367126464844,40.803848266601562
84645945,2025,2025-04-11,1203,2025-03-26,1531,4165,,3,5,4,1203,0,0,0,,0,001,"FOURTH ST","R ST",0.00,,Y,B,-,N,,,,,,,,,,Y,2,0,3,3,A,-,12,21453,,N,D,C,A,A,H,-,A,A,0,,,,,Y,,A,07,1,0,2,0,0,0,0,0,0,"- ","- ",40.804710388183594,-124.15358734130859,HUMBOLDT,EUREKA,-124.15365600585938,40.804714202880859
84646678,2025,2025-04-11,1203,2025-04-06,1944,4169,,7,5,4,1203,0,0,0,,0,002,"W HARRIS STREET","ALBEE STREET",17.00,W,-,C,-,N,,,,,,,,,,Y,3,0,1,1,A,-,01,23152,,N,C,E,A,B,H,-,B,D,0,,,,,Y,Y,A,01,0,1,0,0,0,0,0,0,0,"- ","- ",40.780448913574219,-124.17600250244141,HUMBOLDT,EUREKA,-124.17625427246094,40.780521392822266
84647910,2025,2025-04-14,1203,2025-04-09,"539 ",4137,,3,5,4,1203,0,0,0,,0,002,"BROADWAY ST","TRUESDALE ST",16.00,S,-,A,-,N,,,,,,,,,,N,3,0,1,2,A,-,11,21954,A,N,G,B,D,A,H,-,D,D,0,Y,,,,Y,,N,60,0,1,0,0,1,0,0,0,0,"- ","- ",40.775539398193359,-124.19014739990234,HUMBOLDT,EUREKA,-124.19034576416016,40.775554656982422
84650526,2025,2025-04-15,1203,2025-01-23,2151,4101,,4,5,4,1203,0,0,0,,0,002,"TOMLINSON ST","BROADWAY ST",0.00,,Y,-,-,Y,HUM,,101," "," ",75.968,H,,R,Y,1,1,0,2,A,-,00,21954,,N,G,B,D,A,H,-,C,D,0,Y,,,,Y,,N,60,0,0,0,1,0,0,0,0,0,"- ","- ",40.775028228759766,-124.1904296875,HUMBOLDT,EUREKA,-124.19036865234375,40.7750244140625
84650717,2025,2025-04-15,1203,2025-04-03,1400,4136,,4,5,4,1203,0,0,0,,0,002,"BROADWAY ST","W. WABASH AVE",0.00,,Y,A,-,Y,HUM,,101," "," ",77.265,H,,L,Y,3,0,1,3,A,-,03,22350,,N,C,C,A,A,H,-,A,D,0,,,,,Y,,A,01,0,1,0,0,0,0,0,0,0,"- ","- ",40.791038513183594,-124.17878723144531,HUMBOLDT,EUREKA,-124.17863464355469,40.791030883789062
84650720,2025,2025-04-15,1203,2025-03-28,2255,4126,,5,5,4,1203,0,0,0,,0,001,"SEVENTH ST","B ST",100.00,E,-,A,-,N,,,,,,,,,,Y,3,0,1,1,A,-,01,23152,F,N,B,E,A,A,H,-,C,D,0,,,,,Y,,A,01,0,1,0,0,0,0,0,0,0,"- ","- ",40.799999237060547,-124.16771697998047,HUMBOLDT,EUREKA,-124.16953277587891,40.799747467041016
84651477,2025,2025-04-16,1203,2025-03-16,2118,4130,,7,5,4,1203,0,0,0,,0,001,"FOURTH ST","R ST",0.00,,Y,A,-,N,,,,,,,,,,Y,3,0,1,2,A,-,09,21801,A,N,D,C,A,A,H,-,C,A,0,,,,,Y,,D,73,0,1,0,0,0,0,0,0,0,"- ","- ",40.804710388183594,-124.15358734130859,HUMBOLDT,EUREKA,-124.15365600585938,40.804714202880859
84651653,2025,2025-04-16,1203,2025-03-29,1838,4130,,6,5,4,1203,0,0,0,,0,003,"B ST","WABASH ST",0.00,,Y,A,-,N,,,,,,,,,,Y,3,0,1,2,A,-,12,22450,A,N,D,C,A,A,H,-,A,A,0,,,,,Y,,A,01,0,1,0,0,0,0,0,0,0,"- ","- ",40.791469573974609,-124.16969299316406,HUMBOLDT,EUREKA,-124.16973114013672,40.791484832763672
8465702,2018,2019-04-18,1203,2018-06-21,1334,37,,4,5,4,1203,0,0,0,,0,,"RT 101","W CEDAR ST",50.00,N,N,B,-,Y,HUM,1,101,-,-,77.570,H,-,N,N,1,1,1,3,A,-,08,22107,,N,B,G,F,A,H,-,A,D,0,Y,Y,,Y,Y,,L,04,0,0,1,0,1,1,0,0,0,"- ","- ",40.795230865478516,-124.17591857910156,HUMBOLDT,EUREKA,-124.17620849609375,40.795112609863281
8465712,2018,2019-04-08,1203,2018-08-04,2125,,,6,5,4,1203,0,0,0,,0,,"BROADWAY ST","HERRICK AV",1584.00,S,N,B,-,Y,HUM,1,101,-,-,74.990,H,-,S,N,1,1,0,2,A,-,11,21954,A,N,G,B,D,A,H,-,D,D,0,Y,,,,Y,,N,60,0,0,0,1,0,0,0,0,0,"- ","- ",40.761539459228516,-124.19037628173828,HUMBOLDT,EUREKA,-124.19017791748047,40.761093139648438
8465713,2018,2019-04-08,1203,2018-05-02,1435,86,,3,5,4,1203,0,0,0,,0,,"BROADWAY ST","HIGHLAND AV",0.00,,Y,A,-,Y,HUM,1,101,-,-,75.980,H,-,N,Y,1,1,0,2,A,-,09,21802,A,N,F,A,A,A,H,-,A,A,0,,,Y,,Y,,A,01,0,0,0,0,0,0,0,1,0,"- ","- ",40.775341033935547,-124.19036865234375,HUMBOLDT,EUREKA,-124.19036102294922,40.775203704833984
84658917,2024,2025-04-22,1203,2024-12-13,1630,4045,,5,5,4,1203,0,0,0,,0,002,"2710 BROADWAY ST","VIGO ST",193.00,S,-,A,-,N,,,,,,,,,,N,2,0,1,2,A,-,"- ",,,N,G,B,F,A,H,-,A,D,0,Y,,,,Y,,D,22,1,0,0,0,1,0,0,0,0,"- ","- ",40.783660888671875,-124.18357849121094,HUMBOLDT,EUREKA,-124.1829833984375,40.783905029296875
84663036,2025,2025-04-24,1203,2025-04-13,1711,4170,,7,5,4,1203,0,0,0,,0,002,"CALIFORNIA ST","W DOLLISON ST",20.00,S,-,A,-,N,,,,,,,,,,N,3,0,1,1,A,-,08,22107,,N,B,E,A,A,H,-,A,D,0,,,Y,,Y,,C,02,0,1,0,0,0,0,0,0,1,"- ","- ",40.784149169921875,-124.17195129394531,HUMBOLDT,EUREKA,-124.17195892333984,40.784114837646484
84673395,2025,2025-05-02,1203,2025-04-21,1720,4136,,1,5,4,1203,0,0,0,,0,001,"FIFTH ST","S ST",0.00,,Y,A,-,Y,,,,,,,,,,N,2,0,2,3,A,-,03,22350,,N,G,B,B,A,H,-,A,D,0,Y,,,,Y,,A,01,2,0,0,0,2,0,0,0,0,"- ","- ",40.803558349609375,-124.15202331542969,HUMBOLDT,EUREKA,-124.152587890625,40.803913116455078
84673465,2025,2025-05-02,1203,2025-04-15,1140,4137,,2,5,4,1203,0,0,0,,0,001,"SEVENTH ST","G ST",8.00,W,-,A,-,N,,,,,,,,,,N,3,0,1,2,A,-,21,22106,,N,D,C,A,A,H,-,A,A,0,,,,,Y,Y,A,01,0,1,0,0,0,0,0,0,0,"- ","- ",40.800441741943359,-124.16449737548828,HUMBOLDT,EUREKA,-124.16455078125,40.800437927246094
84675781,2025,2025-05-05,1203,2025-03-28,"709 ",4107,,5,5,4,1203,0,0,0,,0,001,"W CLARK ST","BROADWAY ST",0.00,,Y,A,-,N,,,,,,,,,,Y,3,0,2,2,A,-,09,21800,,N,D,C,A,A,H,-,A,A,0,,,,,Y,,A,01,0,1,1,0,0,0,0,0,0,"- ","- ",40.796710968017578,-124.17568969726562,HUMBOLDT,EUREKA,-124.17544555664062,40.796577453613281
84683706,2025,2025-05-12,1203,2025-03-11,"700 ",4166,,2,5,4,1203,0,0,0,,0,002,"BROADWAY ST","W HAWTHORNE ST",0.00,,Y,A,-,Y,,,,,,,,,,N,3,0,1,2,A,-,10,21950,A,F,G,B,B,A,H,-,A,D,0,Y,,,,Y,,I,11,0,1,0,0,1,0,0,0,0,"- ","- ",40.774761199951172,-124.19122314453125,HUMBOLDT,EUREKA,-124.1798095703125,40.789054870605469
84685425,2025,2025-05-13,1203,2025-04-26,1129,4170,,6,5,4,1203,0,0,0,,0,001,"FIFTH ST","N ST",40.00,S,-,A,-,Y,HUM,,101," "," ",78.976,H,,R,N,3,0,1,2,A,-,09,21804,,N,B,C,A,A,H,-,A,D,0,,,,,Y,,A,01,0,1,0,0,0,0,0,0,0,"- ","- ",40.803138732910156,-124.15728759765625,HUMBOLDT,EUREKA,-124.15728759765625,40.803134918212891
84686064,2025,2025-05-13,1203,2025-05-05,1603,4045,,1,5,4,1203,0,0,0,,0,003,"HARRIS ST","J ST",0.00,,Y,A,-,N,,,,,,,,,,N,2,0,2,2,A,-,08,22107,,N,A,C,A,A,H,-,A,D,0,,,,,Y,,A,07,1,0,1,0,0,0,0,0,0,"- ","- ",40.780368804931641,-124.15901947021484,HUMBOLDT,EUREKA,-124.1590576171875,40.780357360839844
8468658,2017,2017-10-12,1205,2017-07-28,1127,0118,204,5,5,3,1205,0,0,0,,0,,"FORTUNA BL","REDWOOD VILLAGE MALL PARKING LOT",21.00,N,N,A,-,N,,,,,,,,,,Y,3,0,1,2,A,-,09,21804,,N,D,C,A,A,H,-,A,A,0,,,,,Y,,D,22,0,1,0,0,0,0,0,0,0,"- ","- ",40.582599999999999,-124.14767000000001,HUMBOLDT,FORTUNA,,
84686889,2025,2025-05-14,1203,2025-04-23,2222,4171,,3,5,4,1203,0,0,0,,0,001,"FOURTH ST","C ST",0.00,,Y,A,-,Y,HUM,,101," "," ",78.329,H,,L,N,3,0,1,2,A,-,12,22450,A,N,D,C,A,A,H,-,C,A,0,,,,,Y,,A,01,0,1,0,0,0,0,0,0,0,"- ","- ",40.802330017089844,-124.16938781738281,HUMBOLDT,EUREKA,-124.16939544677734,40.802345275878906
84688789,2025,2025-05-15,1203,2025-04-12,1008,4101,,6,5,4,1203,0,0,0,,0,001,"THIRD ST","V ST",0.00,,Y,A,-,N,,,,,,,,,,Y,2,0,2,3,A,-,12,22450,,N,A,C,F,A,H,-,A,A,0,Y,,Y,,Y,,C,02,1,1,0,0,1,0,0,0,1,"- ","- ",40.805530548095703,-124.14932250976562,HUMBOLDT,EUREKA,-124.14933013916016,40.805496215820312
8469054,2017,2017-10-11,1205,2017-08-17,1525,0137,I03,4,5,3,1205,0,0,0,,0,,"14TH ST","K ST",0.00,,Y,A,-,N,,,,,,,,,,Y,4,0,1,2,A,-,09,21801,A,N,D,C,A,A,H,-,A,A,0,,,,,Y,,A,07,0,0,1,0,0,0,0,0,0,"- ","- ",40.596310000000003,-124.15235,HUMBOLDT,FORTUNA,-124.15230984999999,40.596309900000001
84693738,2025,2025-05-20,1203,2025-05-15,1048,4067,,4,5,4,1203,0,0,0,,0,003,"H ST","FOURTEENTH ST",0.00,,Y,A,-,N,,,,,,,,,,N,2,0,2,2,A,-,12,21453,A,N,D,C,A,A,H,-,A,A,0,,,,,Y,,A,07,1,1,0,0,0,0,0,0,0,"- ","- ",40.794940948486328,-124.16207122802734,HUMBOLDT,EUREKA,-124.16207885742188,40.794921875
84696895,2025,2025-05-22,1203,2025-05-17,1809,4170,,6,5,4,1203,0,0,0,,0,001,"SEVENTH ST","E ST",15.00,S,-,A,-,N,,,,,,,,,,N,4,0,1,2,A,-,03,22350,,N,C,C,A,A,H,-,A,A,0,,,,,Y,,A,01,0,0,1,0,0,0,0,0,0,"- ","- ",40.800140380859375,-124.16664886474609,HUMBOLDT,EUREKA,-124.16672515869141,40.800144195556641
84696904,2025,2025-05-22,1203,2025-05-13,1243,4101,,2,5,4,1203,0,0,0,,0,001,"A ST","SIXTH ST",0.00,,Y,A,-,N,,,,,,,,,,N,3,0,1,2,A,-,09,21802,A,N,H,G,A,A,H,-,A,A,0,,Y,,,Y,,A,01,0,1,0,0,0,0,1,0,0,"- ","- ",40.800350189208984,-124.17111206054688,HUMBOLDT,EUREKA,-124.17111968994141,40.800346374511719
84700495,2025,2025-05-26,1203,2025-05-22,2032,4155,,4,5,4,1203,0,0,0,,0,001,"SIXTH ST","SUMMER ST",25.00,E,-,A,-,N,,,,,,,,,,Y,3,0,1,1,A,-,01,23152,A,N,E,I,A,A,H,-,B,D,0,,,,,Y,,D,22,0,1,0,0,0,0,0,0,0,"- ","- ",40.800128936767578,-124.17279815673828,HUMBOLDT,EUREKA,-124.17274475097656,40.800125122070312
84700509,2025,2025-05-26,1203,2025-05-22,1810,4124,,4,5,4,1203,0,0,0,,0,002,"BROADWAY ST","BAYSHORE WAY",198.00,N,-,A,-,Y,HUM,,101," "," ",76.638,H,,L,Y,2,0,1,2,A,-,09,21804,A,N,D,C,A,A,H,-,A,D,0,,,Y,,Y,,A,01,1,0,0,0,0,0,0,0,1,"- ","- ",40.783050537109375,-124.18405914306641,HUMBOLDT,EUREKA,-124.18375396728516,40.782928466796875
84700513,2025,2025-05-26,1203,2025-05-22,2356,4044,,4,5,4,1203,0,0,0,,0,003,"FOURTEENTH ST","WEST AVE",61.00,W,-,A,-,N,,,,,,,,,,Y,4,0,1,3,A,-,01,23152,G,N,A,E,A,A,H,-,C,D,0,,,,,Y,Y,A,01,0,0,1,0,0,0,0,0,0,"- ","- ",40.796749114990234,-124.14813995361328,HUMBOLDT,EUREKA,-124.14816284179688,40.796718597412109
8470175,2017,2017-10-27,1203,2017-09-17,1616,4063,,7,5,4,1203,0,0,0,,0,003,"F ST",CARSON,22.00,N,N,A,-,N,,,,,,,,,,Y,3,0,1,2,A,-,01,23152,A,N,C,E,A,A,H,-,A,D,0,,,,Y,Y,Y,A,01,0,1,0,0,0,0,0,0,0,"- ","- ",,,HUMBOLDT,EUREKA,-124.16352925,40.784580400000003
84703091,2025,2025-05-28,1203,2025-05-26,1934,4084,,1,5,4,1203,0,0,0,,0,003,"HARRIS ST","F ST",0.00,,Y,A,-,N,,,,,,,,,,Y,3,0,3,2,A,-,12,21453,A,N,D,C,A,A,H,-,A,A,0,,,,,Y,,A,01,0,3,0,0,0,0,0,0,0,"- ","- ",40.780429840087891,-124.16355895996094,HUMBOLDT,EUREKA,-124.16358947753906,40.780429840087891
84703154,2025,2025-05-28,1203,2025-04-30,"955 ",4136,,3,5,4,1203,0,0,0,,0,002,"PRIVATE LOT (1005 W. WABASH AVE)","SHORT ST",0.00,,Y,A,-,N,,,,,,,,,,N,3,0,1,2,A,-,"- ",,,N,G,B,E,A,H,-,A,D,0,Y,,,,Y,,A,01,0,1,0,0,1,0,0,0,0,"- ","- ",40.792160034179688,-124.18302154541016,HUMBOLDT,EUREKA,-124.180587,40.791522000000001
84705266,2025,2025-05-29,1203,2025-05-23,1641,4136,,5,5,4,1203,0,0,0,,0,002,"W HENDERSON ST","CALIFORNIA ST",0.00,,Y,A,-,N,,,,,,,,,,N,3,0,1,2,A,-,04,21703,,N,C,C,A,A,H,-,A,A,0,,,,,Y,,A,01,0,1,0,0,0,0,0,0,0,"- ","- ",40.782928466796875,-124.17195892333984,HUMBOLDT,EUREKA,-124.17196655273438,40.782924652099609
84709044,2025,2025-06-02,1203,2025-05-09,1810,4170,,5,5,4,1203,0,0,0,,0,001,"A ST","SIXTH ST",0.00,,Y,A,-,N,,,,,,,,,,N,4,0,1,2,A,-,17,21657,,N,H,G,A,A,H,-,A,A,0,,Y,,,Y,,L,04,0,0,1,0,0,0,1,0,0,"- ","- ",40.800350189208984,-124.17111206054688,HUMBOLDT,EUREKA,-124.17111968994141,40.800346374511719
84709061,2025,2025-06-02,1203,2025-05-04,1725,4068,,7,5,4,1203,0,0,0,,0,003,"S ST","TRINITY ST",450.00,N,-,A,-,N,,,,,,,,,,Y,4,0,1,2,A,-,01,23152,,N,C,C,A,A,H,-,A,D,0,,,,,Y,Y,A,07,0,0,1,0,0,0,0,0,0,"- ","- ",40.783920288085938,-124.1422119140625,HUMBOLDT,EUREKA,-124.14907836914062,40.788967132568359
84709080,2025,2025-06-02,1203,2025-05-11,1408,4103,,7,5,4,1203,0,0,0,,0,001,"FIFTH ST","M ST",31.00,E,-,B,-,Y,HUM,,101," "," ",78.919,H,,R,Y,4,0,1,2,A,-,08,22107,,N,B,C,A,A,H,-,A,D,0,,,,,Y,,A,01,0,0,1,0,0,0,0,0,0,"- ","- ",40.802989959716797,-124.15834808349609,HUMBOLDT,EUREKA,-124.15834808349609,40.802993774414062
84709152,2025,2025-06-02,1203,2025-05-27,1616,4136,,2,5,4,1203,0,0,0,,0,003,"H ST","HARRIS ST",0.00,,Y,A,-,N,,,,,,,,,,N,3,0,1,2,A,-,09,21804,A,N,H,G,A,A,H,-,A,A,0,,Y,,,Y,,L,04,0,1,0,0,0,0,1,0,0,"- ","- ",40.780391693115234,-124.16133880615234,HUMBOLDT,EUREKA,-124.16134643554688,40.780376434326172
84709187,2025,2025-06-02,1203,2025-05-12,1753,4045,,1,5,4,1203,0,0,0,,0,002,"BROADWAY ST","BAYSHORE MALL NORTH ENTRANCE",130.00,S,-,A,-,Y,,,,,,,,,,N,4,0,3,2,A,-,03,22350,,N,C,C,A,A,H,-,A,A,0,,,,,Y,,A,07,0,0,3,0,0,0,0,0,0,"- ","- ",40.779960632324219,-124.18974304199219,HUMBOLDT,EUREKA,-124.18460845947266,40.781639099121094
84727038,2025,2025-06-16,1203,2025-06-01,"949 ",4130,,7,5,4,1203,0,0,0,,0,001,"N ST","FIFTH ST",0.00,,Y,A,-,N,,,,,,,,,,N,3,0,1,2,A,-,10,21950,,N,G,B,B,A,H,-,B,A,0,Y,,,,Y,,A,01,0,1,0,0,1,0,0,0,0,"- ","- ",40.803138732910156,-124.15728759765625,HUMBOLDT,EUREKA,-124.15730285644531,40.803146362304688
84727546,2025,2025-06-16,1203,2025-06-09,1816,4084,,1,5,4,1203,0,0,0,,0,001,STARTARE,"300 STARTARE DR DRIVEWAY",161.00,E,-,A,-,N,,,,,,,,,,Y,3,0,1,1,A,-,01,23152,A,N,E,J,A,A,H,-,A,D,0,,,,,Y,Y,A,01,0,1,0,0,0,0,0,0,0,"- ","- ",40.809921264648438,-124.15969085693359,HUMBOLDT,EUREKA,,
84729427,2025,2025-06-17,1203,2025-05-31,1458,4164,,6,5,4,1203,0,0,0,,0,002,UNION,"W EVERDING",65.00,N,Y,A,-,N,,,,,,,,,,Y,4,0,1,1,A,-,08,22107,,N,E,I,A,A,H,-,A,D,0,,,,,Y,,A,01,0,0,1,0,0,0,0,0,0,"- ","- ",40.779850006103516,-124.17500305175781,HUMBOLDT,EUREKA,-124.17481231689453,40.779876708984375
84730166,2025,2025-06-18,1203,2025-06-17,"542 ",4124,,2,5,4,1203,0,0,0,,0,001,"FOURTH ST","F ST",80.00,E,-,A,-,Y,HUM,,101," "," ",78.794,H,,L,Y,2,0,1,1,A,-,03,22350,,N,E,J,A,A,H,-,A,D,0,,,,,Y,,A,01,1,0,0,0,0,0,0,0,0,"- ","- ",40.803539276123047,-124.16071319580078,HUMBOLDT,EUREKA,-124.16071319580078,40.803546905517578
84736971,2025,2025-06-24,1203,2025-06-10,1436,4045,,2,5,4,1203,0,0,0,,0,003,"HARRIS ST","F ST",0.00,,Y,A,-,N,,,,,,,,,,N,4,0,1,2,A,-,12,21453,A,N,B,C,A,A,H,-,A,A,0,,,,,Y,,A,01,0,0,1,0,0,0,0,0,0,"- ","- ",40.780429840087891,-124.16355895996094,HUMBOLDT,EUREKA,-124.16358947753906,40.780429840087891
84738155,2025,2025-06-24,1203,2025-06-16,1734,4101,,1,5,4,1203,0,0,0,,0,001,"CALIFORNIA ST","W SIMPSON ST",0.00,,Y,A,-,N,,,,,,,,,,Y,3,0,1,2,A,-,08,22107,,N,A,C,A,A,H,-,A,A,0,,,,,Y,,A,01,0,1,0,0,0,0,0,0,0,"- ","- ",40.795761108398438,-124.17185211181641,HUMBOLDT,EUREKA,-124.17184448242188,40.795738220214844
8474254,2017,2017-11-03,1203,2017-10-02,2040,4019,,1,5,4,1203,0,0,0,,0,003,"14TH ST","F ST",0.00,,Y,A,-,N,,,,,,,,,,Y,4,0,2,2,A,-,12,22450,,N,D,C,A,A,H,-,C,A,0,,,,,Y,,A,01,0,0,2,0,0,0,0,0,0,"- ","- ",,,HUMBOLDT,EUREKA,-124.16420995999999,40.794529900000001
8475231,2017,2017-12-09,1203,2017-10-09,0739,460,,1,5,4,1203,0,0,0,,0,001,7TH,"E ST",0.00,,Y,A,-,N,,,,,,,,,,Y,3,0,1,2,A,-,12,21453,A,N,-,C,A,A,H,-,A,A,0,,,,,Y,,A,07,0,1,0,0,0,0,0,0,0,"- ","- ",,,HUMBOLDT,EUREKA,-124.16666994000001,40.80014997
84754043,2025,2025-07-08,1203,2025-04-26,1624,4155,,6,5,4,1203,0,0,0,,0,002,"BROADWAY ST","W DEL NORTE ST",0.00,,Y,A,-,Y,HUM,,101," "," ",77.206,H,,L,N,3,0,1,2,A,-,09,21804,,N,D,C,A,A,H,-,A,A,0,,,,,Y,,A,01,0,1,0,0,0,0,0,0,0,"- ","- ",40.790180206298828,-124.1793212890625,HUMBOLDT,EUREKA,-124.17922973632812,40.790149688720703
84758146,2025,2025-07-11,1203,2025-07-07,1721,4169,,1,5,4,1203,0,0,0,,0,003,"HODGSON ST","H ST",0.00,,Y,A,-,N,,,,,,,,,,N,3,0,1,2,A,-,09,21801,,N,H,G,A,A,H,-,A,A,0,,Y,,,Y,,L,04,0,1,0,0,0,0,1,0,0,"- ","- ",40.778728485107422,-124.16133880615234,HUMBOLDT,EUREKA,-124.16136169433594,40.778728485107422
84758558,2025,2025-07-11,1203,2025-06-23,1447,4165,,1,5,4,1203,0,0,0,,0,001,"R ST","FOURTH  ST",0.00,,Y,A,-,N,,,,,,,,,,N,3,0,1,3,A,-,04,21703,,N,C,C,A,A,H,-,A,A,0,,Y,,,Y,,A,07,0,1,0,0,0,0,0,0,0,"- ","- ",40.805538177490234,-124.1536865234375,HUMBOLDT,EUREKA,-124.15365600585938,40.804714202880859
84760275,2025,2025-07-14,1203,2025-06-28,1448,4130,,6,5,4,1203,0,0,0,,0,001,"SIXTH ST","L ST",0.00,,Y,A,-,N,,,,,,,,,,Y,3,0,2,2,A,-,12,22450,,N,D,C,A,A,H,-,A,A,0,,,,,Y,,A,01,0,1,1,0,0,0,0,0,0,"- ","- ",40.801998138427734,-124.15923309326172,HUMBOLDT,EUREKA,-124.15921783447266,40.802013397216797
84760640,2025,2025-07-14,1203,2025-05-09,2343,4068,,5,5,4,1203,0,0,0,,0,001,"FOURTH ST","R ST",0.00,,Y,A,-,Y,HUM,,101," "," ",79.147,H,,L,N,3,0,1,3,A,-,01,23152,,N,B,C,A,A,H,-,C,A,0,,,,,Y,Y,D,22,0,1,0,0,0,0,0,0,0,"- ","- ",40.804950714111328,-124.15411376953125,HUMBOLDT,EUREKA,-124.15410614013672,40.804718017578125
8476605,2017,2017-10-30,1203,2017-09-27,0735,4075,,3,5,4,1203,0,0,0,,0,001,6,B,0.00,,Y,A,-,N,,,,,,,,,,Y,4,0,1,2,A,-,09,21802,A,N,D,C,A,A,H,-,A,D,0,,,,,Y,,D,22,0,0,1,0,0,0,0,0,0,"- ","- ",,,HUMBOLDT,EUREKA,-124.17007995,40.800499930000001
8476613,2017,2017-10-23,1203,2017-09-22,1930,4039,1203,5,5,4,1203,0,0,0,,0,001,"14TH ST",SUMMER,0.00,,Y,A,-,N,,,,,,,,,,N,4,0,1,2,A,-,09,21802,A,N,D,C,A,A,H,-,B,A,0,,,,,Y,,D,22,0,0,1,0,0,0,0,0,0,"- ","- ",,,HUMBOLDT,EUREKA,-124.17403985999999,40.794110000000003
8476617,2017,2018-06-08,1203,2017-07-20,1305,77,1203,4,5,4,1203,0,0,0,,0,001,"RT 101",MYRTLE,0.00,,Y,A,-,Y,HUM,1,101,-,-,79.060,I,5,S,Y,3,0,1,3,A,-,09,21802,A,N,D,C,A,A,H,-,A,A,0,,Y,,,Y,,D,22,0,1,0,0,0,0,1,0,0,"- ","- ",,,HUMBOLDT,EUREKA,-124.15579092999999,40.804268880000002
8476625,2017,2017-10-31,1203,2017-10-04,1330,4077,3,3,5,4,1203,0,0,0,,0,003,"E ST",GROTTO,0.00,,Y,A,-,N,,,,,,,,,,Y,4,0,1,2,A,-,09,21801,A,N,A,C,A,A,H,-,A,D,0,,,,,Y,,A,01,0,0,1,0,0,0,0,0,0,"- ","- ",,,HUMBOLDT,EUREKA,-124.1646799,40.781649969999997