CASE_ID,ACCIDENT_YEAR,PROC_DATE,JURIS,COLLISION_DATE,COLLISION_TIME,OFFICER_ID,REPORTING_DISTRICT,DAY_OF_WEEK,CHP_SHIFT,POPULATION,CNTY_CITY_LOC,SPECIAL_COND,BEAT_TYPE,CHP_BEAT_TYPE,CITY_DIVISION_LAPD,CHP_BEAT_CLASS,BEAT_NUMBER,PRIMARY_RD,SECONDARY_RD,DISTANCE,DIRECTION,INTERSECTION,WEATHER_1,WEATHER_2,STATE_HWY_IND,CALTRANS_COUNTY,CALTRANS_DISTRICT,STATE_ROUTE,ROUTE_SUFFIX,POSTMILE_PREFIX,POSTMILE,LOCATION_TYPE,RAMP_INTERSECTION,SIDE_OF_HWY,TOW_AWAY,COLLISION_SEVERITY,NUMBER_KILLED,NUMBER_INJURED,PARTY_COUNT,PRIMARY_COLL_FACTOR,PCF_CODE_OF_VIOL,PCF_VIOL_CATEGORY,PCF_VIOLATION,PCF_VIOL_SUBSECTION,HIT_AND_RUN,TYPE_OF_COLLISION,MVIW,PED_ACTION,ROAD_SURFACE,ROAD_COND_1,ROAD_COND_2,LIGHTING,CONTROL_DEVICE,CHP_ROAD_TYPE,PEDESTRIAN_ACCIDENT,BICYCLE_ACCIDENT,MOTORCYCLE_ACCIDENT,TRUCK_ACCIDENT,NOT_PRIVATE_PROPERTY,ALCOHOL_INVOLVED,STWD_VEHTYPE_AT_FAULT,CHP_VEHTYPE_AT_FAULT,COUNT_SEVERE_INJ,COUNT_VISIBLE_INJ,COUNT_COMPLAINT_PAIN,COUNT_PED_KILLED,COUNT_PED_INJURED,COUNT_BICYCLIST_KILLED,COUNT_BICYCLIST_INJURED,COUNT_MC_KILLED,COUNT_MC_INJURED,PRIMARY_RAMP,SECONDARY_RAMP,LATITUDE,LONGITUDE,COUNTY,CITY,POINT_X,POINT_Y
84968239,2025,2025-12-11,1203,2025-11-03,1441,4101,,1,5,4,1203,0,0,0,,0,002,"WABASH AVE","UNION ST",0.00,,Y,C,-,N,,,,,,,,,,N,4,0,1,3,A,-,09,21802,A,N,D,E,A,B,H,-,A,A,0,,,,,Y,,D,73,0,0,1,0,0,0,0,0,0,"- ","- ",40.791500091552734,-124.17498779296875,HUMBOLDT,EUREKA,-124.17501068115234,40.791511535644531
84973051,2025,2025-12-15,1203,2025-12-11,1715,4101,,4,5,4,1203,0,0,0,,0,002,"ALBEE ST","FOURTEENTH ST",0.00,,Y,A,-,N,,,,,,,,,,N,3,0,1,2,A,-,10,21950,A,N,G,B,B,A,H,-,C,A,0,Y,,,,Y,,A,07,0,1,0,0,1,0,0,0,0,"- ","- ",40.794120788574219,-124.17603302001953,HUMBOLDT,EUREKA,-124.17609405517578,40.79412841796875
8497343,2017,2017-12-28,1201,2017-10-31,1506,589,307,2,5,3,1201,0,0,0,,0,00S,"7TH ST","F ST",6.00,W,N,A,-,N,,,,,,,,,,N,3,0,1,2,A,-,11,21950,B,N,G,B,B,A,H,-,A,A,0,Y,,,,Y,,N,60,0,1,0,0,1,0,0,0,0,"- ","- ",40.867249999999999,-124.08481999999999,HUMBOLDT,ARCATA,-124.08536089,40.867024460000003
84975630,2025,2025-12-17,1203,2025-10-31,1924,4107,,5,5,4,1203,0,0,0,,0,003,"BUHNE ST","S ST",431.00,W,-,A,-,N,,,,,,,,,,Y,3,0,1,1,A,-,16,24002,,N,E,I,A,A,H,-,C,D,0,,,Y,,Y,,C,02,0,1,0,0,0,0,0,0,1,"- ","- ",40.786079406738281,-124.14909362792969,HUMBOLDT,EUREKA,-124.15065002441406,40.786079406738281
84975647,2025,2025-12-17,1203,2025-12-16,1007,4171,,2,5,4,1203,0,0,0,,0,001,"SECOND ST","V ST",0.00,,Y,A,-,N,,,,,,,,,,N,3,0,1,2,A,-,09,21804,A,N,H,G,A,B,H,-,A,A,0,,Y,,,Y,,D,22,0,1,0,0,0,0,1,0,0,"- ","- ",40.806358337402344,-124.1492919921875,HUMBOLDT,EUREKA,-124.14929962158203,40.806343078613281
84975666,2025,2025-12-17,1203,2025-12-10,1637,4171,,3,5,4,1203,0,0,0,,0,001,"SIXTH ST","F ST",0.00,,Y,A,-,N,,,,,,,,,,N,2,0,1,2,A,-,10,21950,A,N,G,B,B,A,H,-,A,D,0,Y,,,,Y,Y,A,01,1,0,0,0,1,0,0,0,0,"- ","- ",40.801090240478516,-124.16577911376953,HUMBOLDT,EUREKA,-124.16581726074219,40.801078796386719
84985465,2025,2025-12-24,1203,2025-12-16,1747,4124,,2,5,4,1203,0,0,0,,0,002,"BROADWAY ST","W WABASH AV",0.00,,Y,C,-,N,,,,,,,,,,N,4,0,1,2,A,-,03,22350,,M,C,C,A,B,H,-,C,A,0,,,,,Y,,A,01,0,0,1,0,0,0,0,0,0,"- ","- ",40.791511535644531,-124.17835998535156,HUMBOLDT,EUREKA,-124.17836761474609,40.791526794433594
84985474,2025,2025-12-24,1203,2025-12-18,"840 ",4165,,4,5,4,1203,0,0,0,,0,001,"FOURTH ST","W ST",0.00,,Y,B,-,N,,,,,,,,,,N,3,0,1,3,A,-,04,21703,,N,C,C,A,A,H,-,A,A,0,,,,,Y,,A,01,0,1,0,0,0,0,0,0,0,"- ","- ",40.804679870605469,-124.14820861816406,HUMBOLDT,EUREKA,-124.14826202392578,40.804714202880859
84985478,2025,2025-12-24,1203,2025-11-14,1526,4045,,5,5,4,1203,0,0,0,,0,003,"J ST","BUHNE ST",0.00,,Y,A,-,N,,,,,,,,,,Y,4,0,1,2,A,-,09,21802,A,N,D,C,A,A,H,-,A,A,0,,,,,Y,,A,07,0,0,1,0,0,0,0,0,0,"- ","- ",40.786140441894531,-124.15892791748047,HUMBOLDT,EUREKA,-124.15896606445312,40.786128997802734
84985485,2025,2025-12-24,1203,2025-12-17,"921 ",4137,,3,5,4,1203,0,0,0,,0,002,"W WABASH AV","SHORT ST",0.00,,Y,A,-,N,,,,,,,,,,Y,3,0,2,2,A,-,21,22106,,N,D,C,A,A,H,-,A,A,0,,,,,Y,,A,01,0,2,0,0,0,0,0,0,0,"- ","- ",40.791530609130859,-124.18061828613281,HUMBOLDT,EUREKA,-124.18063354492188,40.791538238525391
84990505,2025,2025-12-29,1203,2025-12-05,1928,4166,,5,5,4,1203,0,0,0,,0,001,"FOURTH ST","G ST",153.00,E,-,C,-,Y,HUM,,101," "," ",78.561,H,,L,N,3,0,1,2,A,-,09,21804,,N,H,G,A,B,H,-,C,D,0,,Y,,,Y,,A,01,0,1,0,0,0,0,1,0,0,"- ","- ",40.802921295166016,-124.16510772705078,HUMBOLDT,EUREKA,-124.16511535644531,40.802928924560547
84993798,2025,2025-12-31,1203,2025-12-09,1717,4136,,2,5,4,1203,0,0,0,,0,002,"W WABASH AV","SPRING ST",0.00,,Y,-,-,N,,,,,,,,,,Y,2,0,1,3,A,-,09,21801,,F,A,E,A,A,H,-,C,D,0,,,Y,,Y,,A,01,1,0,0,0,0,0,0,0,1,"- ","- ",40.791519165039062,-124.17716217041016,HUMBOLDT,EUREKA,-124.17715454101562,40.791519165039062
84994347,2025,2025-12-31,1203,2025-12-23,1618,4176,,2,5,4,1203,0,0,0,,0,001,"N ST","FOURTH ST",0.00,,Y,C,-,Y,HUM,,101," "," ",78.967,H,,L,N,3,0,1,2,A,-,10,21950,A,N,G,B,B,B,H,-,A,A,0,Y,,,,Y,,A,01,0,1,0,0,1,0,0,0,0,"- ","- ",40.803981781005859,-124.15747833251953,HUMBOLDT,EUREKA,-124.15748596191406,40.803993225097656
84998460,2025,2026-01-05,1203,2025-12-14,1701,4084,,7,5,4,1203,0,0,0,,0,002,"W WABASH AVE","BROADWAY ST",61.00,E,-,A,-,Y,HUM,,101," "," ",77.335,H,,R,N,3,0,1,2,A,-,05,21650,,N,H,G,A,A,H,-,B,A,0,,Y,,,Y,,L,04,0,1,0,0,0,0,1,0,0,"- ","- ",40.791938781738281,-124.17784881591797,HUMBOLDT,EUREKA,-124.17802429199219,40.791996002197266
85002279,2025,2026-01-07,1203,2025-12-29,1235,4177,,1,5,4,1203,0,0,0,,0,003,"H ST","DEL NORTE ST",45.00,N,-,A,-,N,,,,,,,,,,N,4,0,2,4,A,-,03,22350,,N,C,C,B,A,H,-,A,D,0,Y,,,,Y,,D,72,0,0,2,0,0,0,0,0,0,"- ","- ",40.790420532226562,-124.16153717041016,HUMBOLDT,EUREKA,-124.16124725341797,40.790615081787109
85002305,2025,2026-01-07,1203,2025-12-29,1115,4101,,1,5,4,1203,0,0,0,,0,003,"H ST","HODGSON ST",0.00,,Y,A,-,N,,,,,,,,,,Y,3,0,2,3,A,-,09,21802,A,N,D,C,A,A,H,-,A,A,0,,,,,Y,,A,01,0,1,1,0,0,0,0,0,0,"- ","- ",40.778728485107422,-124.16133880615234,HUMBOLDT,EUREKA,-124.16136169433594,40.778728485107422
85002336,2025,2026-01-07,1203,2025-12-14,1719,4045,,7,5,4,1203,0,0,0,,0,001,"A ST","CLARK ST",0.00,,Y,B,-,N,,,,,,,,,,N,2,0,1,2,A,-,12,22450,A,N,H,G,A,A,H,-,C,A,0,,Y,,,Y,,L,04,1,0,0,0,0,0,1,0,0,"- ","- ",40.79656982421875,-124.17073822021484,HUMBOLDT,EUREKA,-124.17078399658203,40.796558380126953
85002355,2025,2026-01-07,1203,2025-12-30,1138,4103,,2,5,4,1203,0,0,0,,0,002,"W HARRIS ST","SPRING ST",0.00,,Y,A,-,N,,,,,,,,,,Y,4,0,1,2,A,-,08,22107,,N,D,C,A,A,H,-,A,D,0,,,,,Y,,A,01,0,0,1,0,0,0,0,0,0,"- ","- ",40.780529022216797,-124.17723846435547,HUMBOLDT,EUREKA,-124.17732238769531,40.780540466308594
85002369,2025,2026-01-07,1203,2025-11-24,1748,4155,,1,5,4,1203,0,0,0,,0,002,"W SONOMA ST","SPRING ST",0.00,,Y,A,-,N,,,,,,,,,,N,4,0,1,2,A,-,12,22450,,N,H,G,A,A,H,-,C,A,0,,Y,,,Y,,M,91,0,0,1,0,0,0,1,0,0,"- ","- ",40.789028167724609,-124.17716979980469,HUMBOLDT,EUREKA,-124.17719268798828,40.789825439453125
85002441,2025,2026-01-07,1203,2025-12-13,1856,4044,,6,5,4,1203,0,0,0,,0,003,"HODGSON ST","I ST",0.00,,Y,A,-,N,,,,,,,,,,N,3,0,1,2,A,-,10,21950,A,N,G,B,B,A,H,-,C,D,0,Y,,,,Y,,A,01,0,1,0,0,1,0,0,0,0,"- ","- ",40.778728485107422,-124.16017913818359,HUMBOLDT,EUREKA,-124.16020202636719,40.778720855712891
8500580,2017,2018-06-18,1201,2017-10-28,1320,589,107,6,5,3,1201,0,0,0,,0,00N,"SUNSET AV","RT 101",41.00,N,N,A,-,Y,HUM,1,101,-,-,87.144,R,4,S,N,3,0,1,2,A,-,12,22450,A,N,H,G,A,A,H,-,A,A,0,,Y,,,Y,,L,04,0,1,0,0,0,0,1,0,0,"- ",SO,40.879710000000003,-124.08479,HUMBOLDT,ARCATA,-124.08148051000001,40.881577239999999
8500588,2017,2018-02-08,1201,2017-10-11,1007,510,304,3,5,3,1201,0,0,0,,0,0DT,"11TH ST","G ST",0.00,,Y,C,-,N,,,,,,,,,,Y,4,0,1,2,A,-,12,22450,A,N,D,C,A,B,H,-,A,D,0,,,,,Y,,D,22,0,0,1,0,0,0,0,0,0,"- ","- ",40.970379999999999,-124.08517000000001,HUMBOLDT,ARCATA,-124.08517995,40.870399949999999
8500592,2017,2017-12-14,1201,2017-09-26,2017,447,307,2,5,3,1201,0,0,0,,0,00S,"7TH ST","F ST",173.00,E,N,A,-,N,,,,,,,,,,N,3,0,1,2,A,-,08,22107,,F,D,C,A,A,H,-,D,D,0,,,Y,,Y,,D,22,0,1,0,0,0,0,0,0,1,"- ","- ",40.865699999999997,-124.08526999999999,HUMBOLDT,ARCATA,-124.08473615,40.866895679999999
8500596,2017,2017-12-21,1201,2017-09-12,0817,509,309,2,5,3,1201,0,0,0,,0,00S,"SAMOA BL","G ST",0.00,,Y,B,-,N,,,,,,,,,,Y,3,0,1,2,A,-,17,21451,A,N,D,C,A,B,H,-,A,A,0,,,,,Y,,A,07,0,1,0,0,0,0,0,0,0,"- ","- ",40.864939999999997,-124.08721,HUMBOLDT,ARCATA,-124.08722993000001,40.864849890000002
8500724,2017,2017-12-06,1201,2017-10-31,0700,589,302,2,5,3,1201,0,0,0,,0,00S,"ALLIANCE RD","17TH ST",0.00,,Y,A,-,N,,,,,,,,,,N,3,0,1,2,A,-,09,21802,A,N,D,G,A,A,H,-,A,A,0,,Y,,,Y,,A,01,0,1,0,0,0,0,1,0,0,"- ","- ",40.884979999999999,-124.09116,HUMBOLDT,ARCATA,-124.09097985,40.876889919999996
8500728,2017,2018-01-08,1201,2017-10-01,0036,628,306,7,5,3,1201,0,0,0,,0,0DT,"13TH ST","12TH ST",5.00,N,N,A,-,N,,,,,,,,,,N,2,0,1,2,A,-,05,21650,,F,G,B,E,A,H,-,D,D,0,Y,,,,Y,,-,,1,0,0,0,1,0,0,0,0,"- ","- ",40.871699999999997,-124.08525,HUMBOLDT,ARCATA,,
85010025,2025,2026-01-12,1203,2025-12-29,1512,4176,,1,5,4,1203,0,0,0,,0,003,"J ST","HARRIS ST",0.00,,Y,A,-,N,,,,,,,,,,Y,3,0,3,2,A,-,09,21802,A,N,D,D,A,A,H,-,A,A,0,,,,,Y,,A,01,0,3,0,0,0,0,0,0,0,"- ","- ",40.780368804931641,-124.15901947021484,HUMBOLDT,EUREKA,-124.1590576171875,40.780357360839844
8501161,2017,2017-12-08,1203,2017-11-17,2154,4039,P56,5,5,4,1203,0,0,0,,0,003,"E ST","HENDERSON ST",0.00,,Y,A,-,N,,,,,,,,,,Y,2,0,2,2,A,-,12,21453,A,N,D,C,A,A,H,-,C,A,0,,,,,Y,,A,01,1,1,0,0,0,0,0,0,0,"- ","- ",,,HUMBOLDT,EUREKA,-124.16465985000001,40.782879889999997
8501165,2017,2017-12-08,1203,2017-11-08,1258,460,,3,5,4,1203,0,0,0,,0,003,S,TRINITY,23.00,S,N,C,-,N,,,,,,,,,,N,3,0,1,2,A,-,11,21954,A,N,G,B,D,B,H,-,A,D,0,Y,,,,Y,,N,60,0,1,0,0,1,0,0,0,0,"- ","- ",,,HUMBOLDT,EUREKA,-124.14909,40.787666850000001
8501202,2017,2017-12-08,1201,2017-09-05,1854,628,304,2,5,3,1201,0,0,0,,0,0DT,"11TH ST","H ST",0.00,,Y,A,-,N,,,,,,,,,,N,2,0,1,2,A,-,11,21954,A,N,G,B,E,A,H,-,A,A,0,Y,,,,Y,,N,60,1,0,0,0,1,0,0,0,0,"- ","- ",40.870629999999998,-124.08622,HUMBOLDT,ARCATA,-124.08619994999999,40.870629950000001
85019782,2025,2026-01-20,1203,2025-12-13,1715,4106,,6,5,4,1203,0,0,0,,0,001,"SEVENTH ST","MYRTLE AVE",0.00,,Y,-,-,N,,,,,,,,,,N,3,0,1,2,A,-,08,22107,,F,G,B,B,B,H,-,C,A,0,Y,,,,Y,,A,01,0,1,0,0,1,0,0,0,0,"- ","- ",40.802330017089844,-124.15194702148438,HUMBOLDT,EUREKA,-124.15195465087891,40.802345275878906
85019784,2025,2026-01-20,1203,2025-12-22,1816,4130,,1,5,4,1203,0,0,0,,0,001,"BROADWAY ST","W FOURTEENTH ST",0.00,,Y,A,-,N,,,,,,,,,,N,3,0,2,3,A,-,03,22350,,N,C,C,A,A,H,-,C,D,0,,,,,Y,,A,01,0,2,0,0,0,0,0,0,0,"- ","- ",40.795188903808594,-124.17626953125,HUMBOLDT,EUREKA,-124.17684936523438,40.79412841796875
85022216,2025,2026-01-21,1203,2025-12-18,1838,4166,,4,5,4,1203,0,0,0,,0,001,"W GRANT ST","PINE ST",0.00,,Y,A,-,N,,,,,,,,,,N,3,0,1,2,A,-,04,21703,,N,C,C,A,A,H,-,C,A,0,,,,,Y,,A,01,0,1,0,0,0,0,0,0,0,"- ","- ",40.797409057617188,-124.17288970947266,HUMBOLDT,EUREKA,-124.17294311523438,40.79742431640625
85022288,2025,2026-01-21,1203,2025-12-24,2307,4130,,3,5,4,1203,0,0,0,,0,002,"W HENDERSON ST","OCEAN AVE",0.00,,Y,A,-,N,,,,,,,,,,Y,3,0,1,1,A,-,07,21658,A,N,E,I,A,A,H,-,C,D,0,,,,,Y,,A,08,0,1,0,0,0,0,0,0,0,"- ","- ",40.782119750976562,-124.18099212646484,HUMBOLDT,EUREKA,-124.18148040771484,40.781852722167969
8504028,2017,2018-06-18,1203,2017-11-24,2001,4067,P52,5,5,4,1203,0,0,0,,0,002,"RT 101","BAYSHORE WY",298.00,S,N,A,-,Y,HUM,1,101,-,-,76.500,H,-,S,N,2,0,1,2,A,-,08,22107,,F,H,G,A,A,H,-,C,D,0,,Y,,,Y,,L,04,1,0,0,0,0,0,1,0,0,"- ","- ",40.780900000000003,-124.18544,HUMBOLDT,EUREKA,-124.18502488,40.781148610000002
8504221,2017,2018-06-18,1203,2017-11-05,1703,4068,P31,7,5,4,1203,0,0,0,,0,002,14,BROADWAY,0.00,,Y,B,-,Y,HUM,1,101,-,-,77.490,I,5,N,N,3,0,1,2,A,-,10,21950,A,N,G,B,B,A,H,-,A,A,0,Y,,,,Y,,A,07,0,1,0,0,1,0,0,0,0,"- ","- ",40.794119999999999,-124.17683,HUMBOLDT,EUREKA,-124.17676303,40.79413151
8504558,2017,2018-06-18,1203,2017-11-22,2017,4036,P10,3,5,4,1203,0,0,0,,0,001,"RT 101","6TH ST",140.00,N,N,A,-,Y,HUM,1,101,-,-,79.550,H,-,N,N,3,0,1,2,B,-,22,,,N,G,B,E,A,H,-,C,D,0,Y,,,,Y,,-,"- ",0,1,0,0,1,0,0,0,0,"- ","- ",40.80339,-124.14541,HUMBOLDT,EUREKA,-124.14640641,40.803974420000003
8504727,2017,2018-06-18,1203,2017-11-01,2117,4044,P19,3,5,4,1203,0,0,0,,0,001,"RT 101","S ST",75.00,W,N,A,-,Y,HUM,1,101,-,-,79.220,H,-,S,N,2,0,1,2,A,-,10,21952,,F,G,B,F,A,H,-,C,D,0,Y,,,,Y,,A,07,1,0,0,0,1,0,0,0,0,"- ","- ",40.804490000000001,-124.15279,HUMBOLDT,EUREKA,-124.15271695,40.804693219999997
8506920,2017,2017-12-07,1201,2017-10-23,1230,569,303,1,5,3,1201,0,0,0,,0,00S,"12TH ST","H ST",0.00,,Y,A,-,N,,,,,,,,,,N,3,0,1,2,A,-,11,21950,B,N,H,B,B,A,H,-,A,A,0,Y,,,,Y,,N,60,0,1,0,0,1,0,0,0,0,"- ","- ",40.871409999999997,-124.08589000000001,HUMBOLDT,ARCATA,-124.08588985,40.871449900000002
8513441,2017,2018-02-15,1203,2017-12-30,1953,4075,P33,6,5,4,1203,0,0,0,,0,003,"14TH ST","B ST",73.00,W,N,B,-,N,,,,,,,,,,Y,3,0,1,2,A,-,01,23152,A,N,B,E,A,A,H,-,C,D,0,,,,,Y,Y,A,01,0,1,0,0,0,0,0,0,0,"- ","- ",,,HUMBOLDT,EUREKA,-124.16997372,40.794089999999997
8516810,2017,2018-06-18,1203,2017-12-21,1605,4044,P22,4,5,4,1203,0,0,0,,0,001,BROADWAY,"CLARK ST",0.00,,Y,A,-,Y,HUM,1,101,-,-,77.680,I,5,S,Y,3,0,3,3,A,-,08,22107,,N,D,C,A,A,H,-,A,A,0,,,,,Y,,A,07,0,3,0,0,0,0,0,0,0,"- ","- ",40.796239999999997,-124.17516000000001,HUMBOLDT,EUREKA,-124.17545033,40.796664880000002
8518185,2017,2017-12-29,1203,2017-10-12,0730,4077,,4,5,4,1203,0,0,0,,0,003,"O ST","RUSS ST",0.00,,Y,A,-,N,,,,,,,,,,N,4,0,1,2,A,-,12,22450,A,N,D,G,A,A,H,-,A,A,0,,Y,,,Y,,L,04,0,0,1,0,0,0,1,0,0,"- ","- ",,,HUMBOLDT,EUREKA,-124.15346999,40.78198991
8518201,2017,2018-06-18,1203,2017-11-29,1753,4044,P19,3,5,4,1203,0,0,0,,0,001,"RT 101","U ST",35.00,W,N,A,-,Y,HUM,1,101,-,-,79.340,H,-,S,Y,3,0,1,2,A,-,03,22350,,N,C,C,A,A,H,-,C,D,0,,,,,Y,,D,22,0,1,0,0,0,0,0,0,0,"- ","- ",40.805300000000003,-121.45038,HUMBOLDT,EUREKA,-124.15050764,40.804678819999999
8526337,2017,2018-02-03,1203,2017-12-16,1425,4077,P20,6,5,4,1203,0,0,0,,0,003,"MYRTLE AV","WEST AV",65.00,E,N,A,-,N,,,,,,,,,,N,4,0,1,2,A,-,03,22350,A,M,D,C,A,A,H,-,A,A,0,,,,,Y,Y,-,,0,0,1,0,0,0,0,0,0,"- ","- ",40.79945,-124.14773,HUMBOLDT,EUREKA,-124.14796947000001,40.799455870000003
8526808,2017,2018-01-29,1203,2017-12-11,1320,4077,P17,1,5,4,1203,0,0,0,,0,001,"H ST","6TH ST",0.00,,Y,A,-,N,,,,,,,,,,N,3,0,2,2,A,-,12,21453,A,N,D,C,A,A,H,-,A,A,0,,,,,Y,,-,,0,2,0,0,0,0,0,0,0,"- ","- ",40.801389999999998,-124.16361999999999,HUMBOLDT,EUREKA,-124.16359998,40.801399930000002
8526812,2017,2018-01-12,1203,2017-12-11,1604,4061,P56,1,5,4,1203,0,0,0,,0,003,"H ST","HENDERSON ST",0.00,,Y,A,-,N,,,,,,,,,,Y,4,0,1,2,A,-,12,21453,A,N,D,C,A,A,H,-,A,A,0,,,,,Y,,A,08,0,0,1,0,0,0,0,0,0,"- ","- ",40.782850000000003,-124.16132,HUMBOLDT,EUREKA,-124.16129989,40.782849910000003
8526816,2017,2018-01-12,1203,2017-12-23,1500,4032,P48,6,5,4,1203,0,0,0,,0,003,"J ST","BUHNE ST",0.00,,Y,B,-,N,,,,,,,,,,Y,4,0,2,2,A,-,12,22450,,N,A,C,A,A,H,-,A,A,0,,,,,Y,,A,01,0,0,2,0,0,0,0,0,0,"- ","- ",40.786299999999997,-124.15881,HUMBOLDT,EUREKA,-124.1589699,40.786129940000002
8526820,2017,2018-01-12,1203,2017-12-22,1230,4077,P53,5,5,4,1203,0,0,0,,0,002,HARRIS,SPRING,19.00,W,N,A,-,N,,,,,,,,,,Y,4,0,1,2,A,-,03,22350,A,N,C,C,A,A,H,-,A,D,0,,,,,Y,,A,01,0,0,1,0,0,0,0,0,0,"- ","- ",40.781700000000001,-124.17809,HUMBOLDT,EUREKA,-124.17738862,40.780540000000002
8527960,2017,2018-01-13,1201,2017-11-03,1641,629,309,5,5,3,1201,0,0,0,,0,00S,"SAMOA BL","I ST",0.00,,Y,C,-,N,,,,,,,,,,N,3,0,1,3,A,-,03,22350,,N,C,C,A,B,H,-,A,A,0,,,,,Y,Y,A,01,0,1,0,0,0,0,0,0,0,"- ","- ",40.865290000000002,-124.08929999999999,HUMBOLDT,ARCATA,-124.08932998,40.865299929999999
8527964,2017,2018-01-13,1201,2017-11-01,1300,589,108,3,5,3,1201,0,0,0,,0,00N,"G ST","SUNSET AV",0.00,,Y,B,-,N,,,,,,,,,,N,3,0,1,2,A,-,11,21950,B,N,G,B,B,A,H,-,A,A,0,Y,,,,Y,,N,60,0,1,0,0,1,0,0,0,0,"- ","- ",40.879710000000003,-124.08479,HUMBOLDT,ARCATA,-124.08349995,40.878799960000002
8529843,2017,2018-01-16,1203,2017-12-21,1230,4073,P39,4,5,4,1203,0,0,0,,0,002,"W HAWTHORNE ST","PINE ST",0.00,,Y,A,-,N,,,,,,,,,,N,3,0,2,2,A,-,12,22450,,N,A,C,A,A,H,-,A,A,0,,,,,Y,,A,01,0,2,0,0,0,0,0,0,0,"- ","- ",40.789009999999998,-124.17296,HUMBOLDT,EUREKA,-124.17299996,40.78900994
8529847,2017,2018-01-16,1203,2017-12-21,0821,4042,P20,4,5,4,1203,0,0,0,,0,003,MYRTLE,WEST,111.00,W,N,A,-,N,,,,,,,,,,Y,3,0,1,2,A,-,03,22350,,N,C,C,A,A,H,-,A,D,0,,,,,Y,,A,01,0,1,0,0,0,0,0,0,0,"- ","- ",40.79956,-124.14814,HUMBOLDT,EUREKA,-124.14846147,40.799761959999998
8529851,2017,2018-01-16,1203,2017-12-12,1653,0490,P20,2,5,4,1203,0,0,0,,0,003,"7TH ST",MYRTLE,12.00,E,N,A,-,N,,,,,,,,,,N,3,0,1,2,A,-,21,22106,,N,C,C,A,A,H,-,B,A,0,,,,,Y,,A,01,0,1,0,0,0,0,0,0,0,"- ","- ",40.800719999999998,-124.14859,HUMBOLDT,EUREKA,-124.15196,40.802349999999997
8529855,2017,2018-01-16,1203,2017-12-15,1918,4067,P16,5,5,4,1203,0,0,0,,0,001,"7TH ST","H ST",40.00,E,N,B,-,N,,,,,,,,,,N,3,0,2,2,A,-,12,21453,A,N,D,C,A,A,H,-,C,A,0,,,,,Y,,-,,0,2,0,0,0,0,0,0,0,"- ","- ",40.800620000000002,-124.16336,HUMBOLDT,EUREKA,-124.16326776,40.800609399999999
8532854,2017,2018-01-13,1203,2017-12-14,1136,4042,P16,4,5,4,1203,0,0,0,,0,001,"D ST","6TH ST",71.00,N,N,A,-,N,,,,,,,,,,N,3,0,1,2,A,-,05,21202,A,N,H,G,A,A,H,-,A,D,0,,Y,,,Y,,L,04,0,1,0,0,0,0,1,0,0,"- ","- ",40.801130000000001,-124.16768999999999,HUMBOLDT,EUREKA,-124.16796733,40.800981579999998
8534085,2017,2018-01-22,1203,2017-11-24,1805,4078,P58,5,5,4,1203,0,0,0,,0,002,HIGHLAND,COTTAGE,0.00,,Y,A,-,N,,,,,,,,,,N,3,0,1,2,A,-,08,22107,,F,G,B,D,A,H,-,C,D,0,Y,,,,Y,,A,01,0,1,0,0,1,0,0,0,0,"- ","- ",40.775709999999997,-124.18517,HUMBOLDT,EUREKA,-124.1851899,40.775679949999997
8534101,2017,2018-01-22,1203,2017-11-14,2310,4036,P31,2,5,4,1203,0,0,0,,0,002,"W 14TH ST",BROADWAY,36.00,W,N,A,-,N,,,,,,,,,,Y,4,0,1,1,A,-,08,22107,,N,E,I,A,A,H,-,C,A,0,,,,,Y,,A,07,0,0,1,0,0,0,0,0,0,"- ","- ",,,HUMBOLDT,EUREKA,-124.17698004,40.794131159999999
8536244,2017,2018-01-26,1203,2017-12-27,1736,4036,P18,3,5,4,1203,0,0,0,,0,001,"5TH ST",MYRTLE,8.00,W,N,B,-,N,,,101,,,,,,,Y,3,0,3,2,A,-,12,21453,A,N,D,C,A,A,H,-,C,A,0,,,,,Y,,D,82,0,3,0,0,0,0,0,0,0,"- ","- ",40.80386,-124.15344,HUMBOLDT,EUREKA,-124.15343946,40.803869069999998
8536299,2017,2018-01-26,1203,2017-12-30,2040,4075,P46,6,5,4,1203,0,0,0,,0,003,"BUHNE ST","C ST",0.00,,Y,A,-,N,,,,,,,,,,Y,3,0,1,2,A,-,12,22450,A,N,D,C,A,A,H,-,C,A,0,,,,Y,Y,,F,55,0,1,0,0,0,0,0,0,0,"- ","- ",40.786189999999998,-124.16861,HUMBOLDT,EUREKA,-124.16866991000001,40.786179910000001
8536404,2017,2018-06-18,1203,2017-12-29,1405,4033,P19,5,5,4,1203,0,0,0,,0,001,5TH,"V ST",100.00,W,N,A,-,Y,HUM,1,101,-,-,79.380,H,-,N,N,2,0,1,2,A,-,11,21956,,N,G,B,D,A,H,-,A,D,0,Y,,,,Y,,N,60,1,0,0,0,1,0,0,0,0,"- ","- ",40.804110000000001,-124.14976,HUMBOLDT,EUREKA,-124.14972471,40.803852419999998
8536408,2017,2018-02-05,1203,2017-12-14,1250,4068,P56,4,5,4,1203,0,0,0,,0,003,"HENDERSON ST","E ST",0.00,,Y,A,-,N,,,,,,,,,,Y,3,0,1,3,A,-,12,21453,A,N,D,C,A,A,H,-,A,A,0,,,,,Y,,A,01,0,1,0,0,0,0,0,0,0,"- ","- ",40.782890000000002,-124.16462,HUMBOLDT,EUREKA,-124.16465985000001,40.782879889999997
8536412,2017,2018-01-29,1203,2017-12-29,2340,4078,P54,5,5,4,1203,0,0,0,,0,002,PINE,HENDERSON,0.00,,Y,A,-,N,,,,,,,,,,Y,3,0,2,2,A,-,12,22450,,N,D,C,A,B,H,-,C,A,0,,,,,Y,,A,01,0,1,1,0,0,0,0,0,0,"- ","- ",40.783000000000001,-124.17303,HUMBOLDT,EUREKA,-124.17302989,40.78299998