CASE_ID,ACCIDENT_YEAR,PROC_DATE,JURIS,COLLISION_DATE,COLLISION_TIME,OFFICER_ID,REPORTING_DISTRICT,DAY_OF_WEEK,CHP_SHIFT,POPULATION,CNTY_CITY_LOC,SPECIAL_COND,BEAT_TYPE,CHP_BEAT_TYPE,CITY_DIVISION_LAPD,CHP_BEAT_CLASS,BEAT_NUMBER,PRIMARY_RD,SECONDARY_RD,DISTANCE,DIRECTION,INTERSECTION,WEATHER_1,WEATHER_2,STATE_HWY_IND,CALTRANS_COUNTY,CALTRANS_DISTRICT,STATE_ROUTE,ROUTE_SUFFIX,POSTMILE_PREFIX,POSTMILE,LOCATION_TYPE,RAMP_INTERSECTION,SIDE_OF_HWY,TOW_AWAY,COLLISION_SEVERITY,NUMBER_KILLED,NUMBER_INJURED,PARTY_COUNT,PRIMARY_COLL_FACTOR,PCF_CODE_OF_VIOL,PCF_VIOL_CATEGORY,PCF_VIOLATION,PCF_VIOL_SUBSECTION,HIT_AND_RUN,TYPE_OF_COLLISION,MVIW,PED_ACTION,ROAD_SURFACE,ROAD_COND_1,ROAD_COND_2,LIGHTING,CONTROL_DEVICE,CHP_ROAD_TYPE,PEDESTRIAN_ACCIDENT,BICYCLE_ACCIDENT,MOTORCYCLE_ACCIDENT,TRUCK_ACCIDENT,NOT_PRIVATE_PROPERTY,ALCOHOL_INVOLVED,STWD_VEHTYPE_AT_FAULT,CHP_VEHTYPE_AT_FAULT,COUNT_SEVERE_INJ,COUNT_VISIBLE_INJ,COUNT_COMPLAINT_PAIN,COUNT_PED_KILLED,COUNT_PED_INJURED,COUNT_BICYCLIST_KILLED,COUNT_BICYCLIST_INJURED,COUNT_MC_KILLED,COUNT_MC_INJURED,PRIMARY_RAMP,SECONDARY_RAMP,LATITUDE,LONGITUDE,COUNTY,CITY,POINT_X,POINT_Y
8986812,2019,2019-12-04,1201,2019-09-19,1722,645,304,4,5,3,1201,0,0,0,,0,0DT,"G ST","11TH ST",0.00,,Y,A,-,N,,,,,,,,,,N,3,0,1,2,A,-,17,21657,,N,H,G,A,A,H,-,A,D,0,,Y,,,Y,,L,04,0,1,0,0,0,0,1,0,0,"- ","- ",40.870449066162109,-124.08548736572266,HUMBOLDT,ARCATA,-124.08518218994141,40.870399475097656
8995705,2019,2019-12-31,1203,2019-11-22,1732,4045,P54,5,5,4,1203,0,0,0,,0,002,"W HARRIS",CALIFORNIA,0.00,,Y,B,-,N,,,,,,,,,,N,2,0,1,2,A,-,11,21954,A,N,G,B,D,A,H,-,C,A,0,Y,,,,Y,,N,60,1,0,0,0,1,0,0,0,0,"- ","- ",40.780239105224609,-124.17182922363281,HUMBOLDT,EUREKA,-124.17201995849609,40.780479431152344
8996968,2019,2020-06-04,1203,2019-11-21,0203,4101,P15,4,5,4,1203,0,0,0,,0,001,BROADWAY,5TH,0.00,,Y,A,-,Y,HUM,1,101,-,-,78.026,I,5,N,Y,3,0,1,1,A,-,01,23152,A,N,E,I,A,A,H,-,C,D,0,,,,,Y,Y,A,01,0,1,0,0,0,0,0,0,0,"- ","- ",40.802761077880859,-124.16043090820312,HUMBOLDT,EUREKA,-124.17476654052734,40.800685882568359
8996972,2019,2020-06-04,1203,2019-11-12,2017,4044,P37,2,5,4,1203,0,0,0,,0,002,BROADWAY,WABASH,0.00,S,N,E,-,Y,HUM,1,101,-,-,76.950,H,-,N,Y,3,0,1,2,A,-,03,22350,,N,C,C,A,A,H,-,C,D,0,,,,,Y,,A,01,0,1,0,0,0,0,0,0,0,"- ","- ",40.786190032958984,-124.18192291259766,HUMBOLDT,EUREKA,-124.18109130859375,40.786685943603516
8997003,2019,2020-06-04,1203,2019-11-13,2236,4043,P37,3,5,4,1203,0,0,0,,0,002,"RT 101",HENDERSON,26.00,N,N,A,-,Y,HUM,1,101,-,-,76.660,H,-,S,N,3,0,1,2,A,-,08,22107,,F,A,C,A,A,H,-,C,A,0,,,,,Y,,A,01,0,1,0,0,0,0,0,0,0,"- ","- ",40.790111541748047,-124.18403625488281,HUMBOLDT,EUREKA,-124.18353271484375,40.783245086669922
90005164,2015,2015-10-19,9126,2015-07-12,2120,020592,,7,2,9,1200,0,2,4,,1,006,"ALDERPOINT ROAD","WALLAN ROAD",1056.00,E,N,A,-,N,,,,,,,,,,Y,2,0,1,1,A,-,08,22107,,N,F,A,A,A,H,-,D,D,0,,,,,Y,,D,22,1,0,0,0,0,0,0,0,0,"- ","- ",,,HUMBOLDT,UNINCORPORATED,-123.78498858,40.110032840000002
90005668,2015,2015-10-19,9126,2015-07-19,1950,020592,,7,2,9,1200,0,3,5,,2,444,"ELK CREEK ROAD",SR-254,6336.00,E,N,A,-,N,,,,,,,,,,N,3,0,1,1,A,-,01,23152,A,N,E,I,A,A,H,-,A,D,0,,,,,Y,Y,A,07,0,1,0,0,0,0,0,0,0,"- ","- ",40.284759999999999,-123.83969,HUMBOLDT,UNINCORPORATED,-123.83976728,40.284778889999998
90005693,2015,2015-10-19,9126,2015-07-14,0635,020502,,2,1,9,1200,0,1,2,,1,066,US-101,"MILKY WAY LOOP",528.00,S,N,A,-,Y,,,101,,,,,,,Y,4,0,1,2,A,-,08,22107,,N,E,I,A,A,H,-,A,D,0,,,,Y,Y,,A,01,0,0,1,0,0,0,0,0,0,"- ","- ",40.005299999999998,-123.78667,HUMBOLDT,UNINCORPORATED,-123.78666416,40.005314820000002
90005701,2015,2015-10-19,9126,2015-07-11,0945,020988,,6,1,9,1200,0,1,2,,2,022,"US 101 SOUTHBOUND","SORENSON ROAD",150.00,N,N,B,-,Y,,,,,,,,,,Y,4,0,1,1,A,-,08,22107,,N,E,I,A,A,H,-,A,D,0,,,,,Y,,A,08,0,0,1,0,0,0,0,0,0,"- ","- ",40.39705,-123.94828,HUMBOLDT,UNINCORPORATED,-123.94835206,40.397785390000003
90006110,2015,2015-10-19,9125,2015-07-18,1800,020376,,6,2,9,1200,0,1,3,,1,014,"RAMP ROAD","SR-299 W/B",334.00,N,N,A,-,Y,,,,,,,,,,Y,3,0,1,1,A,-,01,23152,A,N,F,A,A,A,H,-,A,D,0,,,,,Y,Y,A,07,0,1,0,0,0,0,0,0,0,"- ","- ",40.899059999999999,-124.02068,HUMBOLDT,UNINCORPORATED,,
90006264,2015,2015-10-19,9125,2015-07-27,2010,019093,,1,2,9,1200,0,2,4,,1,010,"CENTRAL AVENUE","HEARTWOOD DR",400.00,S,N,A,-,N,,,,,,,,,,Y,4,0,1,2,A,-,08,22107,,N,A,C,A,A,H,-,A,D,0,,,,,Y,,A,01,0,0,1,0,0,0,0,0,0,"- ","- ",40.938360000000003,-124.1009,HUMBOLDT,UNINCORPORATED,-124.10094019,40.938421849999997
90006565,2015,2015-10-19,9125,2015-07-24,1440,020946,,5,2,9,1200,0,3,5,,2,004,"MATTOLE RD.","OCEAN AVE.",15840.00,S,N,A,-,Y,,,,,,,,,,Y,3,0,1,1,A,-,08,22107,,N,E,I,A,A,H,-,A,D,0,,,,,Y,,A,07,0,1,0,0,0,0,0,0,0,"- ","- ",40.538409999999999,-124.27659,HUMBOLDT,UNINCORPORATED,,
90006573,2015,2015-10-19,9125,2015-07-27,1935,018771,,1,2,9,1200,0,1,2,,2,019,US-101,SR-200,0.00,,Y,A,-,Y,,,101,,,,,,,Y,2,0,1,2,A,-,09,21802,A,N,A,C,A,A,H,-,A,A,0,,,,,Y,,D,22,1,0,0,0,0,0,0,0,0,"- ","- ",40.918900000000001,-124.09432,HUMBOLDT,UNINCORPORATED,-124.09437189000001,40.9188452
90006751,2015,2015-10-19,9125,2015-07-19,0825,011799,,7,1,9,1200,0,1,2,,2,017,"RT 101","HILTONS RD.",1056.00,N,N,A,-,Y,,,101,,,,,,,Y,3,0,1,2,A,-,08,22107,,N,F,I,A,A,H,-,A,D,0,,,,,Y,,A,07,0,1,0,0,0,0,0,0,0,"- ","- ",41.28463,-124.07174000000001,HUMBOLDT,UNINCORPORATED,-124.07173894,41.284712499999998
90006757,2015,2015-10-19,9125,2015-07-21,1520,021025,,2,2,1,1206,0,3,5,,2,001,"SCENIC DR. AT LUFFENHOLTZ BEACH","LUFFENHOLTZ LN",130.00,N,N,A,-,N,,,,,,,,,,Y,3,0,1,1,A,-,01,23152,A,N,H,I,A,A,H,-,A,D,0,,,,,Y,Y,A,01,0,1,0,0,0,0,0,0,0,"- ","- ",41.040100000000002,-124.11977,HUMBOLDT,TRINIDAD,-124.11974883000001,41.04037297
90006791,2015,2015-10-19,9125,2015-07-28,1803,019426,,2,2,9,1200,0,1,3,,1,012,SR-200,"HUNTS RD",1584.00,E,N,A,-,Y,,,200,,,,,,,Y,3,0,1,1,A,-,08,22107,,N,F,A,A,A,H,-,A,D,0,,,,,Y,,D,22,0,1,0,0,0,0,0,0,0,"- ","- ",40.914720000000003,-124.06650999999999,HUMBOLDT,UNINCORPORATED,-124.06651312,40.914726709999997
90006834,2015,2015-12-09,9125,2015-07-30,1130,016303,,4,1,9,1200,0,1,2,,2,018,US-101,"MCDONALD CREEK RD",7920.00,N,N,A,-,Y,,,101,,,,,,,N,3,0,1,1,A,-,08,22107,,N,F,A,A,A,D,-,A,D,0,,Y,,,Y,,L,04,0,1,0,0,0,0,1,0,0,"- ","- ",41.241860000000003,-124.0847,HUMBOLDT,UNINCORPORATED,-124.08467242,41.241860699999997
90006981,2015,2015-10-19,9125,2015-07-15,1930,019832,,3,2,9,1200,0,3,5,,2,006,"OLD 3 CREEKS RD",SR-299,42240.00,N,N,A,-,N,,,,,,,,,,N,3,0,1,1,A,-,01,23152,A,N,F,A,A,A,H,-,A,D,0,,,Y,,Y,Y,C,06,0,1,0,0,0,0,0,0,1,"- ","- ",40.912500000000001,-123.78421,HUMBOLDT,UNINCORPORATED,-123.73581,40.925150000000002
90007340,2015,2015-10-19,9125,2015-07-21,1904,015771,,2,2,9,1200,0,3,5,,2,001,"SCHOOL ROAD","ANDERSON AVENUE",0.00,,Y,A,-,N,,,,,,,,,,N,4,0,1,2,A,-,11,21950,B,N,G,B,B,A,H,-,A,A,0,Y,,,,Y,,N,60,0,0,1,0,1,0,0,0,0,"- ","- ",40.934229999999999,-124.11708,HUMBOLDT,UNINCORPORATED,-124.11703996999999,40.934329949999999
90007372,2015,2016-05-16,9125,2015-08-01,1315,020696,,6,1,9,1200,0,1,3,,1,047,SR-36,"REDWOOD HOUSE RD",1500.00,W,N,A,-,Y,,,36,,,,,,,Y,3,0,1,1,A,-,08,22107,,N,E,I,A,A,H,-,A,D,0,,,,,Y,,A,01,0,1,0,0,0,0,0,0,0,"- ","- ",40.49926,-123.98139999999999,HUMBOLDT,UNINCORPORATED,-123.98142609,40.499369809999997
90007759,2015,2015-10-19,9126,2015-07-28,1515,20512,,2,2,9,1200,0,1,2,,2,044,"US 101 S/B","DIMMICK ROAD UNDERCROSSING",5227.00,N,N,A,-,Y,,,,,,,,,,Y,4,0,1,1,A,-,08,22107,,N,F,A,A,A,H,-,A,D,0,,,,,Y,,A,01,0,0,1,0,0,0,0,0,0,"- ","- ",40.213659999999997,-123.79273000000001,HUMBOLDT,UNINCORPORATED,,
90008779,2015,2015-10-19,9125,2015-07-30,1920,019948,,4,2,9,1200,0,1,2,,2,022,"US-101 N/B","SAMOA BLVD O/C",322.00,S,N,A,-,Y,,,,,,,,,,Y,3,0,1,1,A,-,01,23152,A,N,E,I,A,A,H,-,A,A,0,,,,,Y,Y,A,01,0,1,0,0,0,0,0,0,0,"- ","- ",40.861539999999998,-124.08194,HUMBOLDT,UNINCORPORATED,,
90008824,2015,2015-10-19,9126,2015-08-13,0615,021049,,4,1,9,1200,0,1,2,,2,022,"US 101 S/B","NEWTON ROAD",1056.00,S,N,A,-,Y,,,,,,,,,,N,3,0,1,2,A,-,11,21954,A,N,G,B,D,A,H,-,B,D,0,Y,,,,Y,,N,60,0,1,0,0,1,0,0,0,0,"- ","- ",40.318820000000002,-123.92111,HUMBOLDT,UNINCORPORATED,-123.92091646,40.318641120000002
90008826,2015,2015-10-19,9126,2015-07-30,2315,020919,,4,3,9,1200,0,2,4,,1,002,"BRICELAND THORN ROAD","OLD BRICELAND ROAD",10032.00,E,N,A,-,N,,,,,,,,,,N,3,0,1,1,C,-,18,,,N,H,H,A,A,H,-,D,D,0,,,Y,,Y,,-,"- ",0,1,0,0,0,0,0,0,1,"- ","- ",40.12341,-123.87745,HUMBOLDT,UNINCORPORATED,-123.9289859,40.098474850000002
90008919,2015,2015-10-19,9125,2015-07-30,1410,016303,,4,2,9,1200,0,2,4,,1,010,"CENTRAL AVE","RAILROAD AVE",12.00,N,N,A,-,N,,,,,,,,,,Y,4,0,1,2,A,-,03,22350,,N,C,C,A,A,H,-,A,A,0,,,,,Y,,A,07,0,0,1,0,0,0,0,0,0,"- ","- ",,,HUMBOLDT,UNINCORPORATED,-124.10100935,40.946692939999998
90009262,2015,2015-10-19,9126,2015-08-11,1510,020706,,2,2,9,1200,0,1,2,,2,022,"US-101 N/B","SOUTH FORK ROAD UNDERCROSSING 4-64",1056.00,S,N,A,-,Y,,,,,,,,,,Y,3,0,1,1,A,-,08,22107,,N,E,I,A,A,H,-,A,D,0,,,,,Y,,A,08,0,1,0,0,0,0,0,0,0,"- ","- ",,,HUMBOLDT,UNINCORPORATED,,
90009703,2015,2015-10-19,9125,2015-08-13,0715,020946,,4,1,9,1200,0,1,2,,2,044,US-101,"MAIN STREE",200.00,S,N,A,-,Y,,,101,,,,,,,Y,4,0,1,2,A,-,03,22350,,N,C,C,A,A,H,-,A,D,0,,,,,Y,,D,22,0,0,1,0,0,0,0,0,0,"- ","- ",40.599980000000002,-124.16837,HUMBOLDT,UNINCORPORATED,-124.16836231000001,40.599987140000003
90009791,2015,2015-10-19,9125,2015-08-14,0925,016303,,5,1,9,1200,0,2,4,,1,010,"CENTRAL AVE","GWIN RD",0.00,,Y,A,-,N,,,,,,,,,,Y,4,0,1,2,A,-,12,21453,A,N,D,C,A,A,H,-,A,A,0,,,,,Y,,D,22,0,0,1,0,0,0,0,0,0,"- ","- ",,,HUMBOLDT,UNINCORPORATED,-124.10097995,40.943159950000002
90009852,2015,2015-10-19,9125,2015-08-05,1508,019116,,3,2,9,1200,0,3,5,,2,002,"GLENDALE DR","GLENDALE RD",70.00,W,N,A,-,N,,,,,,,,,,Y,3,0,1,1,A,-,03,22350,,N,E,I,A,A,H,-,A,D,0,,,,,Y,,A,07,0,1,0,0,0,0,0,0,0,"- ","- ",40.90063,-124.0241,HUMBOLDT,UNINCORPORATED,-124.02393329,40.90061
90009961,2015,2015-10-19,9125,2015-08-13,1604,018172,,4,2,9,1200,0,1,3,,1,012,SR-200,US-101,168.00,E,N,A,-,Y,,,200,,,,,,,Y,4,0,2,2,A,-,03,22350,,N,C,C,A,A,H,-,A,D,0,,,,,Y,,A,01,0,0,2,0,0,0,0,0,0,"- ","- ",40.921439999999997,-124.09872,HUMBOLDT,UNINCORPORATED,-124.09877408,40.921417390000002
90010106,2015,2015-10-19,9125,2015-08-16,2130,018771,,7,2,9,1200,0,3,5,,2,002,"WEST END ROAD","ERICSON WAY",2112.00,E,N,A,-,N,,,,,,,,,,Y,4,0,1,1,A,-,08,22107,,N,E,I,A,A,H,-,D,D,0,,,,,Y,,A,01,0,0,1,0,0,0,0,0,0,"- ","- ",40.909840000000003,-124.06416,HUMBOLDT,UNINCORPORATED,-124.06571,40.90757
90010699,2015,2015-10-19,9125,2015-08-12,2300,021025,,3,3,9,1200,0,1,3,,1,048,SR-36,"HIDDEN VALLEY RD",1007.00,E,N,A,-,Y,,,36,,,,,,,Y,3,0,1,1,A,-,08,22107,,N,F,J,A,A,H,-,D,D,0,,,,,Y,,D,22,0,1,0,0,0,0,0,0,0,"- ","- ",40.441589999999998,-123.6682,HUMBOLDT,UNINCORPORATED,-123.66820559,40.441597710000003
90011111,2015,2015-10-19,9125,2015-08-14,2230,020361,,5,3,9,1200,0,1,3,,1,062,SR-96,"TISHTANG CAMP GROUND",5808.00,S,N,A,-,Y,,,96,,,,,,,Y,2,0,3,1,A,-,08,22107,,N,E,I,A,A,H,-,D,D,0,,,,,Y,,A,01,1,0,2,0,0,0,0,0,0,"- ","- ",41.010150000000003,-123.64413999999999,HUMBOLDT,UNINCORPORATED,-123.64414240000001,41.010200849999997
90011188,2015,2015-10-19,9126,2015-08-11,0015,020607,,2,3,9,1200,0,2,4,,1,002,"BRICELAND ROAD","ALAPOK LANE",173.00,E,N,A,-,N,,,,,,,,,,Y,2,0,1,1,A,-,01,23152,F,N,E,I,A,A,H,-,D,D,0,,,,,Y,Y,D,22,1,0,0,0,0,0,0,0,0,"- ","- ",,,HUMBOLDT,UNINCORPORATED,-123.84877405,40.12598208
90011855,2015,2015-10-19,9125,2015-08-19,0455,015771,,3,3,9,1200,0,1,3,,1,026,SR-255,"NEW NAVY BASE ROAD",3168.00,S,N,B,-,Y,,,,,,,,,,Y,4,0,1,1,A,-,08,22107,,N,E,I,A,A,H,-,D,D,0,,,,,Y,,A,07,0,0,1,0,0,0,0,0,0,"- ","- ",40.819699999999997,-124.16699,HUMBOLDT,UNINCORPORATED,,
90011885,2015,2015-10-19,9125,2015-08-11,0005,013551,,2,3,9,1200,0,3,5,,2,004,"BLUE SLIDE ROAD","PRICE CREEK ROAD",390.00,S,N,B,-,N,,,,,,,,,,Y,3,0,4,1,A,-,03,22350,,N,E,I,A,B,H,-,D,D,0,,,,,Y,,D,22,0,2,2,0,0,0,0,0,0,"- ","- ",40.526769999999999,-124.16423,HUMBOLDT,UNINCORPORATED,-124.16411985000001,40.527108120000001
90012119,2015,2015-10-19,9126,2015-08-14,1230,020975,,5,1,9,1200,0,2,4,,1,008,"REDWOOD DRIVE","CAMP 31 ROAD",62.00,S,N,A,-,N,,,,,,,,,,Y,4,0,1,2,A,-,09,21804,A,N,D,C,A,A,H,-,A,D,0,,,,,Y,,D,23,0,0,1,0,0,0,0,0,0,"- ","- ",40.138559999999998,-123.81325,HUMBOLDT,UNINCORPORATED,-123.8131544,40.138494219999998
90012225,2015,2015-10-19,9126,2015-08-16,0348,20919,,7,3,9,1200,0,1,2,,2,044,"US-101 S/B","FRENCH ROAD UNDERCROSSING",17371.00,S,N,A,-,Y,,,101,,,,,,S,Y,3,0,2,1,A,-,08,22107,,N,E,I,A,A,H,-,D,D,0,,,,,Y,,D,22,0,2,0,0,0,0,0,0,0,"- ","- ",40.197490000000002,-123.77603999999999,HUMBOLDT,UNINCORPORATED,-123.77599214,40.197519249999999
90012958,2015,2015-10-19,9126,2015-08-18,1515,020482,,2,2,9,1200,0,1,2,,2,022,"US-101 (N/B)","NEWTON ROAD",1056.00,S,N,A,-,Y,,,,,,,,,,Y,4,0,1,2,A,-,08,22107,,N,D,C,A,A,H,-,A,D,0,,,,,Y,,J,48,0,0,1,0,0,0,0,0,0,"- ","- ",,,HUMBOLDT,UNINCORPORATED,-123.92091646,40.318641120000002
90013076,2015,2015-10-19,9125,2015-08-14,1310,020946,,5,1,9,1200,0,1,2,,2,045,"US-101 SOUTHBOUND","DAVIS ST",2429.00,N,N,A,-,Y,,,,,,,,,,N,2,0,2,1,A,-,08,22107,,N,E,I,A,A,H,-,A,D,0,,,Y,,Y,,C,02,1,1,0,0,0,0,0,0,2,"- ","- ",40.504620000000003,-124.10439,HUMBOLDT,UNINCORPORATED,-124.10104,40.50309
90013120,2015,2015-10-19,9125,2015-08-17,1920,018771,,1,2,9,1200,0,1,3,,1,012,"SR-200 (NORTH BANK ROAD)","HUNTS ROAD",1584.00,E,N,A,-,Y,,,200,,,,,,,Y,2,0,1,1,A,-,01,23152,A,N,F,A,A,A,H,-,A,D,0,,,Y,,Y,Y,C,02,1,0,0,0,0,0,0,0,1,"- ","- ",40.914189999999998,-124.06796,HUMBOLDT,UNINCORPORATED,-124.06796589,40.914214090000002
90013461,2015,2015-10-19,9125,2015-08-12,0055,018064,,3,3,9,1200,0,1,2,,2,030,"US-101 S/B (REDWOOD HIGHWAY)","SPRUCE POINT O/C",2112.00,N,N,A,-,Y,,,101,,,,,,S,Y,3,0,1,1,A,-,08,22107,,N,F,A,A,A,H,-,C,D,0,,,Y,,Y,Y,C,02,0,1,0,0,0,0,0,0,1,"- ","- ",40.749470000000002,-124.19468999999999,HUMBOLDT,UNINCORPORATED,-124.19480110000001,40.749599779999997
90013822,2015,2015-10-19,9125,2015-08-25,1025,019426,,2,1,4,1203,0,1,2,,1,024,"4TH ST","V ST",95.00,N,N,B,-,Y,,,,,,,,,,N,4,0,2,2,A,-,03,22350,,N,C,D,A,A,H,-,A,A,0,,,,,Y,,D,22,0,0,2,0,0,0,0,0,0,"- ","- ",40.804749999999999,-124.14912,HUMBOLDT,EUREKA,-124.14926291,40.80469798
90013852,2015,2015-10-19,9125,2015-08-25,1725,019426,,2,2,4,1203,0,1,2,,1,024,"S/B US-101","Y ST",1056.00,N,N,A,-,Y,,,101,,,,,,,Y,4,0,1,3,A,-,03,22350,,N,C,C,A,A,H,-,A,D,0,,,,,Y,,A,01,0,0,1,0,0,0,0,0,0,"- ","- ",40.804989999999997,-124.14251,HUMBOLDT,EUREKA,-124.14251677999999,40.80501975
90014545,2015,2015-10-19,9125,2015-08-15,0350,021025,,6,3,9,1200,0,2,4,,1,031,"ELK RIVER RD","PINE HILL RD",2112.00,S,N,A,-,N,,,,,,,,,,Y,3,0,1,1,A,-,01,23152,E,N,E,I,A,A,H,-,C,D,0,,,,,Y,,A,01,0,1,0,0,0,0,0,0,0,"- ","- ",40.746830000000003,-124.18223,HUMBOLDT,UNINCORPORATED,-124.18269724,40.747418140000001
90014992,2015,2015-10-19,9125,2015-08-13,2330,021025,,4,3,9,1200,0,1,2,,2,044,"US-101 N/B","12TH ST OVER CROSSING",300.00,S,N,A,-,Y,,,101,,,,,,N,N,2,0,1,2,A,-,11,21954,A,N,G,B,E,A,H,-,D,D,0,Y,,,,Y,,N,60,1,0,0,0,1,0,0,0,0,"- ","- ",40.588299999999997,-124.15541,HUMBOLDT,UNINCORPORATED,-124.155474,40.588242280000003
90015179,2015,2015-10-19,9125,2015-09-06,1730,016321,,7,2,9,1200,0,3,5,,2,003,"LITTLE FAIRFIELD STREET","ALLARD AVENUE",37.00,S,N,B,-,N,,,,,,,,,,N,3,0,1,1,A,-,03,22350,,N,F,A,A,A,H,-,A,D,0,,,Y,,Y,,C,03,0,1,0,0,0,0,0,0,1,"- ","- ",40.773200000000003,-124.18208,HUMBOLDT,UNINCORPORATED,-124.18205,40.773188419999997
90015347,2015,2015-10-19,9125,2015-08-31,0615,016241,,1,1,9,1200,0,1,2,,2,044,"US 101 SOUTHBOUND","12TH STREET OVER-CROSSING",2640.00,N,N,A,-,Y,,,,,,,,,,Y,4,0,1,1,C,-,18,,,N,E,H,A,A,H,-,A,D,0,,,,,Y,,-,"- ",0,0,1,0,0,0,0,0,0,"- ","- ",40.593679999999999,-124.15853,HUMBOLDT,UNINCORPORATED,,
90015809,2015,2015-10-19,9125,2015-09-06,1410,016241,,7,2,9,1200,0,3,5,,2,004,"SINGLEY HILL ROAD",SR-211,0.00,,Y,A,-,Y,,,,,,,,,,Y,4,0,1,2,A,-,09,21802,A,N,D,C,A,A,H,-,A,D,0,,,,,Y,,A,01,0,0,1,0,0,0,0,0,0,"- ","- ",40.62229,-124.21111999999999,HUMBOLDT,UNINCORPORATED,,
90015831,2015,2015-10-19,9126,2015-08-20,1635,021049,,4,2,9,1200,0,2,4,,2,004,"SHELTER COVE ROAD","LINDLEY LOOP",75.00,E,N,A,-,N,,,,,,,,,,Y,3,0,1,1,A,-,08,22107,,N,E,I,A,A,H,-,A,D,0,,,Y,,Y,,C,02,0,1,0,0,0,0,0,0,1,"- ","- ",,,HUMBOLDT,UNINCORPORATED,-124.06182868,40.04042579
90015958,2015,2015-10-19,9126,2015-08-26,1730,020975,,3,2,9,1200,0,1,2,,1,066,"RT 101","BENBOW DRIVE",1056.00,S,N,A,-,Y,,,101,,,,,,,Y,3,0,1,1,A,-,08,22107,,N,F,I,A,A,H,-,A,D,0,,,,,Y,,A,01,0,1,0,0,0,0,0,0,0,"- ","- ",40.035499999999999,-123.78872,HUMBOLDT,UNINCORPORATED,-123.78871986999999,40.035501949999997
90016887,2015,2015-10-19,9125,2015-08-22,2150,021025,,6,2,9,1200,0,1,2,,2,044,"US-101 S/B",SR-211,3396.00,S,N,B,-,Y,,,101,,,,,,S,Y,3,0,1,1,A,-,01,23152,A,N,E,I,A,A,H,-,C,D,0,,,,,Y,Y,A,01,0,1,0,0,0,0,0,0,0,"- ","- ",40.616630000000001,-124.19884,HUMBOLDT,UNINCORPORATED,-124.19882819,40.616662230000003
90016936,2015,2015-10-19,9125,2015-08-28,1235,018172,,5,1,9,1200,0,1,2,,2,018,"US-101 S/B","6TH AVE",3168.00,N,N,B,-,Y,,,101,,,,,,S,Y,2,0,1,1,A,-,08,22107,,N,E,I,A,A,H,-,A,D,0,,,,,Y,,A,01,1,0,0,0,0,0,0,0,0,"- ","- ",41.043469999999999,-124.11588,HUMBOLDT,UNINCORPORATED,-124.11603587,41.043360890000002
90017063,2015,2015-10-19,9125,2015-08-31,2220,015771,,1,3,9,1200,0,1,2,,2,045,"US-101 N/B","SHIVELY ROAD",3168.00,N,N,A,-,Y,,,101,,,,,,N,Y,3,0,1,1,A,-,08,22107,,N,E,I,A,A,H,-,D,D,0,,,,,Y,,A,07,0,1,0,0,0,0,0,0,0,"- ","- ",40.461599999999997,-124.08488,HUMBOLDT,UNINCORPORATED,-124.0848869,40.46156903
90017542,2015,2015-10-19,9125,2015-09-02,1045,019243,,3,1,9,1200,0,3,5,,2,006,"RED CAP RD",SR-96,3696.00,S,N,A,-,N,,,,,,,,,,Y,2,0,1,1,A,-,01,23152,A,N,E,I,A,A,H,-,A,D,0,,,,,Y,Y,D,22,1,0,0,0,0,0,0,0,0,"- ","- ",41.298200000000001,-123.54207,HUMBOLDT,UNINCORPORATED,-123.54257746,41.297770849999999
90017560,2015,2015-10-19,9125,2015-09-03,0737,020786,,4,1,3,1205,0,1,3,,1,047,"SR-36 E/B","VAN DUZEN ST",0.00,,Y,A,-,Y,,,,,,,,,,Y,4,0,2,2,A,-,09,21802,A,N,D,C,A,A,H,-,A,A,0,,,,,Y,,D,22,0,0,2,0,0,0,0,0,0,"- ","- ",40.548499999999997,-124.14091999999999,HUMBOLDT,FORTUNA,-124.14124984999999,40.548539929999997
90017621,2015,2015-10-19,9125,2015-09-07,0530,019426,,1,3,9,1200,0,3,5,,2,006,"COUNTY ROAD 10N1","RED CAP RD",52800.00,N,N,A,-,N,,,,,,,,,,Y,4,0,1,1,A,-,03,22350,,N,F,A,A,A,H,-,B,D,0,,,,,Y,,D,22,0,0,1,0,0,0,0,0,0,"- ","- ",41.323830000000001,-123.4635,HUMBOLDT,UNINCORPORATED,,
90017682,2015,2015-10-19,9125,2015-09-07,1305,020502,,1,1,9,1200,0,3,5,,2,002,"HIGGINS STREET","MEYERS AVE",68.00,E,N,A,-,N,,,,,,,,,,N,4,0,2,2,A,-,03,22350,,N,C,C,A,A,H,-,A,D,0,,,,,Y,,A,01,0,0,2,0,0,0,0,0,0,"- ","- ",40.763680000000001,-124.17756,HUMBOLDT,UNINCORPORATED,-124.17757451999999,40.763715810000001
90017744,2015,2015-10-19,9125,2015-09-09,1320,019426,,3,1,9,1200,0,1,3,,1,048,"SR-36 W/B","ANDERSON FORD RD",404.00,E,N,A,-,Y,,,36,,,,,,W,Y,3,0,1,1,A,-,03,22350,,N,F,A,A,A,H,-,A,D,0,,,Y,,Y,,C,02,0,1,0,0,0,0,0,0,1,"- ","- ",40.492240000000002,-123.59807000000001,HUMBOLDT,UNINCORPORATED,-123.59801917999999,40.492386160000002
90018003,2015,2015-10-19,9125,2015-09-10,0050,021025,,4,3,9,1200,0,1,2,,2,030,"US-101 N/B","LOLETA DR",1056.00,N,N,B,E,Y,,,101,,,,,,N,Y,3,0,1,1,A,-,01,23152,A,N,E,I,A,A,H,-,C,D,0,,,,,Y,Y,A,01,0,1,0,0,0,0,0,0,0,"- ","- ",40.645969999999998,-124.20858,HUMBOLDT,UNINCORPORATED,-124.20855251,40.645984230000003