CASE_ID,ACCIDENT_YEAR,PROC_DATE,JURIS,COLLISION_DATE,COLLISION_TIME,OFFICER_ID,REPORTING_DISTRICT,DAY_OF_WEEK,CHP_SHIFT,POPULATION,CNTY_CITY_LOC,SPECIAL_COND,BEAT_TYPE,CHP_BEAT_TYPE,CITY_DIVISION_LAPD,CHP_BEAT_CLASS,BEAT_NUMBER,PRIMARY_RD,SECONDARY_RD,DISTANCE,DIRECTION,INTERSECTION,WEATHER_1,WEATHER_2,STATE_HWY_IND,CALTRANS_COUNTY,CALTRANS_DISTRICT,STATE_ROUTE,ROUTE_SUFFIX,POSTMILE_PREFIX,POSTMILE,LOCATION_TYPE,RAMP_INTERSECTION,SIDE_OF_HWY,TOW_AWAY,COLLISION_SEVERITY,NUMBER_KILLED,NUMBER_INJURED,PARTY_COUNT,PRIMARY_COLL_FACTOR,PCF_CODE_OF_VIOL,PCF_VIOL_CATEGORY,PCF_VIOLATION,PCF_VIOL_SUBSECTION,HIT_AND_RUN,TYPE_OF_COLLISION,MVIW,PED_ACTION,ROAD_SURFACE,ROAD_COND_1,ROAD_COND_2,LIGHTING,CONTROL_DEVICE,CHP_ROAD_TYPE,PEDESTRIAN_ACCIDENT,BICYCLE_ACCIDENT,MOTORCYCLE_ACCIDENT,TRUCK_ACCIDENT,NOT_PRIVATE_PROPERTY,ALCOHOL_INVOLVED,STWD_VEHTYPE_AT_FAULT,CHP_VEHTYPE_AT_FAULT,COUNT_SEVERE_INJ,COUNT_VISIBLE_INJ,COUNT_COMPLAINT_PAIN,COUNT_PED_KILLED,COUNT_PED_INJURED,COUNT_BICYCLIST_KILLED,COUNT_BICYCLIST_INJURED,COUNT_MC_KILLED,COUNT_MC_INJURED,PRIMARY_RAMP,SECONDARY_RAMP,LATITUDE,LONGITUDE,COUNTY,CITY,POINT_X,POINT_Y
90132495,2016,2016-03-09,9125,2016-03-06,1710,016241,,7,2,9,1200,0,1,3,,1,047,SR-36,"LAUREL GLEN ROAD",195.00,E,N,B,C,Y,,,36,,,,,,,Y,3,0,1,1,A,-,03,22350,,N,E,I,A,B,H,-,A,D,0,,,,,Y,,A,07,0,1,0,0,0,0,0,0,0,"- ","- ",40.542999999999999,-124.07640000000001,HUMBOLDT,UNINCORPORATED,-124.07640515,40.542953840000003
90133426,2016,2016-03-10,9126,2016-02-21,0343,021168,,7,3,9,1200,0,1,3,,1,020,SR-254,"ELINOR RD",388.00,S,N,B,-,Y,,,254,,,,,,,Y,2,0,1,1,A,-,01,23152,A,N,E,I,A,B,H,-,D,D,0,,,,,Y,Y,D,22,1,0,0,0,0,0,0,0,0,"- ","- ",40.441420000000001,-124.03071,HUMBOLDT,UNINCORPORATED,-124.03070065999999,40.441321950000003
90133469,2016,2016-03-10,9125,2016-02-16,1300,020748,,2,1,9,1200,0,2,4,,1,010,"CENTRAL AVE.","ANNA SPARKS WAY",11.00,S,N,A,-,N,,,,,,,,,,Y,4,0,2,2,A,-,03,22350,,N,C,C,A,A,H,-,A,A,0,,,,,Y,,A,01,0,0,2,0,0,0,0,0,0,"- ","- ",40.932560000000002,-124.10086,HUMBOLDT,UNINCORPORATED,-124.10090977999999,40.932769800000003
9013372,2019,2020-02-14,1203,2019-12-30,1507,4044,P34,1,5,4,1203,0,0,0,,0,003,"I ST","17TH ST",211.00,S,N,A,-,N,,,,,,,,,,N,3,0,1,2,A,-,03,22350,,N,C,C,A,A,H,-,A,D,0,,,Y,,Y,,C,02,0,1,0,0,0,0,0,0,1,"- ","- ",40.792060852050781,-124.16027069091797,HUMBOLDT,EUREKA,-124.16023254394531,40.792079925537109
9013376,2019,2020-08-26,1203,2019-12-24,1710,4019,P69,2,5,4,1203,0,0,0,,0,002,BROADWAY,HILFIKER,303.00,S,N,B,-,Y,HUM,1,101,-,-,79.180,H,-,S,Y,2,0,1,4,A,-,01,23152,E,N,A,C,A,B,H,-,C,D,0,,,,,Y,Y,D,22,1,0,0,0,0,0,0,0,0,"- ","- ",40.771701812744141,-124.19109344482422,HUMBOLDT,EUREKA,-124.15342712402344,40.804695129394531
9013380,2019,2020-06-04,1203,2019-12-20,1812,4103,P16,5,5,4,1203,0,0,0,,0,001,"5TH ST","G ST",86.00,W,N,B,-,Y,HUM,1,101,-,-,78.540,H,-,N,N,3,0,1,2,A,-,03,22350,,N,C,C,A,A,H,-,C,D,0,,,,,Y,,D,22,0,1,0,0,0,0,0,0,0,"- ","- ",40.802101135253906,-124.16519165039062,HUMBOLDT,EUREKA,-124.16535186767578,40.801982879638672
90134194,2016,2016-03-10,9126,2016-03-03,1157,021049,,4,1,9,1200,0,1,2,,2,044,"US 101 S/B","FRENCH RD",4752.00,N,N,A,-,Y,,,,,,,,,,Y,3,0,4,1,A,-,08,22107,,N,E,I,A,A,H,-,A,D,0,,,,,Y,,A,01,0,3,1,0,0,0,0,0,0,"- ","- ",40.226039999999998,-123.82892,HUMBOLDT,UNINCORPORATED,-123.82658000000001,40.223610000000001
90135547,2016,2016-03-14,9125,2016-02-24,2358,020376,,3,3,9,1200,0,1,2,,2,030,"US-101 N/B","LOLETA DRIVE",370.00,N,N,B,-,Y,,,101,,,,,,N,Y,3,0,1,1,A,-,03,22350,,N,E,I,A,A,H,-,D,D,0,,,,,Y,,A,01,0,1,0,0,0,0,0,0,0,"- ","- ",40.651249999999997,-124.21156999999999,HUMBOLDT,UNINCORPORATED,-124.21148753,40.651273340000003
90135867,2016,2016-03-14,9126,2016-03-05,1545,021168,,6,2,9,1200,0,1,2,,2,022,"US-101 N/B","NEWTON RD",1056.00,S,N,C,-,Y,,,101,,,,,,N,Y,3,0,1,1,A,-,08,22107,,N,E,I,A,B,H,-,A,D,0,,,,,Y,,A,01,0,1,0,0,0,0,0,0,0,"- ","- ",40.31709,-123.91973,HUMBOLDT,UNINCORPORATED,-123.91978252,40.317021400000002
90137177,2016,2016-04-11,9125,2016-03-09,1005,020696,,3,1,9,1200,0,2,4,,1,023,"WALNUT DR.","MCCLASKEY LN",117.00,S,N,B,-,N,,,,,,,,,,Y,2,0,1,2,C,-,18,,,N,A,E,A,B,H,-,A,D,0,,,,,Y,,-,"- ",1,0,0,0,0,0,0,0,0,"- ","- ",40.762300000000003,-124.14543,HUMBOLDT,UNINCORPORATED,-124.14553625000001,40.762708840000002
90137693,2016,2016-03-16,9125,2016-03-07,0645,015572,,1,1,9,1200,0,3,5,,2,003,"CAMPTON ROAD","RANDY RD",528.00,N,N,B,-,N,,,,,,,,,,Y,4,0,1,1,A,-,03,22350,,N,E,I,A,B,H,-,A,D,0,,,,,Y,,A,01,0,0,1,0,0,0,0,0,0,"- ","- ",40.76596,-124.15473,HUMBOLDT,UNINCORPORATED,-124.15489813000001,40.766556450000003
90138201,2016,2016-03-16,9125,2016-03-05,1610,019426,,6,2,9,1200,0,1,3,,1,047,SR-36,"CORBERT RANCH RD",1056.00,W,N,C,-,Y,,,36,,,,,,,Y,2,0,3,2,A,-,03,22350,,N,A,C,A,B,H,-,A,D,0,,,,,Y,,A,01,1,1,1,0,0,0,0,0,0,"- ","- ",40.511119999999998,-124.00669000000001,HUMBOLDT,UNINCORPORATED,-124.00666450999999,40.511155100000003
90138256,2016,2016-03-16,9125,2016-03-10,1435,020696,,4,2,9,1200,0,1,3,,1,048,SR-36,"BUCK MOUNTAIN RD",1500.00,E,N,B,-,Y,,,36,,,,,,,Y,2,0,1,1,A,-,08,22107,,N,F,A,A,B,H,-,A,D,0,,,,,Y,,A,07,1,0,0,0,0,0,0,0,0,"- ","- ",40.49004,-123.62551000000001,HUMBOLDT,UNINCORPORATED,-123.62548059,40.490024300000002
90138794,2016,2016-03-17,9125,2016-03-14,2010,015771,,1,2,9,1200,0,3,5,,2,001,"CLAM BEACH ROAD","TOTTEN LANE",528.00,W,N,A,-,N,,,,,,,,,,N,4,0,1,1,A,-,08,22107,,N,E,I,A,A,H,-,D,D,0,,,,,Y,,A,01,0,0,1,0,0,0,0,0,0,"- ","- ",40.992800000000003,-124.10982,HUMBOLDT,UNINCORPORATED,-124.1083429,40.992773849999999
9013880,2019,2020-02-18,1203,2019-12-13,1902,4075,P56,5,5,4,1203,0,0,0,,0,003,"HENDERSON ST","F ST",6.00,W,N,C,-,N,,,,,,,,,,N,3,0,1,2,A,-,10,21950,A,F,G,B,B,B,H,-,C,A,0,Y,,,,Y,,A,01,0,1,0,0,1,0,0,0,0,"- ","- ",40.782859802246094,-124.16351318359375,HUMBOLDT,EUREKA,-124.16357421875,40.782871246337891
90138868,2016,2016-03-17,9125,2016-03-14,2125,018172,,1,2,9,1200,0,1,2,,2,019,"US-101 N/B FROM GIUNTOLI LN","GIUNTOLI LN",277.00,N,N,B,-,Y,,,101,,,,R,,N,Y,2,0,1,1,A,-,01,23152,A,N,F,A,A,B,H,-,D,D,0,,,,,Y,Y,A,01,1,0,0,0,0,0,0,0,0,"- ","- ",40.90558,-124.08604,HUMBOLDT,UNINCORPORATED,-124.08604,40.90558
90140283,2016,2016-03-21,9125,2016-03-05,0154,020946,,6,3,9,1200,0,1,2,,2,044,"US-101 S/B OFFRAMP TO KENMAR ROAD","KENMAR RD",581.00,N,N,C,G,Y,,,101,,,,R,,S,Y,3,0,1,1,A,-,01,23152,A,N,E,I,A,B,H,-,D,D,0,,,,,Y,Y,A,01,0,1,0,0,0,0,0,0,0,"- ","- ",40.576000000000001,-124.14981,HUMBOLDT,UNINCORPORATED,-124.14981,40.576000000000001
90140393,2016,2016-03-21,9126,2016-03-05,2015,020919,,6,2,9,1200,0,3,5,,2,222,"UPPER PACIFIC DRIVE","SHELTER COVE ROAD",528.00,S,N,B,C,N,,,,,,,,,,Y,3,0,1,1,A,-,08,22107,,M,E,J,A,B,H,-,D,D,0,,,,,Y,Y,A,07,0,1,0,0,0,0,0,0,0,"- ","- ",40.027180000000001,-124.07101,HUMBOLDT,UNINCORPORATED,-124.07138990999999,40.027488839999997
90141408,2016,2016-04-28,9125,2016-03-13,0025,018172,,7,3,9,1200,0,1,3,,1,047,SR-36,"CUMMINGS CREEK RD",3696.00,E,N,B,C,Y,,,36,,,,,,,Y,2,0,3,1,A,-,01,23152,E,N,E,I,A,B,H,-,D,D,0,,,,,Y,,A,01,1,2,0,0,0,0,0,0,0,"- ","- ",40.50911,-124.00493,HUMBOLDT,UNINCORPORATED,-124.00457851,40.509597450000001
90142756,2016,2016-03-24,9125,2016-03-21,0848,016241,,1,1,9,1200,0,1,2,,2,045,"US 101 SOUTHBOUND","KENMAR ROAD",2640.00,S,N,B,C,Y,,,,,,,,,,Y,4,0,1,1,A,-,03,22350,,N,E,I,A,B,H,-,A,D,0,,,,,Y,,A,01,0,0,1,0,0,0,0,0,0,"- ","- ",40.565399999999997,-124.1485,HUMBOLDT,UNINCORPORATED,,
90142777,2016,2016-03-24,9125,2016-03-12,0905,019116,,6,1,9,1200,0,1,2,,2,018,"US-101 NORTHBOUND (REDWOOD HIGHWAY)","PATRICKS POINT DRIVE",528.00,S,N,B,-,Y,,,101,,,,,,N,Y,3,0,1,1,A,-,03,22350,,N,E,I,A,B,H,-,A,D,0,,,,Y,Y,,G,25,0,1,0,0,0,0,0,0,0,"- ","- ",41.133450000000003,-124.14951000000001,HUMBOLDT,UNINCORPORATED,-124.14952597,41.133460659999997
90142821,2016,2016-03-24,9125,2016-03-21,1725,020603,,1,2,9,1200,0,1,2,,1,024,"S/B US-101","Y STREET",1056.00,N,N,C,-,Y,,,,,,,,,,Y,4,0,2,6,A,-,03,22350,,N,C,C,A,B,H,-,A,D,0,,,,,Y,,A,01,0,0,2,0,0,0,0,0,0,"- ","- ",40.80518,-124.14169,HUMBOLDT,UNINCORPORATED,,
90143358,2016,2016-03-24,9126,2016-03-16,1400,021049,,3,2,9,1200,0,2,4,,1,008,"REDWOOD DRIVE","WEST COAST RD",1056.00,S,N,A,-,N,,,,,,,,,,Y,4,0,1,1,A,-,08,22107,,M,E,I,A,A,H,-,A,D,0,,,,,Y,,A,01,0,0,1,0,0,0,0,0,0,"- ","- ",40.115769999999998,-123.80816,HUMBOLDT,UNINCORPORATED,-123.81056332,40.115372350000001
90145960,2016,2016-03-28,9125,2016-03-17,2350,021115,,4,3,9,1200,0,3,5,,2,005,"TISH TANG RD","COMMUNITY RD",650.00,E,N,A,-,N,,,,,,,,,,Y,2,0,2,1,A,-,03,22350,,N,E,I,A,A,H,-,D,D,0,,,,,Y,,D,22,2,0,0,0,0,0,0,0,0,"- ","- ",41.328589999999998,-123.40259,HUMBOLDT,UNINCORPORATED,-123.67410302,41.058004279999999
90146030,2016,2016-03-28,9125,2016-03-19,1215,019426,,6,1,9,1200,0,2,4,,2,040,"EEL RIVER DR","SINGLEY HILL RD",0.00,,Y,B,C,Y,,,,,,,,,,Y,3,0,1,2,A,-,09,21802,A,N,D,D,A,B,H,-,A,D,0,,,,,Y,,A,01,0,1,0,0,0,0,0,0,0,"- ","- ",40.620420000000003,-124.21005,HUMBOLDT,UNINCORPORATED,,
90146171,2016,2016-03-28,9125,2016-03-20,1330,021025,,7,1,9,1200,0,1,3,,1,061,SR-299,"TITLOW HILL RD",6864.00,E,N,B,C,Y,,,299,,,,,,,Y,2,0,3,2,A,-,03,22350,,N,A,C,A,B,H,-,A,A,0,,,,,Y,,A,01,1,1,1,0,0,0,0,0,0,"- ","- ",40.906080000000003,-123.75123000000001,HUMBOLDT,UNINCORPORATED,-123.75124559,40.906184289999999
90146370,2016,2016-03-28,9126,2016-03-13,0510,020919,,7,3,9,1200,0,1,2,,2,044,"US-101 NORTHBOUND","FRENCH ROAD",4224.00,N,N,B,C,Y,,,101,,,,,,N,Y,4,0,1,1,A,-,03,22350,,N,E,I,A,B,H,-,D,D,0,,,,,Y,,J,48,0,0,1,0,0,0,0,0,0,"- ","- ",40.226500000000001,-123.82876,HUMBOLDT,UNINCORPORATED,-123.82880149,40.226480129999999
90146750,2016,2016-03-29,9125,2016-03-24,1515,014643,,4,2,9,1200,0,1,2,,2,030,"US-101 N/B TO HERRICK AVENUE OFFRAMP","HERRICK AVENUE",12.00,S,N,A,-,Y,,,101,,,,R,,N,N,4,0,1,2,A,-,03,22350,,N,C,C,A,A,H,-,A,A,0,,,,,Y,,A,07,0,0,1,0,0,0,0,0,0,"- ","- ",40.757860000000001,-124.18855000000001,HUMBOLDT,UNINCORPORATED,-124.18855000000001,40.757860000000001
90147150,2016,2016-03-29,9125,2016-03-25,1652,020696,,5,2,9,1200,0,3,5,,2,004,"ROHNERVILLE RD","FOX HILL LN",51.00,W,N,B,-,N,,,,,,,,,,Y,3,0,4,3,A,-,09,21801,A,N,A,C,A,A,H,-,A,D,0,,,,,Y,,A,07,0,2,2,0,0,0,0,0,0,"- ","- ",40.55227,-124.11687000000001,HUMBOLDT,UNINCORPORATED,-124.11689126,40.552122130000001
90148183,2016,2016-03-30,9125,2016-03-11,1910,021115,,5,2,9,1200,0,1,3,,1,050,SR-96,"TISH TANG RD",66.00,N,N,B,C,Y,,,96,,,,,,,Y,2,0,1,3,A,-,09,21801,A,N,A,C,A,B,H,-,D,D,0,,,,,Y,,A,01,1,0,0,0,0,0,0,0,0,"- ","- ",41.062489999999997,-123.68543,HUMBOLDT,UNINCORPORATED,-123.68544691,41.062486419999999
90149765,2016,2016-04-04,9126,2016-03-23,1240,020706,,3,1,9,1200,0,2,4,,1,002,"BRICELAND ROAD","MARION LANE",1056.00,W,N,A,-,N,,,,,,,,,,Y,4,0,1,1,A,-,08,22107,,N,F,A,A,A,H,-,A,D,0,,,,,Y,,A,01,0,0,1,0,0,0,0,0,0,"- ","- ",,,HUMBOLDT,UNINCORPORATED,-123.93716990999999,40.090477380000003
90150433,2016,2016-04-05,9125,2016-04-01,1035,018958,,5,1,9,1200,0,3,5,,2,002,"HILLER RD.","MCKINLEYVILLE AVE",0.00,,Y,A,-,N,,,,,,,,,,N,3,0,1,2,A,-,12,22450,A,N,D,G,A,A,H,-,A,A,0,,Y,,,Y,,A,01,0,1,0,0,0,0,1,0,0,"- ","- ",40.94171,-124.11067,HUMBOLDT,UNINCORPORATED,-124.1106699,40.941599940000003
90150655,2016,2016-04-05,9126,2016-04-03,1810,021109,,7,2,9,1200,0,1,2,,2,044,"US-101 N/B","HOOKER CREEK RD",5280.00,S,N,A,-,Y,,,,,,,,,,Y,3,0,1,1,A,-,08,22107,,N,F,A,A,A,H,-,A,D,0,,,,,Y,,A,07,0,1,0,0,0,0,0,0,0,"- ","- ",,,HUMBOLDT,UNINCORPORATED,-123.79538689,40.154214439999997
90151045,2016,2016-04-05,9125,2016-04-03,1014,016241,,7,1,9,1200,0,1,3,,1,012,SR-200,SR-299,1056.00,W,N,B,-,Y,,,200,,,,,,,Y,4,0,1,1,A,-,03,22350,,N,E,I,A,A,H,-,A,D,0,,,,,Y,,D,22,0,0,1,0,0,0,0,0,0,"- ","- ",40.913400000000003,-124.06100000000001,HUMBOLDT,UNINCORPORATED,-124.06110691000001,40.913244489999997
9015151,2019,2020-01-03,1203,2019-11-25,0955,4065,P47,1,5,4,1203,0,0,0,,0,003,"BUHNE ST","H ST",0.00,,Y,A,-,N,,,,,,,,,,Y,2,0,4,4,A,-,12,21453,A,N,D,C,A,A,H,-,A,A,0,,,,,Y,,D,22,1,1,2,0,0,0,0,0,0,"- ","- ",40.786159515380859,-124.16129302978516,HUMBOLDT,EUREKA,-124.16129302978516,40.786151885986328
90152059,2016,2016-04-06,9125,2016-03-30,2220,018064,,3,3,9,1200,0,2,4,,1,011,"FIELDBROOK ROAD","STOLPE LANE",136.00,N,N,A,-,N,,,,,,,,,,Y,2,0,1,1,A,-,01,23152,A,N,E,I,A,A,H,-,D,D,0,,,,,Y,Y,A,01,1,0,0,0,0,0,0,0,0,"- ","- ",40.925629999999998,-124.02034999999999,HUMBOLDT,UNINCORPORATED,-124.02014361000001,40.925768750000003
90152224,2016,2016-04-06,9126,2016-03-30,0455,021049,,3,3,9,1200,0,3,5,,2,444,"ELK CREEK ROAD",SR-254,1584.00,E,N,A,-,N,,,,,,,,,,Y,3,0,1,1,A,-,08,22107,,N,E,I,A,A,H,-,D,D,0,,,,,Y,,D,22,0,1,0,0,0,0,0,0,0,"- ","- ",40.28125,-123.84648,HUMBOLDT,UNINCORPORATED,-123.84651303,40.281265650000002
90152394,2016,2016-04-06,9126,2016-04-02,0600,020706,,6,1,9,1200,0,2,4,,1,002,"BRICELAND ROAD","TWIN CREEKS ROAD",1584.00,W,N,A,-,N,,,,,,,,,,Y,3,0,1,1,A,-,03,22350,,N,E,I,A,A,H,-,C,D,0,,,,,Y,,D,22,0,1,0,0,0,0,0,0,0,"- ","- ",40.09572,-123.93129999999999,HUMBOLDT,UNINCORPORATED,-123.93104553000001,40.095741150000002
90153265,2016,2016-04-07,9125,2016-04-06,0900,018958,,3,1,9,1200,0,1,2,,2,017,US-101,"DAVISON RD.",528.00,S,N,A,-,N,,,101,,,,,,,Y,4,0,1,2,A,-,03,22350,,N,C,C,A,A,D,-,A,D,0,,,,,Y,,A,01,0,0,1,0,0,0,0,0,0,"- ","- ",41.316279999999999,-124.04121000000001,HUMBOLDT,UNINCORPORATED,-124.04119999,41.316275879999999
90155567,2016,2016-04-12,9125,2016-03-30,1755,016241,,3,2,9,1200,0,1,3,,1,041,SR-211,"EEL RIVER DRIVE",470.00,S,N,A,-,Y,,,211,,,,,,,Y,3,0,1,1,A,-,08,22107,,N,F,I,A,A,H,-,A,D,0,,,,,Y,,A,01,0,1,0,0,0,0,0,0,0,"- ","- ",40.619689999999999,-124.20923000000001,HUMBOLDT,UNINCORPORATED,-124.2092091,40.619727689999998
90156282,2016,2016-04-12,9125,2016-04-03,2300,020748,,7,3,9,1200,0,1,2,,2,044,"US-101 S/B","SINGLEY RD",1584.00,S,N,A,-,Y,,,101,,,,,,S,Y,3,0,1,1,A,-,01,23152,A,N,E,I,A,B,H,-,D,D,0,,,,,Y,Y,A,01,0,1,0,0,0,0,0,0,0,"- ","- ",40.619340000000001,-124.20447,HUMBOLDT,UNINCORPORATED,-124.20443442,40.619391929999999
90156350,2016,2016-04-12,9125,2016-04-04,1242,019426,,1,1,3,1201,0,1,2,,2,022,"US-101 N/B",SR-299,22.00,N,N,A,-,Y,,,,,,,,,,Y,4,0,2,3,A,-,03,22350,,N,C,C,A,A,H,-,A,D,0,,,,,Y,,A,08,0,0,2,0,0,0,0,0,0,"- ","- ",40.879480000000001,-124.08331,HUMBOLDT,ARCATA,,
90156585,2016,2016-04-13,9125,2016-02-27,0800,020361,,6,1,9,1200,0,1,3,,1,062,SR-96,"KNIGHTS PARK",2059.00,W,N,B,-,Y,,,96,,,,,,,Y,1,1,2,1,A,-,08,22107,,N,E,I,A,B,H,-,A,D,0,,,,,Y,,D,22,1,1,0,0,0,0,0,0,0,"- ","- ",40.980930000000001,-123.63956,HUMBOLDT,UNINCORPORATED,-123.63961086,40.980946959999997
90156903,2016,2016-04-13,9125,2016-04-03,2345,019832,,7,3,9,1200,0,1,3,,1,050,SR-96,"SHOE MAKER RD.",1000.00,N,N,B,-,Y,,,96,,,,,,,Y,4,0,1,1,A,-,01,23152,A,N,E,J,A,B,H,-,D,D,0,,,,,Y,Y,D,22,0,0,1,0,0,0,0,0,0,"- ","- ",41.038820000000001,-123.67171,HUMBOLDT,UNINCORPORATED,-123.67167385,41.038844730000001
90157593,2016,2016-04-14,9126,2016-03-30,1850,020919,,3,2,9,1200,0,2,4,,2,004,"SHELTER COVE ROAD","PARADISE RIDGE RD",3696.00,E,N,A,-,N,,,,,,,,,,Y,4,0,1,1,A,-,08,22107,,N,E,I,A,A,H,-,A,D,0,,,,,Y,,D,22,0,0,1,0,0,0,0,0,0,"- ","- ",40.051499999999997,-123.19445,HUMBOLDT,UNINCORPORATED,-124.00649378,40.051476170000001
90158061,2016,2016-04-28,9125,2016-04-03,2020,018064,,7,2,9,1200,0,1,3,,1,041,SR-211,"COFFEE CREEK RD",528.00,W,N,B,C,Y,,,211,,,,,,,Y,3,0,2,1,C,-,18,,,N,E,I,A,B,C,-,B,D,0,,,,,Y,,-,"- ",0,2,0,0,0,0,0,0,0,"- ","- ",40.596580000000003,-124.23347,HUMBOLDT,UNINCORPORATED,-124.2335068,40.596663749999998
90159136,2016,2016-04-18,9125,2016-03-31,1305,021115,,4,1,9,1200,0,3,5,,2,005,"SHOEMAKER RD",SR-96,1214.00,N,N,A,-,N,,,,,,,,,,Y,2,0,1,1,A,-,03,22350,,F,E,I,A,A,H,-,A,D,0,,,,,Y,,D,22,1,0,0,0,0,0,0,0,0,"- ","- ",41.124389999999998,-123.39279000000001,HUMBOLDT,UNINCORPORATED,-123.65763903,41.023516309999998
90159176,2016,2016-04-18,9125,2016-04-01,2026,020376,,5,2,9,1200,0,2,4,,1,011,"FIELDBROOK ROAD","LYMAN ROAD",185.00,S,N,A,-,N,,,,,,,,,,Y,3,0,1,1,A,-,01,23152,F,N,E,I,A,A,H,-,D,D,0,,,,,Y,Y,A,01,0,1,0,0,0,0,0,0,0,"- ","- ",40.921469999999999,-124.02211,HUMBOLDT,UNINCORPORATED,-124.02205736000001,40.921255979999998
90159523,2016,2016-04-18,9125,2016-04-01,0100,020707,,5,3,9,1200,0,1,3,,1,052,SR-169,"CAPPELL RD",1000.00,W,N,A,-,Y,,,169,,,,,,,N,2,0,1,1,A,-,01,23152,A,N,H,A,A,A,H,-,D,D,0,,,Y,,Y,Y,C,06,1,0,0,0,0,0,0,0,1,"- ","- ",41.275759999999998,-123.81142,HUMBOLDT,UNINCORPORATED,-123.81141984,41.275821260000001
90160413,2016,2016-04-19,9125,2016-04-11,1736,020946,,1,2,9,1200,0,2,4,,1,020,"MYRTLE AVE","EDGEWOOD RD",0.00,,Y,B,-,N,,,,,,,,,,N,3,0,1,2,A,-,05,21650,,N,D,C,A,A,H,-,A,D,0,,,Y,,Y,,C,03,0,1,0,0,0,0,0,0,1,"- ","- ",40.789900000000003,-124.13352999999999,HUMBOLDT,UNINCORPORATED,-124.13360996999999,40.789939949999997
90160892,2016,2016-04-19,9125,2016-04-14,0736,014643,,4,1,9,1200,0,1,2,,2,044,"US-101 N/B (REDWOOD HIGHWAY)","PALMER BLVD U/C",528.00,N,N,C,-,Y,,,101,,,,,,N,Y,4,0,1,2,A,-,03,22350,,N,C,C,A,B,H,-,A,D,0,,,,,Y,,A,01,0,0,1,0,0,0,0,0,0,"- ","- ",40.605800000000002,-124.18055,HUMBOLDT,UNINCORPORATED,-124.18056228,40.605758629999997
90161027,2016,2016-04-19,9125,2016-04-14,1855,020696,,4,2,9,1200,0,1,2,,2,022,"US-101 S/B","SOUTH G ST.",200.00,S,N,B,-,Y,,,,,,,,,,Y,4,0,1,1,A,-,08,22107,,N,E,I,A,B,H,-,A,D,0,,,,,Y,,A,01,0,0,1,0,0,0,0,0,0,"- ","- ",40.857610000000001,-124.08211,HUMBOLDT,UNINCORPORATED,-124.16585083,40.802831279999999
90161148,2016,2016-04-19,9125,2016-04-15,1320,020786,,5,1,9,1200,0,1,3,,1,061,"SR-299 EB","EAST FORK CAMP GROUND",5280.00,W,N,A,-,Y,,,299,,,,,,E,Y,3,0,1,1,A,-,03,22350,,N,F,A,A,B,H,-,A,A,0,,,Y,,Y,,C,02,0,1,0,0,0,0,0,0,1,"- ","- ",40.906829999999999,-123.72269,HUMBOLDT,UNINCORPORATED,-123.72264701,40.9068124
90161655,2016,2016-04-20,9125,2016-04-12,1045,015572,,2,1,9,1200,0,3,5,,2,004,"MAIN STREET","MILL ST",5.00,E,N,B,-,N,,,,,,,,,,Y,4,0,1,2,A,-,09,21801,A,N,D,C,A,A,H,-,A,D,0,,,,,Y,,A,01,0,0,1,0,0,0,0,0,0,"- ","- ",40.484459999999999,-124.10127,HUMBOLDT,UNINCORPORATED,-124.10123259,40.484539830000003
90161810,2016,2016-04-20,9125,2016-04-18,1040,019243,,1,1,9,1200,0,1,3,,1,065,SR-96,"RED CAP RD",1056.00,E,N,A,-,Y,,,96,,,,,,,Y,4,0,2,2,A,-,09,21804,A,N,D,C,A,A,H,-,A,D,0,,,,,Y,,A,07,0,0,2,0,0,0,0,0,0,"- ","- ",41.305239999999998,-123.529,HUMBOLDT,UNINCORPORATED,-123.52889736,41.305196809999998
90161832,2016,2016-04-20,9126,2016-04-16,2200,020512,,6,3,9,1200,0,2,4,,1,002,"BRICELAND THORN ROAD","FERREN ROAD",750.00,E,N,A,-,N,,,,,,,,,,Y,2,0,1,1,A,-,08,22107,,N,E,I,A,A,H,-,D,D,0,,,,,Y,,A,07,1,0,0,0,0,0,0,0,0,"- ","- ",40.110509999999998,-123.89156,HUMBOLDT,UNINCORPORATED,-123.89210343000001,40.110498890000002
90162186,2016,2016-04-21,9125,2016-04-18,0120,019832,,1,3,9,1200,0,3,5,,2,005,"MATILTON RD","SHOEMAKER RD",7920.00,N,N,A,-,N,,,,,,,,,,Y,4,0,1,1,A,-,01,23152,A,N,F,A,A,A,H,-,D,D,0,,,,,Y,Y,A,01,0,0,1,0,0,0,0,0,0,"- ","- ",41.035049999999998,-123.67144999999999,HUMBOLDT,UNINCORPORATED,-123.6682,41.031350000000003
90162339,2016,2016-04-21,9125,2016-04-09,1455,014643,,6,2,9,1200,0,3,5,,2,001,"BALD HILLS ROAD",US-101,45936.00,E,N,B,C,N,,,,,,,,,,Y,4,0,1,1,A,-,08,22107,,N,E,I,A,B,H,-,A,D,0,,,,,Y,,J,48,0,0,1,0,0,0,0,0,0,"- ","- ",41.232309999999998,-123.97847,HUMBOLDT,UNINCORPORATED,-123.97596667000001,41.230198850000001
90162459,2016,2016-04-21,9125,2016-04-15,1810,020491,,5,2,9,1200,0,3,5,,2,002,"WEST END ROAD","PIPELINE ROAD",1587.00,E,N,A,-,Y,,,,,,,,,,Y,2,0,1,1,A,-,01,23152,A,N,E,I,A,A,H,-,A,D,0,,,,,Y,Y,D,22,1,0,0,0,0,0,0,0,0,"- ","- ",40.907580000000003,-124.06,HUMBOLDT,UNINCORPORATED,-124.05346234,40.906720759999999