CASE_ID,ACCIDENT_YEAR,PROC_DATE,JURIS,COLLISION_DATE,COLLISION_TIME,OFFICER_ID,REPORTING_DISTRICT,DAY_OF_WEEK,CHP_SHIFT,POPULATION,CNTY_CITY_LOC,SPECIAL_COND,BEAT_TYPE,CHP_BEAT_TYPE,CITY_DIVISION_LAPD,CHP_BEAT_CLASS,BEAT_NUMBER,PRIMARY_RD,SECONDARY_RD,DISTANCE,DIRECTION,INTERSECTION,WEATHER_1,WEATHER_2,STATE_HWY_IND,CALTRANS_COUNTY,CALTRANS_DISTRICT,STATE_ROUTE,ROUTE_SUFFIX,POSTMILE_PREFIX,POSTMILE,LOCATION_TYPE,RAMP_INTERSECTION,SIDE_OF_HWY,TOW_AWAY,COLLISION_SEVERITY,NUMBER_KILLED,NUMBER_INJURED,PARTY_COUNT,PRIMARY_COLL_FACTOR,PCF_CODE_OF_VIOL,PCF_VIOL_CATEGORY,PCF_VIOLATION,PCF_VIOL_SUBSECTION,HIT_AND_RUN,TYPE_OF_COLLISION,MVIW,PED_ACTION,ROAD_SURFACE,ROAD_COND_1,ROAD_COND_2,LIGHTING,CONTROL_DEVICE,CHP_ROAD_TYPE,PEDESTRIAN_ACCIDENT,BICYCLE_ACCIDENT,MOTORCYCLE_ACCIDENT,TRUCK_ACCIDENT,NOT_PRIVATE_PROPERTY,ALCOHOL_INVOLVED,STWD_VEHTYPE_AT_FAULT,CHP_VEHTYPE_AT_FAULT,COUNT_SEVERE_INJ,COUNT_VISIBLE_INJ,COUNT_COMPLAINT_PAIN,COUNT_PED_KILLED,COUNT_PED_INJURED,COUNT_BICYCLIST_KILLED,COUNT_BICYCLIST_INJURED,COUNT_MC_KILLED,COUNT_MC_INJURED,PRIMARY_RAMP,SECONDARY_RAMP,LATITUDE,LONGITUDE,COUNTY,CITY,POINT_X,POINT_Y
90406519,2017,2017-03-06,9125,2017-02-28,1620,021450,,2,2,9,1200,0,1,2,,2,017,"US-101 S/B","OLD STATE HIGHWAY",5808.00,N,N,A,-,Y,,,101,,,,,,S,Y,3,0,2,1,A,-,08,22107,,N,E,I,A,A,H,-,A,D,0,,,,,Y,,A,08,0,1,1,0,0,0,0,0,0,"- ","- ",41.26652,-124.09781,HUMBOLDT,UNINCORPORATED,-124.0976287,41.266437209999999
90406641,2017,2017-03-06,9125,2017-02-25,1620,021313,,6,2,9,1200,0,3,5,,2,005,"BIG HILL RD","MARSHALL LN",1584.00,E,N,A,-,Y,,,,,,,,,,N,4,0,1,3,A,-,08,22107,,N,G,B,E,A,H,-,A,D,0,Y,,,,Y,,A,07,0,0,1,0,1,0,0,0,0,"- ","- ",41.087649999999996,-123.68764,HUMBOLDT,UNINCORPORATED,-123.68843443,41.08679892
90407060,2017,2017-03-07,9125,2017-03-01,1655,020603,,3,2,9,1200,0,2,4,,1,031,"ELK RIVER ROAD","WESTGATE DRIVE",0.00,,Y,A,-,N,,,,,,,,,,Y,3,0,2,2,A,-,03,22350,,N,C,C,A,A,H,-,A,D,0,,,,,Y,,A,07,0,1,1,0,0,0,0,0,0,"- ","- ",40.737049999999996,-124.17542,HUMBOLDT,UNINCORPORATED,-124.17614992999999,40.737729899999998
90407157,2017,2017-03-07,9125,2017-03-05,2325,018172,,7,3,9,1200,0,3,5,,2,001,"US-101 N/B","GIUNTOLI LN",1056.00,S,N,B,F,Y,,,,,,,,,,Y,3,0,3,2,A,-,03,22350,,N,C,C,A,C,H,-,C,D,0,,,,,Y,,A,01,0,1,2,0,0,0,0,0,0,"- ","- ",40.901739999999997,-124.08540000000001,HUMBOLDT,UNINCORPORATED,-124.08545676,40.901774529999997
90407338,2017,2017-03-07,9125,2017-03-05,1430,019948,,7,2,9,1200,0,3,5,,2,001,"US-101 SOUTHBOUND","WEST END ROAD U/C",407.00,S,N,B,F,Y,,,,,,,,,,Y,4,0,1,1,A,-,03,22350,,N,E,I,A,C,H,-,A,A,0,,,,,Y,,A,01,0,0,1,0,0,0,0,0,0,"- ","- ",40.890500000000003,-124.0801,HUMBOLDT,UNINCORPORATED,-124.08020572,40.890751639999998
90407549,2017,2017-03-07,9125,2017-03-05,2330,013551,,7,3,9,1200,0,1,2,,2,022,"US-101 N/B","GIUNTOLI LN",1584.00,S,N,F,-,Y,,,,,,,,,,Y,4,0,1,1,A,-,03,22350,,N,E,I,A,C,H,-,E,D,0,,,,,Y,,A,07,0,0,1,0,0,0,0,0,0,"- ","- ",40.899320000000003,-124.08419000000001,HUMBOLDT,UNINCORPORATED,-124.08474646000001,40.900429840000001
90407726,2017,2017-03-16,9126,2017-02-25,1307,021216,,6,1,9,1200,0,1,2,,2,044,"US-101 N/B","REDWOOD DRIVE OVERCROSSING",0.00,,Y,A,-,Y,,,101,,,,,,N,N,1,1,0,2,A,-,11,21954,A,N,G,B,E,A,H,-,A,D,0,Y,,,,Y,,N,60,0,0,0,1,0,0,0,0,0,"- ","- ",40.104880000000001,-123.79516,HUMBOLDT,UNINCORPORATED,-123.79518251,40.104889460000003
90408259,2017,2017-03-08,9125,2017-03-05,2340,018064,,7,3,9,1200,0,1,3,,2,013,SR-299,"NORTH BANK RD",300.00,E,N,B,-,Y,,,299,,,,,,,N,4,0,1,2,A,-,03,22350,,N,E,I,A,C,H,-,D,D,0,,,,,Y,,A,01,0,0,1,0,0,0,0,0,0,"- ","- ",40.909730000000003,-124.05306,HUMBOLDT,UNINCORPORATED,-124.05304833,40.909579540000003
90408370,2017,2017-03-08,9126,2017-03-03,1713,021507,,5,2,9,1200,0,1,2,,2,022,"US-101 S/B","S. FORK EEL RIVER BRIDGE #4-124",128.00,N,N,A,-,Y,,,101,,,,,,S,Y,3,0,2,1,A,-,03,22350,,N,E,I,A,A,H,-,A,D,0,,,,,Y,,A,01,0,1,1,0,0,0,0,0,0,"- ","- ",40.266509999999997,-123.87099000000001,HUMBOLDT,UNINCORPORATED,-123.87096059,40.266596819999997
90408533,2017,2017-03-08,9125,2017-03-05,1125,021450,,7,1,9,1200,0,1,3,,1,026,SR-255,"NEW NAVY BASE RD",528.00,S,N,F,-,Y,,,255,,,,,,,Y,3,0,1,1,A,-,03,22350,,N,E,I,A,C,H,-,A,D,0,,,,,Y,,A,01,0,1,0,0,0,0,0,0,0,"- ","- ",40.824809999999999,-124.17453,HUMBOLDT,UNINCORPORATED,-124.17461765,40.824670429999998
90408633,2017,2017-03-08,9125,2017-03-07,0045,019093,,2,3,9,1200,0,2,4,,1,042,"CENTERVILLE RD","POOLE RD",7920.00,S,N,B,-,N,,,,,,,,,,Y,3,0,1,1,A,-,01,23152,A,N,E,I,A,B,H,-,D,D,0,,,,,Y,Y,A,07,0,1,0,0,0,0,0,0,0,"- ","- ",40.565399999999997,-124.35142,HUMBOLDT,UNINCORPORATED,-124.30875086,40.581848450000003
90409222,2017,2017-03-09,9125,2017-02-28,1930,021514,,2,2,9,1200,0,1,3,,1,065,SR-96,"EAST PERCH CREEK RD",150.00,N,N,A,-,Y,,,96,,,,,,,Y,3,0,1,1,A,-,08,22107,,N,F,I,A,B,H,-,D,A,0,,,Y,,Y,,C,02,0,1,0,0,0,0,0,0,1,"- ","- ",41.317799999999998,-123.52030000000001,HUMBOLDT,UNINCORPORATED,-123.52032402,41.31782613
90409593,2017,2017-03-09,9125,2017-03-04,1510,018771,,6,2,9,1200,0,1,3,,1,047,SR-36,"BARBER SHOP LN",7392.00,E,N,B,C,Y,,,36,,,,,,,Y,4,0,1,1,A,-,03,22350,,N,E,I,A,B,H,-,A,D,0,,,,,Y,,A,01,0,0,1,0,0,0,0,0,0,"- ","- ",40.513719999999999,-124.01897,HUMBOLDT,UNINCORPORATED,-124.01838771,40.514104879999998
90409972,2017,2017-03-10,9125,2017-03-03,1448,014643,,5,2,9,1200,0,3,5,,2,003,"TABLE BLUFF RD","PHELAN RD",14.00,E,N,A,B,N,,,,,,,,,,Y,3,0,1,2,A,-,06,21750,,N,E,I,A,A,H,-,A,D,0,,,,,Y,,D,22,0,1,0,0,0,0,0,0,0,"- ","- ",40.686889999999998,-124.24987,HUMBOLDT,UNINCORPORATED,-124.24978951,40.686869559999998
90410977,2017,2017-03-13,9125,2017-03-04,0153,020946,,6,3,9,1200,0,1,2,,2,045,"US-101 S/B",SR-36,805.00,N,N,C,-,Y,,,101,,,,,,S,Y,2,0,1,1,A,-,01,23152,A,N,E,I,A,B,H,-,C,D,0,,,,,Y,Y,D,22,1,0,0,0,0,0,0,0,0,"- ","- ",40.550910000000002,-124.14618,HUMBOLDT,UNINCORPORATED,-124.14587252,40.550966600000002
90411286,2017,2017-03-13,9125,2017-03-05,0057,020895,,7,3,9,1200,0,3,5,,2,001,"WALNUT AVE","RAILROAD DR",40.00,N,N,B,-,N,,,,,,,,,,N,3,0,1,2,A,-,01,23152,A,N,G,B,E,B,H,-,D,D,0,Y,,,,Y,Y,A,08,0,1,0,0,1,0,0,0,0,"- ","- ",40.94529,-124.107,HUMBOLDT,UNINCORPORATED,-124.10702898,40.945256559999997
90411524,2017,2017-03-13,9125,2017-03-10,1702,020696,,5,2,9,1200,0,1,3,,2,013,"SR-299 W/B TO S/B US-101","US-101 S/B",82.00,W,N,A,-,Y,,,,,,,,,,Y,3,0,1,1,A,-,01,23152,A,N,E,I,A,A,H,-,A,D,0,,,Y,,Y,Y,C,02,0,1,0,0,0,0,0,0,1,"- ","- ",40.895580000000002,-124.08296,HUMBOLDT,UNINCORPORATED,,
90411787,2017,2017-03-14,9125,2017-03-12,1930,018064,,7,2,9,1200,0,3,5,,2,004,"CENTERVILLE BEACH","EEL RIVER",42240.00,S,N,A,-,N,,,,,,,,,,Y,2,0,1,1,B,-,22,,,N,E,I,A,A,H,-,B,D,0,,,,,Y,,D,22,1,0,0,0,0,0,0,0,0,"- ","- ",40.558390000000003,-124.35744,HUMBOLDT,UNINCORPORATED,,
90412620,2017,2017-03-15,9125,2017-03-08,1205,021514,,3,1,9,1200,0,1,3,,1,050,"RT 96","TISH TANG ROAD",375.00,N,N,A,-,Y,,,96,,,,,,,N,3,0,1,2,A,-,05,21650,,N,D,C,A,A,H,-,A,A,0,,,Y,,Y,,C,02,0,1,0,0,0,0,0,0,1,"- ","- ",41.063510000000001,-123.68592,HUMBOLDT,UNINCORPORATED,-123.68567473,41.06356195
90413683,2017,2017-03-16,9125,2017-03-11,1902,020696,,6,2,9,1200,0,3,5,,2,002,"OLD ARCATA RD.","STEPHENS LN.",409.00,N,N,A,-,N,,,,,,,,,,Y,2,0,1,1,A,-,01,23152,F,N,F,A,A,A,H,-,C,D,0,,,,,Y,,A,01,1,0,0,0,0,0,0,0,0,"- ","- ",40.830680000000001,-124.07534,HUMBOLDT,UNINCORPORATED,-124.07529455,40.830622810000001
90413944,2017,2017-03-16,9126,2017-03-13,2300,021329,,1,3,9,1200,0,1,2,,2,022,"US-101 N/B","PESULA ROAD",2640.00,S,N,A,-,Y,,,101,,,,,,N,Y,4,0,1,1,A,-,01,23152,A,N,E,I,A,A,H,-,D,D,0,,,,,Y,Y,A,01,0,0,1,0,0,0,0,0,0,"- ","- ",40.301319999999997,-123.89236,HUMBOLDT,UNINCORPORATED,-123.89244621,40.301300920000003
90414686,2017,2017-03-17,9125,2017-03-09,0720,018771,,4,1,9,1200,0,1,2,,2,045,"US-101 SOUTHBOUND","EEL RIVER BRIDGE (#4-16L)",10.00,S,N,B,-,Y,,,,,,,,,,Y,2,0,1,1,A,-,03,22350,,N,E,I,A,B,H,-,A,D,0,,,,,Y,,A,01,1,0,0,0,0,0,0,0,0,"- ","- ",40.507649999999998,-124.11788,HUMBOLDT,UNINCORPORATED,,
90414725,2017,2017-03-17,9125,2017-03-11,1025,018771,,6,1,9,1200,0,1,3,,1,047,"SR-36 E/B","A ST",325.00,W,N,A,-,Y,,,36,,,,,,E,Y,4,0,1,1,A,-,03,22350,,N,E,I,A,A,H,-,A,A,0,,,,,Y,,A,01,0,0,1,0,0,0,0,0,0,"- ","- ",40.542789999999997,-124.10175,HUMBOLDT,UNINCORPORATED,-124.10177496,40.542813889999998
90414905,2017,2017-03-20,9125,2017-03-10,1140,014643,,5,1,9,1200,0,3,5,,2,003,"HERRICK AVENUE","US-101 N/B FROM HERRICK AVENUE ONRAMP",0.00,,Y,B,-,Y,,,,,,,,,,N,3,0,1,2,A,-,08,22107,,N,B,G,A,A,H,-,A,D,0,,Y,,,Y,,A,01,0,1,0,0,0,0,1,0,0,"- ","- ",40.758209999999998,-124.18864000000001,HUMBOLDT,UNINCORPORATED,,
90415798,2017,2017-03-20,9125,2017-03-14,1400,021514,,2,2,9,1200,0,3,5,,2,005,"LOOP ROAD S/B","PINE CREEK RD",130.00,S,N,A,-,N,,,,,,,,,,N,3,0,1,1,A,-,01,23152,A,N,F,I,A,A,H,-,A,D,0,,,Y,,Y,Y,C,06,0,1,0,0,0,0,0,0,1,"- ","- ",41.053130000000003,-123.68252,HUMBOLDT,UNINCORPORATED,-123.68260827,41.05316827
90415919,2017,2017-03-20,9125,2017-03-18,1140,020895,,6,1,9,1200,0,3,5,,2,003,"HERRICK AVE","CAROLYN CT",80.00,E,N,C,-,N,,,,,,,,,,N,3,0,1,2,A,-,08,22107,,N,B,C,A,B,H,-,A,D,0,,,,,Y,,A,01,0,1,0,0,0,0,0,0,0,"- ","- ",40.757510000000003,-124.17751,HUMBOLDT,UNINCORPORATED,-124.17680119000001,40.757546480000002
90416234,2017,2017-03-21,9125,2017-03-18,0015,021025,,6,3,9,1200,0,3,5,,2,001,"NORTON ROAD","DOWS PRAIRIE RD",24.00,S,N,B,-,N,,,,,,,,,,Y,3,0,1,1,A,-,01,23152,A,N,E,I,A,A,H,-,D,A,0,,,,,Y,Y,D,22,0,1,0,0,0,0,0,0,0,"- ","- ",40.963189999999997,-124.096,HUMBOLDT,UNINCORPORATED,-124.09616179,40.963473659999998
9041650,2020,2020-02-21,1203,2020-01-29,1605,4099,P48,3,5,4,1203,0,0,0,,0,003,BUHNE,M,9.00,W,N,A,-,N,,,,,,,,,,N,2,0,1,2,A,-,10,21950,A,N,G,B,D,A,H,-,A,D,0,Y,,,,Y,,A,01,1,0,0,0,1,0,0,0,0,"- ","- ",40.786128997802734,-124.15560150146484,HUMBOLDT,EUREKA,-124.15568542480469,40.786098480224609
90417844,2017,2017-03-22,9125,2017-03-14,1121,020603,,2,1,9,1200,0,1,3,,1,047,SR-36,"A STREET",600.00,W,N,A,-,Y,,,36,,,,,,,Y,2,0,1,1,A,-,01,23152,F,N,E,I,A,A,H,-,A,D,0,,,Y,,Y,,C,02,1,0,0,0,0,0,0,0,1,"- ","- ",40.542470000000002,-124.10221,HUMBOLDT,UNINCORPORATED,-124.10221244,40.542479129999997
90417997,2017,2017-03-22,9125,2017-03-15,1800,018064,,3,2,9,1200,0,3,5,,2,004,"RIVER BAR",SR-283,5280.00,N,N,B,-,N,,,,,,,,,,N,3,0,1,1,A,-,01,23152,A,N,F,I,A,B,H,-,A,D,0,,,Y,,Y,Y,C,06,0,1,0,0,0,0,0,0,1,"- ","- ",,,HUMBOLDT,UNINCORPORATED,,
90418542,2017,2017-03-23,9125,2017-03-19,1605,019948,,7,2,9,1200,0,2,4,,1,020,"MYRTLE AVE","LUCAS ST",89.00,S,N,B,-,N,,,,,,,,,,N,3,0,1,2,A,-,09,21801,A,N,A,G,A,A,H,-,A,A,0,,Y,,,Y,,A,01,0,1,0,0,0,0,1,0,0,"- ","- ",40.790970000000002,-124.13384000000001,HUMBOLDT,UNINCORPORATED,-124.13397344000001,40.791022679999998
90418688,2017,2017-03-23,9125,2017-03-21,1310,020603,,2,1,9,1200,0,3,5,,2,002,"WEST END RD","PIPELINE LINE CREEK",1056.00,W,N,B,-,N,,,,,,,,,,Y,4,0,1,1,A,-,08,22107,,N,E,I,A,B,E,H,A,D,0,,,,,Y,,A,07,0,0,1,0,0,0,0,0,0,"- ","- ",40.906590000000001,-124.05889999999999,HUMBOLDT,UNINCORPORATED,-124.05887604,40.9066294
90420858,2017,2017-03-27,9125,2017-03-23,0330,021313,,4,3,9,1200,0,1,3,,1,060,SR-299,"BAIR RD",25872.00,W,N,B,-,Y,,,299,,,,,,,Y,3,0,1,1,A,-,08,22107,,N,E,I,A,B,H,-,D,D,0,,,,,Y,,A,01,0,1,0,0,0,0,0,0,0,"- ","- ",40.942959999999999,-123.90018000000001,HUMBOLDT,UNINCORPORATED,-123.90012579,40.942947740000001
90421421,2017,2017-03-27,9125,2017-03-18,0230,021514,,6,3,9,1200,0,3,5,,2,006,"COUNTRY CLUB ROAD","PATTERSON ROAD",0.00,,Y,C,-,N,,,,,,,,,,N,3,0,1,1,C,-,18,,,N,H,A,A,B,H,-,D,D,0,,,,,Y,,-,"- ",0,1,0,0,0,0,0,0,0,"- ","- ",40.947620000000001,-123.62562,HUMBOLDT,UNINCORPORATED,-123.62555996,40.947569979999997
90422139,2017,2017-03-28,9125,2017-03-19,2300,020748,,7,3,9,1200,0,3,5,,2,004,"CROSBY RD","GRIZZLY BLUFF RD",10560.00,S,N,C,-,N,,,,,,,,,,N,4,0,1,1,A,-,08,22107,,N,F,A,A,B,H,-,D,D,0,,,Y,,Y,,C,06,0,0,1,0,0,0,0,0,1,"- ","- ",40.540869999999998,-124.21402999999999,HUMBOLDT,UNINCORPORATED,-124.21366566,40.540577200000001
90422149,2017,2017-03-28,9125,2017-03-21,1400,019948,,2,2,9,1200,0,3,5,,2,003,"HALL AVENUE","WELLINGTON STREET",256.00,S,N,B,-,N,,,,,,,,,,Y,4,0,2,2,A,-,08,22107,,N,C,E,A,B,H,-,A,A,0,,,,,Y,,A,01,0,0,2,0,0,0,0,0,0,"- ","- ",40.781410000000001,-124.12558,HUMBOLDT,UNINCORPORATED,-124.12553,40.781427149999999
90422551,2017,2017-03-28,9125,2017-03-24,1745,020696,,5,2,9,1200,0,3,5,,2,004,"DRAKE HILL RD","TAYLOR LN",0.00,,Y,A,-,N,,,,,,,,,,N,4,0,1,2,A,-,09,21801,A,N,D,G,A,A,H,-,A,D,0,,Y,,,Y,,D,22,0,0,1,0,0,0,1,0,0,"- ","- ",40.564810000000001,-124.14152,HUMBOLDT,UNINCORPORATED,-124.14159991,40.564789930000003
90423559,2017,2017-03-29,9126,2017-03-19,0430,021507,,7,3,9,1200,0,1,2,,2,044,"US 101 S/B","SALMON CREEK ROAD",4752.00,N,N,B,-,Y,,,,,,,,,,Y,4,0,1,1,A,-,01,23152,A,N,E,I,A,B,H,-,D,D,0,,,,,Y,Y,A,01,0,0,1,0,0,0,0,0,0,"- ","- ",,,HUMBOLDT,UNINCORPORATED,-123.84409691,40.259438189999997
90423777,2017,2017-03-29,9125,2017-03-25,1100,021559,,6,1,9,1200,0,3,5,,2,005,"TISH TANG ROAD","HOSPITAL ROAD",1056.00,E,N,A,-,N,,,,,,,,,,N,3,0,2,1,A,-,08,22107,,N,E,I,A,A,H,-,A,D,0,,,,,Y,,A,08,0,1,1,0,0,0,0,0,0,"- ","- ",41.040640000000003,-123.65622,HUMBOLDT,UNINCORPORATED,-123.65633,41.040390420000001
90423795,2017,2018-03-07,9125,2017-03-05,1845,021115,,7,2,9,1200,0,1,3,,1,065,SR-96,"EAST PERCH CREEK RD",11616.00,E,N,C,D,Y,,,96,,,,,,,Y,1,3,1,1,A,-,01,23152,A,N,F,A,A,B,H,-,D,D,0,,,,,Y,Y,A,01,0,1,0,0,0,0,0,0,0,"- ","- ",41.337249999999997,-123.50594,HUMBOLDT,UNINCORPORATED,-123.50594233,41.337251010000003
90424163,2017,2017-03-30,9125,2017-03-24,1141,020786,,5,1,9,1200,0,1,3,,1,061,"SR-299 W/B","CEDAR CREEK RD",310.00,E,N,C,-,Y,,,299,,,,,,W,Y,2,0,2,2,A,-,03,22350,,N,C,C,A,B,H,-,A,D,0,,,,,Y,,A,01,1,1,0,0,0,0,0,0,0,"- ","- ",40.90625,-123.75156,HUMBOLDT,UNINCORPORATED,-123.75154362000001,40.906140440000001
90425725,2017,2017-04-03,9126,2017-03-25,0600,021243,,6,1,9,1200,0,1,3,,1,020,SR-254,"MAPLE HILLS ROAD",528.00,S,N,B,-,Y,,,254,,,,,,,Y,3,0,1,1,A,-,08,22107,,N,F,A,A,B,H,-,D,D,0,,,,,Y,,A,01,0,1,0,0,0,0,0,0,0,"- ","- ",40.219589999999997,-123.80943000000001,HUMBOLDT,UNINCORPORATED,-123.80944443,40.219622540000003
90426940,2017,2017-04-04,9125,2017-04-02,1230,019243,,7,1,9,1200,0,2,4,,1,011,"MURRAY RD","CENTRAL AVE",3168.00,E,N,A,-,N,,,,,,,,,,Y,4,0,1,1,A,-,01,23152,,N,F,A,A,A,H,-,A,D,0,,,,,Y,Y,A,07,0,0,1,0,0,0,0,0,0,"- ","- ",40.956969999999998,-124.09001000000001,HUMBOLDT,UNINCORPORATED,-124.08952055,40.956815480000003
90428300,2017,2017-04-05,9125,2017-03-31,1545,018771,,5,2,9,1200,0,3,5,,2,003,"F STREET","SPRUCE STREET",175.00,N,N,A,-,N,,,,,,,,,,Y,4,0,1,2,A,-,21,22106,,N,B,C,A,A,H,-,A,D,0,,,,,Y,Y,A,01,0,0,1,0,0,0,0,0,0,"- ","- ",40.769910000000003,-124.16374999999999,HUMBOLDT,UNINCORPORATED,-124.16368942,40.770000410000002
90428438,2017,2017-04-05,9126,2017-03-04,2017,021507,,6,2,9,1200,0,2,4,,1,008,"REDWOOD DRIVE","REDWAY DRIVE",79.00,N,N,B,C,N,,,,,,,,,,N,1,1,0,2,A,-,11,21954,A,N,G,B,D,B,H,-,D,D,0,Y,,,Y,Y,Y,N,60,0,0,0,1,0,0,0,0,0,"- ","- ",40.117570000000001,-123.81984,HUMBOLDT,UNINCORPORATED,-123.81959589,40.117480319999999
90428781,2017,2017-04-06,9125,2017-03-24,1810,020901,,5,2,9,1200,0,1,2,,2,045,"UNITED STATES HIGHWAY 101","DAVIS STREET",70.00,N,N,A,-,Y,,,,,,,,,,Y,2,0,1,2,A,-,03,22350,,N,C,C,A,A,H,-,A,D,0,,,Y,,Y,,C,02,1,0,0,0,0,0,0,0,1,"- ","- ",40.504309999999997,-124.10229,HUMBOLDT,UNINCORPORATED,-124.09924535,40.49939749
90429034,2017,2017-04-06,9125,2017-03-30,2320,020946,,4,3,9,1200,0,1,3,,2,013,SR-299,"ESSEX GULCH",703.00,W,N,A,-,Y,,,299,,,,,,,Y,3,0,1,2,A,-,01,23152,A,N,A,C,A,A,H,-,D,D,0,,,,,Y,Y,A,01,0,1,0,0,0,0,0,0,0,"- ","- ",40.90916,-124.04787,HUMBOLDT,UNINCORPORATED,-124.04787322999999,40.909151960000003
90429060,2017,2017-04-06,9125,2017-04-01,2305,020895,,6,3,9,1200,0,1,3,,1,048,SR-36,"LARABEE VALLEY RD",2640.00,W,N,E,-,Y,,,36,,,,,,,Y,4,0,1,1,A,-,08,22107,,N,F,I,A,B,E,-,D,D,0,,,,,Y,,D,22,0,0,1,0,0,0,0,0,0,"- ","- ",40.47363,-123.7094,HUMBOLDT,UNINCORPORATED,-123.70938648000001,40.473651949999997
90430486,2017,2017-04-10,9125,2017-03-23,0145,021025,,4,3,9,1200,0,1,3,,1,025,SR-255,"JACKSON RANCH RD",1056.00,S,N,A,-,Y,,,255,,,,,,,Y,3,0,1,1,A,-,08,22107,,M,E,I,A,A,H,-,D,D,0,,,,,Y,Y,A,01,0,1,0,0,0,0,0,0,0,"- ","- ",40.867449999999998,-124.14118000000001,HUMBOLDT,UNINCORPORATED,-124.14116486,40.867388030000001
90430549,2017,2017-04-10,9126,2017-03-29,1900,021102,,3,2,9,1200,0,2,4,,1,002,"BRICELAND ROAD","MARION LANE",60.00,E,N,B,C,N,,,,,,,,,,N,4,0,1,1,A,-,01,23152,A,N,E,I,A,B,D,-,A,A,0,,,,,Y,Y,D,22,0,0,1,0,0,0,0,0,0,"- ","- ",40.091729999999998,-123.93741,HUMBOLDT,UNINCORPORATED,-123.93730044,40.091547130000002
90430751,2017,2017-04-10,9125,2017-04-02,0240,021025,,7,3,9,1200,0,3,5,,2,001,US-101,"SUNSET AVE OC",78.00,S,N,B,-,Y,,,,,,,,,,Y,3,0,1,1,A,-,01,23152,A,N,E,I,A,A,H,-,C,D,0,,,,,Y,Y,D,22,0,1,0,0,0,0,0,0,0,"- ","- ",40.878720000000001,-124.08206,HUMBOLDT,UNINCORPORATED,,
90431025,2017,2017-04-10,9125,2017-03-23,1545,018958,,4,2,9,1200,0,3,5,,2,001,"US 101 NORTHBOUND","6TH AVE.",3168.00,N,N,B,-,N,,,,,,,,,,Y,1,1,1,1,A,-,01,23152,G,N,E,I,A,B,H,-,A,D,0,,,,,Y,Y,D,22,0,1,0,0,0,0,0,0,0,"- ","- ",40.044179999999997,-124.11641,HUMBOLDT,UNINCORPORATED,-124.11624581,41.043851359999998
90431670,2017,2017-04-11,9125,2017-04-06,0658,018958,,4,1,9,1200,0,1,2,,2,017,US-101,"S. PRAIRIE CREEK U/C",2112.00,S,N,B,C,N,,,101,,,,,,,Y,2,0,1,1,A,-,08,22107,,N,E,I,A,B,H,-,A,D,0,,,,,Y,,A,08,1,0,0,0,0,0,0,0,0,"- ","- ",41.343330000000002,-124.03104999999999,HUMBOLDT,UNINCORPORATED,-124.03111328,41.343371439999999
90431749,2017,2017-04-11,9125,2017-04-08,1450,020696,,6,2,9,1200,0,2,4,,1,023,"WALNUT DR","CANYON DR.",415.00,S,N,A,-,N,,,,,,,,,,Y,2,0,1,1,A,-,01,23152,A,N,F,A,A,A,H,-,A,D,0,,,,,Y,Y,A,07,1,0,0,0,0,0,0,0,0,"- ","- ",40.7545,-124.14624999999999,HUMBOLDT,UNINCORPORATED,-124.14645293,40.754549400000002
90432804,2017,2017-04-12,9126,2017-04-03,0930,021329,,1,1,9,1200,0,2,4,,2,004,"SHELTER COVE ROAD","LINDLEY LOOP ROAD",528.00,W,N,A,-,N,,,,,,,,,,Y,4,0,1,1,A,-,08,22107,,N,F,A,A,A,H,-,A,D,0,,,,,Y,,D,22,0,0,1,0,0,0,0,0,0,"- ","- ",40.040370000000003,-124.06310000000001,HUMBOLDT,UNINCORPORATED,-124.0636521,40.039968709999997
90432968,2017,2017-04-12,9126,2017-03-31,1125,021295,,5,1,9,1200,0,1,2,,2,044,"US-101 SOUTHBOUND","DEAN CREEK ROAD",5280.00,N,N,A,-,Y,,,101,,,,,,S,Y,2,0,1,2,A,-,06,21755,,N,B,C,A,A,H,-,A,D,0,,,Y,,Y,,C,02,1,0,0,0,0,0,0,0,1,"- ","- ",40.152299999999997,-123.79519999999999,HUMBOLDT,UNINCORPORATED,-123.79535414999999,40.152327319999998
90433064,2017,2017-04-12,9125,2017-04-05,2200,021025,,3,3,9,1200,0,1,3,,1,026,SR-255,"STARTARE DR",1300.00,N,N,B,-,Y,,,,,,,,,,N,2,0,1,2,A,-,08,22107,,F,G,B,E,A,H,-,C,D,0,Y,,,,Y,,D,22,1,0,0,0,1,0,0,0,0,"- ","- ",40.814860000000003,-124.16074,HUMBOLDT,UNINCORPORATED,,
90433726,2017,2017-04-13,9125,2017-03-12,1209,021450,,7,1,9,1200,0,1,2,,2,030,"US-101 S/B","TOMPKINS HILL ROAD",1056.00,S,N,A,-,Y,,,101,,,,,,S,Y,1,1,1,1,A,-,01,23152,A,N,E,I,A,A,H,-,A,D,0,,,,,Y,Y,A,01,1,0,0,0,0,0,0,0,0,"- ","- ",40.702919999999999,-124.20922,HUMBOLDT,UNINCORPORATED,-124.20916904000001,40.702956489999998