CASE_ID,ACCIDENT_YEAR,PROC_DATE,JURIS,COLLISION_DATE,COLLISION_TIME,OFFICER_ID,REPORTING_DISTRICT,DAY_OF_WEEK,CHP_SHIFT,POPULATION,CNTY_CITY_LOC,SPECIAL_COND,BEAT_TYPE,CHP_BEAT_TYPE,CITY_DIVISION_LAPD,CHP_BEAT_CLASS,BEAT_NUMBER,PRIMARY_RD,SECONDARY_RD,DISTANCE,DIRECTION,INTERSECTION,WEATHER_1,WEATHER_2,STATE_HWY_IND,CALTRANS_COUNTY,CALTRANS_DISTRICT,STATE_ROUTE,ROUTE_SUFFIX,POSTMILE_PREFIX,POSTMILE,LOCATION_TYPE,RAMP_INTERSECTION,SIDE_OF_HWY,TOW_AWAY,COLLISION_SEVERITY,NUMBER_KILLED,NUMBER_INJURED,PARTY_COUNT,PRIMARY_COLL_FACTOR,PCF_CODE_OF_VIOL,PCF_VIOL_CATEGORY,PCF_VIOLATION,PCF_VIOL_SUBSECTION,HIT_AND_RUN,TYPE_OF_COLLISION,MVIW,PED_ACTION,ROAD_SURFACE,ROAD_COND_1,ROAD_COND_2,LIGHTING,CONTROL_DEVICE,CHP_ROAD_TYPE,PEDESTRIAN_ACCIDENT,BICYCLE_ACCIDENT,MOTORCYCLE_ACCIDENT,TRUCK_ACCIDENT,NOT_PRIVATE_PROPERTY,ALCOHOL_INVOLVED,STWD_VEHTYPE_AT_FAULT,CHP_VEHTYPE_AT_FAULT,COUNT_SEVERE_INJ,COUNT_VISIBLE_INJ,COUNT_COMPLAINT_PAIN,COUNT_PED_KILLED,COUNT_PED_INJURED,COUNT_BICYCLIST_KILLED,COUNT_BICYCLIST_INJURED,COUNT_MC_KILLED,COUNT_MC_INJURED,PRIMARY_RAMP,SECONDARY_RAMP,LATITUDE,LONGITUDE,COUNTY,CITY,POINT_X,POINT_Y
90643154,2018,2018-01-18,9126,2018-01-08,2330,021812,,1,3,9,1200,0,3,5,,2,222,"MARTIN WAY","PUMA DRIVE",528.00,S,N,B,C,N,,,,,,,,,,N,2,0,3,1,A,-,08,22107,,N,F,A,A,B,B,-,D,D,0,,,Y,,Y,Y,C,06,2,1,0,0,0,0,0,0,3,"- ","- ",40.045211791992188,-124.05870056152344,HUMBOLDT,UNINCORPORATED,-124.05875396728516,40.045703887939453
90644198,2018,2018-01-22,9126,2018-01-13,1910,021507,,6,2,9,1200,0,1,3,,1,020,SR-254,"JORDAN ROAD",528.00,N,N,B,-,Y,,,254,,,,,,,Y,3,0,1,1,A,-,08,22107,,N,F,A,A,B,H,-,D,D,0,,,,,Y,,D,23,0,1,0,0,0,0,0,0,0,"- ","- ",40.440971374511719,-124.03231811523438,HUMBOLDT,UNINCORPORATED,-124.03208160400391,40.440944671630859
90644268,2018,2018-01-22,9125,2018-01-11,1330,019243,,4,1,9,1200,0,3,5,,2,001,"CHICKADEE CT","MERGANSER CT",113.00,W,N,B,C,N,,,,,,,,,,N,4,0,1,2,A,-,21,22106,,N,H,C,A,B,H,-,A,D,0,,,,,Y,,A,07,0,0,1,0,0,0,0,0,0,"- ","- ",40.948230743408203,-124.10431671142578,HUMBOLDT,UNINCORPORATED,-124.10427093505859,40.948246002197266
90644384,2018,2018-01-22,9125,2018-01-12,1810,020901,,5,2,9,1200,0,1,2,,2,019,"RT 101","CENTRAL AVE",2640.00,N,N,A,-,Y,,,101,,,,,,,Y,4,0,1,1,A,-,08,22107,,N,E,I,A,B,H,-,E,D,0,,,,,Y,,A,01,0,0,1,0,0,0,0,0,0,"- ","- ",40.925498962402344,-124.10810852050781,HUMBOLDT,UNINCORPORATED,-124.10818481445312,40.925338745117188
90644980,2018,2018-01-22,9125,2018-01-18,2038,018064,,4,2,9,1200,0,3,5,,2,003,"US-101 S/B (REDWOOD HWY)","HERRICK AVENUE",200.00,S,N,A,F,Y,,,101,,,,,,S,Y,3,0,1,1,A,-,03,22350,,N,E,I,A,D,G,H,C,D,0,,,,,Y,,A,01,0,1,0,0,0,0,0,0,0,"- ","- ",40.755870819091797,-124.19065093994141,HUMBOLDT,UNINCORPORATED,-124.19057464599609,40.755825042724609
90645000,2018,2018-01-22,9125,2018-01-18,1250,019243,,4,1,9,1200,0,2,4,,1,010,"CENTRAL AVE","ANNA SPARKS WAY",400.00,S,N,B,C,N,,,,,,,,,,N,4,0,1,2,A,-,03,22350,,N,C,C,A,B,H,-,A,A,0,,,,,Y,,A,07,0,0,1,0,0,0,0,0,0,"- ","- ",40.93157958984375,-124.10083770751953,HUMBOLDT,UNINCORPORATED,-124.10089874267578,40.93170166015625
90645122,2018,2018-01-22,9125,2018-01-19,1440,019243,,5,2,9,1200,0,2,4,,1,010,"CENTRAL AVE",RAILDRO,125.00,S,N,B,-,N,,,,,,,,,,N,4,0,1,2,A,-,03,22350,,N,C,C,A,A,H,-,A,A,0,,,,,Y,,A,07,0,0,1,0,0,0,0,0,0,"- ","- ",40.946048736572266,-124.10096740722656,HUMBOLDT,UNINCORPORATED,-124.10099792480469,40.946056365966797
90645389,2018,2018-01-23,9125,2018-01-12,2157,021844,,5,2,9,1200,0,1,2,,1,024,"US 101 S/B","COLE AVENUE",1056.00,N,N,B,-,Y,,,,,,,,,,Y,3,0,1,2,A,-,01,23152,A,M,B,C,A,B,H,-,C,A,0,,,,,Y,Y,A,01,0,1,0,0,0,0,0,0,0,"- ","- ",40.804908752441406,-124.13111877441406,HUMBOLDT,UNINCORPORATED,-124.13704681396484,40.805721282958984
90645412,2018,2018-01-23,9125,2018-01-15,1145,020603,,1,1,9,1200,0,1,3,,1,048,SR-36,"MCCLELLAN MTN ROAD",270.00,E,N,B,-,Y,,,36,,,,,,,Y,4,0,1,1,A,-,08,22107,,N,E,I,A,B,H,-,A,D,0,,,,,Y,,D,23,0,0,1,0,0,0,0,0,0,"- ","- ",40.476959228515625,-123.7147216796875,HUMBOLDT,UNINCORPORATED,-123.7147216796875,40.476963043212891
90645469,2018,2018-01-23,9125,2018-01-16,1728,021450,,2,2,9,1200,0,2,4,,1,020,"MYRTLE AVE","HALL AVE",21.00,W,N,B,-,N,,,,,,,,,,N,4,0,1,2,A,-,09,21802,A,M,D,C,A,B,H,-,C,D,0,,,,,Y,,A,01,0,0,1,0,0,0,0,0,0,"- ","- ",40.783329010009766,-124.12561798095703,HUMBOLDT,UNINCORPORATED,-124.12559509277344,40.7833251953125
9064750,2020,2020-03-24,1201,2020-02-08,1207,658,401,6,5,3,1201,0,0,0,,0,00S,"FICKLE HILL RD","FICKLE HILL LN",272.00,W,N,A,-,N,,,,,,,,,,N,2,0,1,2,A,-,21,22106,,N,H,G,A,A,H,-,A,A,0,,Y,,,Y,,A,07,1,0,0,0,0,0,1,0,0,"- ","- ",40.867740631103516,-124.07402801513672,HUMBOLDT,ARCATA,-124.07703399658203,40.865978240966797
9064762,2020,2020-03-25,1201,2020-02-06,1245,631,108,4,5,3,1201,0,0,0,,0,00N,"16TH ST","J ST",0.00,,Y,A,-,N,,,,,,,,,,N,4,0,1,2,A,-,03,22350,,F,G,B,B,A,H,-,A,A,0,Y,,,,Y,,-,99,0,0,1,0,1,0,0,0,0,"- ","- ",40.875030517578125,-124.08677673339844,HUMBOLDT,ARCATA,-124.08683013916016,40.875038146972656
9064766,2020,2020-03-24,1201,2020-02-10,0815,509,108,1,5,3,1201,0,0,0,,0,00N,"16TH ST","L ST",0.00,,Y,F,-,N,,,,,,,,,,N,3,0,2,3,A,-,10,21950,A,N,G,B,B,A,H,-,A,A,0,Y,,,,Y,,-,,0,2,0,0,2,0,0,0,0,"- ","- ",40.876171112060547,-124.08882904052734,HUMBOLDT,ARCATA,-124.08891296386719,40.87548828125
9064778,2020,2020-03-24,1201,2020-02-03,0830,652,401,1,5,3,1201,0,0,0,,0,00S,"14TH ST","L K WOOD BL",129.00,E,N,A,-,N,,,,,,,,,,N,3,0,1,2,A,-,10,21950,A,N,G,B,C,A,H,-,A,D,0,Y,,,,Y,,A,01,0,1,0,0,1,0,0,0,0,"- ","- ",40.878639221191406,-124.40808868408203,HUMBOLDT,ARCATA,-124.08121490478516,40.872142791748047
9064812,2020,2020-03-24,1201,2020-02-14,2211,643,304,5,5,3,1201,0,0,0,,0,0DT,"11TH ST","H ST",0.00,,Y,A,-,N,,,,,,,,,,Y,4,0,1,2,A,-,05,21650,,M,B,C,A,A,H,-,C,D,0,,,,,Y,,A,01,0,0,1,0,0,0,0,0,0,"- ","- ",40.870628356933594,-124.08621978759766,HUMBOLDT,ARCATA,-124.08619689941406,40.870628356933594
90651927,2018,2018-01-31,9125,2018-01-13,1900,018064,,6,2,9,1200,0,1,S,,2,035,"US-101 S/B (REDWOOD HIGHWAY)","ORCHARD AVE",3168.00,S,N,A,-,Y,,,101,,,,,,S,N,3,0,1,2,A,-,11,21956,,N,G,B,E,A,H,-,E,D,0,Y,,,,Y,,N,60,0,1,0,0,1,0,0,0,0,"- ","- ",40.712379455566406,-124.21346282958984,HUMBOLDT,UNINCORPORATED,-124.21346282958984,40.712379455566406
90651959,2018,2018-01-31,9125,2018-01-21,1150,016577,,7,1,9,1200,0,1,2,,2,017,US-101,"HAMMOND TRUCK RD",4752.00,N,N,B,C,Y,,,101,,,,,,,Y,3,0,1,1,A,-,03,22350,,N,E,J,A,B,C,-,A,D,0,,,,,Y,,A,01,0,1,0,0,0,0,0,0,0,"- ","- ",41.177101135253906,-124.10418701171875,HUMBOLDT,UNINCORPORATED,-124.10420989990234,41.177078247070312
90652137,2018,2018-01-31,9125,2018-01-19,1410,019116,,5,2,9,1200,0,1,2,,1,024,"US-101 SOUTHBOUND (REDWOOD HIGHWAY)","KOA DRIVE",0.00,,Y,B,-,Y,,,101,,,,,,S,Y,3,0,2,3,A,-,09,21803,A,N,D,C,A,A,H,-,A,D,0,,,,Y,Y,,A,01,0,1,1,0,0,0,0,0,0,"- ","- ",40.827518463134766,-124.08438110351562,HUMBOLDT,UNINCORPORATED,-124.08420562744141,40.827404022216797
90652155,2018,2018-01-31,9125,2018-01-20,1605,019243,,6,2,9,1200,0,2,4,,1,010,"CENTRAL AVE","NURSERY WAY",41.00,S,N,A,-,N,,,,,,,,,,Y,4,0,1,1,A,-,08,22107,,N,E,I,A,A,H,-,A,A,0,,,,,Y,,A,01,0,0,1,0,0,0,0,0,0,"- ","- ",40.937191009521484,-124.1009521484375,HUMBOLDT,UNINCORPORATED,-124.10092926025391,40.937168121337891
90652226,2018,2018-01-31,9125,2018-01-22,0945,019093,,1,1,9,1200,0,1,2,,2,030,"US-101 S/B","HUMBOLDT HILL RD",2000.00,N,N,A,-,Y,,,101,,,,,,S,N,4,0,2,2,A,-,07,21658,A,N,B,C,A,A,H,-,A,D,0,,,,,Y,,D,22,0,0,2,0,0,0,0,0,0,"- ","- ",40.750740051269531,-124.19361877441406,HUMBOLDT,UNINCORPORATED,-124.19359588623047,40.750720977783203
90652462,2018,2018-01-31,9125,2018-01-25,1505,019243,,4,2,9,1200,0,2,4,,1,010,"CENTRAL AVE","RAILROAD AVE",0.00,,Y,B,-,N,,,,,,,,,,Y,4,0,2,2,A,-,09,21801,A,N,A,C,A,B,H,-,A,A,0,,,,,Y,,A,07,0,0,2,0,0,0,0,0,0,"- ","- ",40.946609497070312,-124.10099792480469,HUMBOLDT,UNINCORPORATED,-124.10101318359375,40.946659088134766
90652477,2018,2018-01-31,9125,2018-01-26,1420,019243,,5,2,9,1200,0,3,5,,2,001,"HEARTWOOD DR","ACACIA CT",77.00,W,N,B,-,N,,,,,,,,,,Y,4,0,1,2,A,-,08,22107,,N,A,C,A,A,H,-,A,D,0,,,,,Y,,A,01,0,0,1,0,0,0,0,0,0,"- ","- ",40.939090728759766,-124.09755706787109,HUMBOLDT,UNINCORPORATED,-124.09750366210938,40.939037322998047
90652578,2018,2018-01-31,9125,2018-01-28,2318,014643,,7,3,9,1200,0,2,4,,1,010,"CENTRAL AVENUE","GRANGE ROAD",265.00,N,N,A,-,N,,,,,,,,,,N,4,0,1,2,A,-,01,23152,A,M,B,E,A,A,H,-,D,D,0,,,,,Y,Y,A,07,0,0,1,0,0,0,0,0,0,"- ","- ",40.978721618652344,-124.10069274902344,HUMBOLDT,UNINCORPORATED,-124.10072326660156,40.978679656982422
90652838,2018,2018-02-01,9125,2018-01-24,2155,021844,,3,2,9,1200,0,1,3,,1,061,SR-299,"CHEZEM ROAD",2640.00,W,N,C,-,Y,,,299,,,,,,,Y,3,0,1,2,A,-,01,23152,A,F,D,C,A,B,H,-,D,D,0,,,,,Y,Y,D,22,0,1,0,0,0,0,0,0,0,"- ","- ",40.913158416748047,-123.80667877197266,HUMBOLDT,UNINCORPORATED,-123.80669403076172,40.913211822509766
9065443,2020,2020-06-25,1203,2020-03-09,1355,4105,P53,1,5,4,1203,0,0,0,,0,002,FAIRFIELD,HENDERSON,0.00,,Y,A,-,N,,,,,,,,,,N,4,0,1,2,A,-,12,22450,A,N,D,C,A,A,H,-,A,A,0,,,,,Y,,A,01,0,0,1,0,0,0,0,0,0,"- ","- ",40.782039642333984,-124.18560028076172,HUMBOLDT,EUREKA,-124.18253326416016,40.782028198242188
90654774,2018,2018-02-05,9125,2018-01-28,0111,020946,,7,3,9,1200,0,1,3,,1,047,SR-36,"GOLDEN GATE DR",3083.00,E,N,A,-,Y,,,36,,,,,,,Y,2,0,3,1,A,-,08,22107,,N,E,I,A,B,H,-,D,D,0,,,,,Y,,D,22,1,2,0,0,0,0,0,0,0,"- ","- ",40.468841552734375,-123.83477020263672,HUMBOLDT,UNINCORPORATED,-123.83480072021484,40.468936920166016
90654933,2018,2018-02-05,9125,2018-02-02,1515,019426,,5,2,9,1200,0,1,3,,1,048,"SR-36 W/B","ALDERPOINT RD",24288.00,E,N,A,-,Y,,,36,,,,,,W,Y,4,0,1,1,A,-,08,22107,,N,E,I,A,A,H,-,A,D,0,,,,,Y,,A,01,0,0,1,0,0,0,0,0,0,"- ","- ",40.484241485595703,-123.74546813964844,HUMBOLDT,UNINCORPORATED,-123.74545288085938,40.484264373779297
9065512,2020,2020-11-30,1203,2020-03-11,2212,4044,P5,3,5,4,1203,0,0,0,,0,001,"W WASHINGTON ST",BROADWAY,0.00,,Y,A,-,Y,HUM,1,101,-,-,77.800,I,5,S,Y,2,0,3,4,A,-,01,23152,A,N,D,C,A,A,H,-,C,A,0,,,,,Y,Y,D,22,2,1,0,0,0,0,0,0,0,"- ","- ",40.798229217529297,-124.17510223388672,HUMBOLDT,EUREKA,-124.17516326904297,40.798229217529297
90655710,2018,2018-02-06,9125,2018-01-31,1800,021168,,3,2,9,1200,0,3,5,,2,003,"SINGLEY HILL RD","BRENARD ROAD",0.00,,Y,B,-,N,,,,,,,,,,N,4,0,1,2,A,-,10,21950,A,N,G,B,B,A,H,-,D,D,0,Y,,,,Y,,D,22,0,0,1,0,1,0,0,0,0,"- ","- ",40.626968383789062,-124.20989990234375,HUMBOLDT,UNINCORPORATED,-124.209841,40.626888999999998
90655904,2018,2018-02-06,9125,2018-01-31,1905,013551,,3,2,9,1200,0,1,3,,1,047,"SR-36 E/B","YAGER CREEK",65.00,E,N,A,-,Y,,,36,,,,,,E,Y,3,0,1,1,A,-,01,23152,A,N,E,I,A,A,H,-,D,D,0,,,,,Y,Y,A,07,0,1,0,0,0,0,0,0,0,"- ","- ",40.537521362304688,-124.06105041503906,HUMBOLDT,UNINCORPORATED,-124.06105041503906,40.537452697753906
90655930,2018,2018-02-06,9125,2018-02-01,0100,020748,,4,3,9,1200,0,1,3,,1,012,SR-200,"HUNTS DR",100.00,E,N,A,-,Y,,,200,,,,,,,Y,3,0,1,1,A,-,01,23152,A,N,E,I,A,A,H,-,D,D,0,,,,,Y,Y,A,01,0,1,0,0,0,0,0,0,0,"- ","- ",40.913051605224609,-124.07177734375,HUMBOLDT,UNINCORPORATED,-124.07180023193359,40.913120269775391
90656079,2018,2018-02-06,9125,2018-01-26,2100,021025,,5,2,9,1200,0,3,5,,2,004,"SUBSTATION RD","WADDINGTON RD",1056.00,E,N,B,-,N,,,,,,,,,,Y,3,0,1,1,A,-,01,23152,A,N,E,I,A,A,H,-,D,A,0,,,,,Y,Y,A,01,0,1,0,0,0,0,0,0,0,"- ","- ",40.602878570556641,-124.21028900146484,HUMBOLDT,UNINCORPORATED,-124.21204376220703,40.599479675292969
90657858,2017,2018-02-08,9126,2017-11-24,0100,021812,,5,3,9,1200,0,3,5,,2,222,"CHEMISE MOUNTAIN ROAD","SHELTER COVE ROAD",17424.00,S,N,C,E,N,,,,,,,,,,Y,1,1,6,1,A,-,01,23152,A,N,F,A,A,B,H,-,D,D,0,,,,,Y,Y,D,22,0,2,4,0,0,0,0,0,0,"- ","- ",40.009549999999997,-123.98546,HUMBOLDT,UNINCORPORATED,-123.98529861,40.009410410000001
90658920,2018,2018-02-12,9125,2018-02-02,2348,018064,,5,3,9,1200,0,3,5,,2,002,"18TH STREET","QUAKER STREET",479.00,N,N,A,-,N,,,,,,,,,,Y,2,0,1,2,A,-,03,22350,,F,E,I,A,A,H,-,D,D,0,,,,,Y,Y,A,01,1,0,0,0,0,0,0,0,0,"- ","- ",40.792148590087891,-124.12435913085938,HUMBOLDT,UNINCORPORATED,-124.12619018554688,40.792198181152344
90658937,2017,2018-02-21,9125,2017-12-30,2329,021450,,6,3,9,1200,0,2,4,,1,023,"WALNUT DR","HURST RD",339.00,S,N,E,-,N,,,,,,,,,,N,1,1,0,2,A,-,11,21954,A,N,G,B,E,B,H,-,D,D,0,Y,,,,Y,,N,60,0,0,0,1,0,0,0,0,0,"- ","- ",40.746870000000001,-124.14773,HUMBOLDT,UNINCORPORATED,-124.14775133000001,40.746868669999998
90659245,2018,2018-02-12,9126,2018-02-01,2245,021722,,4,3,9,1200,0,1,2,,2,022,"US-101 N/B","NEWTON ROAD U/C",6864.00,S,N,E,-,Y,,,,,,,,,,Y,4,0,2,1,C,-,18,,,N,H,H,A,A,H,-,D,D,0,,,,,Y,,-,"- ",0,0,2,0,0,0,0,0,0,"- ","- ",40.201080322265625,-123.55552673339844,HUMBOLDT,UNINCORPORATED,-123.90545654296875,40.308727264404297
90659524,2018,2018-02-12,9125,2018-02-03,2315,020901,,6,3,9,1200,0,1,2,,2,017,"RT 101","KANE RD",2640.00,S,N,A,-,Y,,,101,,,,,,,Y,3,0,1,1,A,-,08,22107,,N,E,I,A,A,H,-,D,D,0,,,,,Y,,A,07,0,1,0,0,0,0,0,0,0,"- ","- ",41.193931579589844,-124.11020660400391,HUMBOLDT,UNINCORPORATED,-124.11024475097656,41.193920135498047
90659633,2018,2018-02-12,9125,2018-02-03,0935,021559,,6,1,9,1200,0,1,3,,1,061,"SR-299 E/B","WILLOW ROAD",12672.00,W,N,B,-,Y,,,299,,,,,,E,Y,4,0,1,1,A,-,03,22350,,N,E,I,A,B,H,-,A,D,0,,,,,Y,,A,07,0,0,1,0,0,0,0,0,0,"- ","- ",40.933708190917969,-123.67449951171875,HUMBOLDT,UNINCORPORATED,-123.67455291748047,40.933780670166016
90660447,2018,2018-02-13,9125,2018-02-07,1805,018172,,3,2,9,1200,0,2,4,,1,010,"CENTRAL AVE","HOLLY DR",0.00,,Y,A,-,N,,,,,,,,,,Y,2,0,1,2,A,-,03,22350,,N,D,C,A,A,H,-,C,A,0,,,Y,,Y,,C,02,1,0,0,0,0,0,0,0,1,"- ","- ",40.940681457519531,-124.10089874267578,HUMBOLDT,UNINCORPORATED,-124.10095977783203,40.940639495849609
90660583,2018,2018-02-13,9125,2018-02-07,1525,021927,,3,2,9,1200,0,3,5,,2,006,SR-96,"PG&E STATION RD",1584.00,N,N,A,-,Y,,,96,,,,,,,N,3,0,1,2,A,-,09,21804,A,N,B,C,A,A,H,-,A,A,0,,,,,Y,,D,23,0,1,0,0,0,0,0,0,0,"- ","- ",40.951698303222656,-123.639892578125,HUMBOLDT,UNINCORPORATED,-123.6400146484375,40.951591491699219
90660837,2018,2018-02-13,9126,2018-02-03,0330,021507,,6,3,9,1200,0,1,3,,1,020,SR-254,"NEWTON ROAD",3696.00,N,N,A,-,Y,,,254,,,,,,,Y,2,0,3,1,A,-,08,22107,,N,E,I,A,B,H,-,D,D,0,,,,,Y,,D,22,3,0,0,0,0,0,0,0,0,"- ","- ",40.3360595703125,-123.93443298339844,HUMBOLDT,UNINCORPORATED,-123.934326171875,40.336204528808594
90661167,2018,2018-02-14,9125,2018-02-05,1138,020624,,1,1,9,1200,0,1,3,,1,025,"NEW NAVY BASE RD","JETTY RD",0.00,,Y,B,-,N,,,,,,,,,,Y,2,0,1,1,A,-,08,22107,,N,F,A,A,A,H,-,A,D,0,,,Y,,Y,,C,02,1,0,0,0,0,0,0,0,1,"- ","- ",40.769908905029297,-124.21643829345703,HUMBOLDT,UNINCORPORATED,-124.21627807617188,40.770008087158203
90661243,2018,2018-02-14,9125,2018-02-04,1600,019093,,7,2,9,1200,0,2,4,,1,023,"RIDGEWOOD DRIVE","WESTGATE DR",312.00,E,N,A,-,N,,,,,,,,,,N,2,0,1,1,A,-,08,22107,,N,E,I,A,A,H,-,A,D,0,,,Y,,Y,,C,03,1,0,0,0,0,0,0,0,1,"- ","- ",40.734500885009766,-124.16359710693359,HUMBOLDT,UNINCORPORATED,-124.16361999511719,40.734447479248047
90662137,2018,2018-02-15,9125,2018-02-13,0118,021450,,2,3,9,1200,0,3,5,,2,002,"WALNUT DR","CAMPTON RD",6.00,S,N,A,-,N,,,,,,,,,,Y,3,0,1,1,A,-,01,23152,A,N,E,I,A,A,H,-,D,D,0,,,,,Y,Y,D,22,0,1,0,0,0,0,0,0,0,"- ","- ",40.758499145507812,-124.14688110351562,HUMBOLDT,UNINCORPORATED,-124.14618682861328,40.758434295654297
90663435,2018,2018-02-16,9125,2018-02-08,1553,020491,,4,2,9,1200,0,3,5,,2,001,"BALD HILLS ROAD","COYOTE PEAK ROAD",1600.00,E,N,A,-,N,,,,,,,,,,Y,3,0,1,1,A,-,01,23152,A,N,F,A,A,A,H,-,A,D,0,,,,,Y,Y,D,22,0,1,0,0,0,0,0,0,0,"- ","- ",41.147048950195312,-123.84204864501953,HUMBOLDT,UNINCORPORATED,-123.85427856445312,41.142433166503906
90664709,2018,2018-02-20,9125,2018-02-17,1735,018064,,6,2,9,1200,0,2,4,,1,031,"ELK RIVER ROAD","SHOWERS ROAD",75.00,S,N,B,C,N,,,,,,,,,,Y,4,0,1,1,A,-,08,22107,,N,E,I,A,B,H,-,D,D,0,,,,,Y,,A,01,0,0,1,0,0,0,0,0,0,"- ","- ",40.731189727783203,-124.17307281494141,HUMBOLDT,UNINCORPORATED,-124.17311859130859,40.731220245361328
90664905,2018,2018-02-20,9125,2018-02-18,1825,018172,,7,2,9,1200,0,1,2,,2,016,"US-101 N/B","NEWTON B DRURY SCENIC PKY",30624.00,S,N,B,-,Y,,,101,,,,,,N,Y,4,0,1,1,A,-,03,22350,,N,E,I,A,C,H,-,D,D,0,,,,,Y,,A,01,0,0,1,0,0,0,0,0,0,"- ","- ",41.403961181640625,-123.99521636962891,HUMBOLDT,UNINCORPORATED,-123.99517059326172,41.404029846191406
90664992,2018,2018-02-20,9125,2018-02-19,0035,021168,,1,3,9,1200,0,1,2,,2,044,US-101,"PALMER BLVD",220.00,S,N,C,-,Y,,,101,,,,,,,N,3,0,1,1,A,-,08,22107,,N,E,I,A,B,H,-,D,D,0,,,,,Y,,A,07,0,1,0,0,0,0,0,0,0,"- ","- ",40.605861663818359,-124.18141937255859,HUMBOLDT,UNINCORPORATED,-124.18141174316406,40.605880737304688
90665330,2018,2018-02-21,9125,2018-02-14,0400,020748,,3,3,9,1200,0,1,3,,1,047,SR-36,"KELLER RD",5280.00,E,N,A,B,Y,,,36,,,,,,,Y,3,0,2,1,A,-,08,22107,,N,E,I,A,A,H,-,D,D,0,,,,,Y,,D,22,0,2,0,0,0,0,0,0,0,"- ","- ",40.478050231933594,-123.95057678222656,HUMBOLDT,UNINCORPORATED,-123.95050811767578,40.478111267089844
90665680,2018,2018-02-21,9125,2018-02-14,1244,020624,,3,1,9,1200,0,1,3,,1,025,SR-255,"STAMPS LN",0.00,,Y,A,-,Y,,,255,,,,,,,Y,3,0,2,2,A,-,03,22350,,N,C,C,A,A,H,-,A,D,0,,,,,Y,,A,01,0,1,1,0,0,0,0,0,0,"- ","- ",40.858951568603516,-124.16002655029297,HUMBOLDT,UNINCORPORATED,-124.16004943847656,40.858963012695312
90665736,2018,2018-02-21,9125,2018-02-18,2315,018172,,7,3,9,1200,0,1,2,,2,019,"US-101 N/B","MURRAY RD",500.00,S,N,B,D,Y,,,101,,,,,,N,Y,4,0,1,1,A,-,03,22350,,N,E,I,A,C,H,-,C,D,0,,,,,Y,,A,07,0,0,1,0,0,0,0,0,0,"- ","- ",40.954841613769531,-124.11628723144531,HUMBOLDT,UNINCORPORATED,-124.11598205566406,40.954841613769531
90665908,2018,2018-02-21,9125,2018-02-09,0010,021514,,5,3,9,1200,0,3,5,,2,005,"PINE CREEK RD","MOON LN",3168.00,N,N,E,-,N,,,,,,,,,,Y,3,0,1,1,A,-,08,22107,,N,E,I,A,B,H,-,D,D,0,,,,,Y,,D,22,0,1,0,0,0,0,0,0,0,"- ","- ",41.102149963378906,-123.71195220947266,HUMBOLDT,UNINCORPORATED,-123.71160125732422,41.101840972900391
90669425,2018,2018-02-26,9125,2018-02-15,0558,019116,,4,3,9,1200,0,2,4,,1,020,"MYRTLE AVENUE","INDIANOLA CUTOFF",1584.00,S,N,A,-,N,,,,,,,,,,Y,4,0,1,2,A,-,08,22107,,N,E,I,A,A,H,-,D,D,0,,,,,Y,,D,22,0,0,1,0,0,0,0,0,0,"- ","- ",40.806499481201172,-124.08767700195312,HUMBOLDT,UNINCORPORATED,-124.08547210693359,40.8106689453125
90669655,2018,2018-02-26,9125,2018-02-18,2229,018172,,7,3,9,1200,0,1,2,,1,024,"US-101 S/B","AIRPORT RD",1056.00,N,N,B,D,Y,,,101,,,,,,S,Y,4,0,1,5,A,-,03,22350,,N,C,E,E,C,C,-,C,D,0,Y,,Y,,Y,,A,01,0,0,1,0,1,0,0,0,0,"- ","- ",40.807510375976562,-124.11882781982422,HUMBOLDT,UNINCORPORATED,-124.11882019042969,40.807491302490234
90669684,2018,2018-02-26,9125,2018-02-20,1207,021450,,2,1,9,1200,0,1,2,,2,022,"US-101 N/B","SAMOA BLVD",5280.00,S,N,B,-,Y,,,101,,,,,,N,Y,4,0,1,1,C,-,18,,,N,E,I,A,A,H,-,A,D,0,,,,,Y,,-,"- ",0,0,1,0,0,0,0,0,0,"- ","- ",40.847080230712891,-124.08174896240234,HUMBOLDT,UNINCORPORATED,-124.08168029785156,40.847080230712891
90669711,2018,2018-02-26,9125,2018-02-21,1745,020748,,3,2,9,1200,0,1,3,,1,041,SR-211,"FERNBRIDGE DR",1584.00,S,N,B,-,Y,,,211,,,,,,,Y,3,0,1,1,A,-,08,22107,,N,E,I,A,A,H,-,D,D,0,,,,,Y,,A,01,0,1,0,0,0,0,0,0,0,"- ","- ",40.613151550292969,-124.20355224609375,HUMBOLDT,UNINCORPORATED,-124.20352172851562,40.613132476806641