CASE_ID,ACCIDENT_YEAR,PROC_DATE,JURIS,COLLISION_DATE,COLLISION_TIME,OFFICER_ID,REPORTING_DISTRICT,DAY_OF_WEEK,CHP_SHIFT,POPULATION,CNTY_CITY_LOC,SPECIAL_COND,BEAT_TYPE,CHP_BEAT_TYPE,CITY_DIVISION_LAPD,CHP_BEAT_CLASS,BEAT_NUMBER,PRIMARY_RD,SECONDARY_RD,DISTANCE,DIRECTION,INTERSECTION,WEATHER_1,WEATHER_2,STATE_HWY_IND,CALTRANS_COUNTY,CALTRANS_DISTRICT,STATE_ROUTE,ROUTE_SUFFIX,POSTMILE_PREFIX,POSTMILE,LOCATION_TYPE,RAMP_INTERSECTION,SIDE_OF_HWY,TOW_AWAY,COLLISION_SEVERITY,NUMBER_KILLED,NUMBER_INJURED,PARTY_COUNT,PRIMARY_COLL_FACTOR,PCF_CODE_OF_VIOL,PCF_VIOL_CATEGORY,PCF_VIOLATION,PCF_VIOL_SUBSECTION,HIT_AND_RUN,TYPE_OF_COLLISION,MVIW,PED_ACTION,ROAD_SURFACE,ROAD_COND_1,ROAD_COND_2,LIGHTING,CONTROL_DEVICE,CHP_ROAD_TYPE,PEDESTRIAN_ACCIDENT,BICYCLE_ACCIDENT,MOTORCYCLE_ACCIDENT,TRUCK_ACCIDENT,NOT_PRIVATE_PROPERTY,ALCOHOL_INVOLVED,STWD_VEHTYPE_AT_FAULT,CHP_VEHTYPE_AT_FAULT,COUNT_SEVERE_INJ,COUNT_VISIBLE_INJ,COUNT_COMPLAINT_PAIN,COUNT_PED_KILLED,COUNT_PED_INJURED,COUNT_BICYCLIST_KILLED,COUNT_BICYCLIST_INJURED,COUNT_MC_KILLED,COUNT_MC_INJURED,PRIMARY_RAMP,SECONDARY_RAMP,LATITUDE,LONGITUDE,COUNTY,CITY,POINT_X,POINT_Y
90751338,2018,2018-06-28,9126,2018-06-12,2500,021692,,2,4,9,1200,0,2,4,,1,002,"BRICELAND THORN ROAD","MILLER CREEK ROAD",1056.00,W,N,A,-,N,,,,,,,,,,Y,3,0,1,1,A,-,08,22107,,N,E,I,A,A,H,-,A,D,0,,,,,Y,,A,07,0,1,0,0,0,0,0,0,0,"- ","- ",40.103900909423828,-123.90612030029297,HUMBOLDT,UNINCORPORATED,-123.90629577636719,40.10406494140625
90751699,2018,2018-06-20,9125,2018-06-12,0045,020748,,2,3,9,1200,0,2,4,,2,040,"EEL RIVER DR","OLD STATE HIGHWAY",100.00,N,N,A,-,N,,,,,,,,,,Y,4,0,1,1,A,-,01,23152,A,N,E,I,A,A,H,-,D,D,0,,,,,Y,Y,A,01,0,0,1,0,0,0,0,0,0,"- ","- ",40.632839202880859,-124.22506713867188,HUMBOLDT,UNINCORPORATED,-124.22503662109375,40.637866973876953
90751722,2018,2018-06-20,9125,2018-06-12,1213,021450,,2,1,9,1200,0,2,4,,1,020,"MYRTLE AVE","PARK ST",300.00,S,N,B,-,N,,,,,,,,,,Y,2,0,1,2,A,-,03,22350,,N,C,C,A,A,H,-,A,D,0,,,Y,,Y,,C,02,1,0,0,0,0,0,0,0,1,"- ","- ",40.794330596923828,-124.13594818115234,HUMBOLDT,UNINCORPORATED,-124.13602447509766,40.794361114501953
90752040,2018,2018-06-20,9125,2018-06-11,1925,013551,,1,2,9,1200,0,2,4,,1,020,"MYRTLE AVE.","HUBBARD LN",0.00,,Y,A,-,N,,,,,,,,,,Y,3,0,2,2,A,-,09,21801,A,N,A,C,A,A,H,-,A,A,0,,,,,Y,,D,22,0,2,0,0,0,0,0,0,0,"- ","- ",40.783409118652344,-124.12922668457031,HUMBOLDT,UNINCORPORATED,-124.13030242919922,40.784568786621094
90753094,2018,2018-06-21,9125,2018-06-19,1424,021256,,2,2,9,1200,0,1,2,,2,017,"US 101 N/B","BALD HILLS RD",296.00,N,N,A,-,Y,,,,,,,,,,Y,4,0,1,1,A,-,08,22107,,N,E,I,A,A,H,-,A,D,0,,,,,Y,,A,07,0,0,1,0,0,0,0,0,0,"- ","- ",41.188091278076172,-124.24552154541016,HUMBOLDT,UNINCORPORATED,-124.04695129394531,41.302261352539062
90754543,2018,2018-06-25,9126,2018-06-15,0535,022004,,5,3,9,1200,0,1,2,,2,044,"US-101 N/B","FRENCH ROAD",2640.00,N,N,B,-,Y,,,101,,,,,,N,Y,3,0,2,1,A,-,08,22107,,N,E,I,A,A,H,-,B,D,0,,,,,Y,,D,22,0,2,0,0,0,0,0,0,0,"- ","- ",40.221488952636719,-123.82402801513672,HUMBOLDT,UNINCORPORATED,-123.82424926757812,40.221275329589844
90754645,2018,2018-06-25,9126,2018-06-09,2230,021722,,6,3,9,1200,0,2,4,,1,002,"BRICELAND ROAD","SHELTER COVE ROAD",15.00,E,N,A,-,N,,,,,,,,,,Y,3,0,2,2,A,-,09,21801,A,M,A,C,A,A,H,-,D,D,0,,,,,Y,,D,22,0,1,1,0,0,0,0,0,0,"- ","- ",,,HUMBOLDT,UNINCORPORATED,-123.96381378173828,40.063426971435547
90754832,2018,2018-06-25,9125,2018-06-16,1050,022095,,6,1,9,1200,0,2,4,,1,010,"CENTRAL AVE","ANNA SPARKS WAY",19.00,N,N,A,-,N,,,,,,,,,,Y,4,0,1,2,A,-,03,22350,,N,C,C,A,A,H,-,A,A,0,,,,,Y,,A,01,0,0,1,0,0,0,0,0,0,"- ","- ",40.93280029296875,-124.10089111328125,HUMBOLDT,UNINCORPORATED,-124.10091400146484,40.932853698730469
90754861,2018,2018-06-25,9125,2018-06-16,1100,021559,,6,1,9,1200,0,1,3,,1,047,"SR-36 E/B","BAR WEST RANCH ROAD",0.00,,N,A,-,Y,,,36,,,,,,E,Y,3,0,1,1,A,-,03,22350,,N,F,A,A,A,H,-,A,D,0,,,Y,,Y,,C,02,0,1,0,0,0,0,0,0,1,"- ","- ",40.463619232177734,-123.84519958496094,HUMBOLDT,UNINCORPORATED,-123.84520721435547,40.463611602783203
90755169,2018,2018-06-25,9125,2018-06-16,1626,019116,,6,2,9,1200,0,1,3,,1,025,SR-255,"JACKSON RANCH ROAD",120.00,S,N,A,-,Y,,,255,,,,,,,Y,3,0,1,2,A,-,01,23152,A,F,C,C,A,A,H,-,A,D,0,,,,,Y,Y,A,01,0,1,0,0,0,0,0,0,0,"- ","- ",40.868091583251953,-124.13848114013672,HUMBOLDT,UNINCORPORATED,-124.13846588134766,40.868022918701172
90755329,2018,2018-06-25,9125,2018-06-18,1623,016577,,1,2,9,1200,0,1,2,,2,045,"US-101 (S/B) TO KENMAR RD.","KENMAR RD.",28.00,N,N,A,-,Y,,,101,,,,R,,,N,4,0,1,2,A,-,21,22106,,N,C,C,A,A,H,-,A,D,0,,,,,Y,,A,01,0,0,1,0,0,0,0,0,0,"- ","- ",40.574790954589844,-124.14945983886719,HUMBOLDT,UNINCORPORATED,-124.14945983886719,40.574790954589844
90755365,2018,2018-06-25,9125,2018-06-21,0900,022095,,4,1,9,1200,0,2,4,,1,010,"CENTRAL AVENUE","SUTTER ROAD",380.00,S,N,A,-,N,,,,,,,,,,Y,4,0,1,2,A,-,09,21804,A,N,D,C,A,A,H,-,A,D,0,,,,,Y,,A,01,0,0,1,0,0,0,0,0,0,"- ","- ",40.934978485107422,-124.10090637207031,HUMBOLDT,UNINCORPORATED,-124.10092163085938,40.93505859375
90755632,2018,2018-06-26,9126,2018-06-19,2005,021219,,2,2,9,1200,0,1,2,,2,022,"US-101 N/B TO SR-254 (MYERS FLAT)","SR-254 MYERS FLAT",528.00,N,N,A,-,Y,,,101,,,,R,,N,N,3,0,1,1,A,-,03,22350,,N,F,A,A,A,H,-,A,D,0,,,Y,,Y,,C,02,0,1,0,0,0,0,0,0,1,"- ","- ",40.26715087890625,-123.87135314941406,HUMBOLDT,UNINCORPORATED,-123.87135314941406,40.26715087890625
90756443,2018,2018-06-26,9125,2018-06-18,1838,020603,,1,2,9,1200,0,3,5,,2,004,"BLUE SLIDE RD","LITTLE SLATER LN",180.00,S,N,A,-,N,,,,,,,,,,Y,3,0,2,1,A,-,01,23152,A,N,E,I,A,A,H,-,A,D,0,,,,,Y,Y,A,01,0,1,1,0,0,0,0,0,0,"- ","- ",40.50653076171875,-124.15498352050781,HUMBOLDT,UNINCORPORATED,-124.15520477294922,40.506507873535156
90757228,2018,2018-06-27,9126,2018-06-25,1410,020988,,1,2,9,1200,0,2,4,,2,004,"SHELTER COVE ROAD","MACHI ROAD",85.00,E,N,A,-,N,,,,,,,,,,Y,3,0,1,1,A,-,01,23152,A,N,E,I,A,A,H,-,A,D,0,,,,,Y,Y,A,01,0,1,0,0,0,0,0,0,0,"- ","- ",40.029079437255859,-124.06645202636719,HUMBOLDT,UNINCORPORATED,-124.06659698486328,40.029167175292969
90757279,2018,2018-06-27,9125,2018-06-24,1745,021313,,7,2,9,1200,0,3,5,,2,006,"BALD HILLS RD","MARTIN'S FERRY BRIDGE",8448.00,E,N,A,-,N,,,,,,,,,,Y,2,0,1,2,A,-,17,21662,A,N,A,C,A,A,H,-,A,D,0,,,Y,,Y,,C,02,1,0,0,0,0,0,0,0,1,"- ","- ",41.199310302734375,-123.76287841796875,HUMBOLDT,UNINCORPORATED,-123.73377990722656,41.198162078857422
90757711,2018,2018-06-28,9126,2018-06-23,0135,021812,,6,3,9,1200,0,1,3,,1,020,SR-254,"MAPLE HILLS ROAD",4066.00,N,N,A,-,Y,,,254,,,,,,,Y,2,0,2,1,A,-,01,23152,G,N,E,I,A,A,H,-,D,D,0,,,,,Y,Y,A,01,1,1,0,0,0,0,0,0,0,"- ","- ",40.225559234619141,-123.82177734375,HUMBOLDT,UNINCORPORATED,-123.82179260253906,40.225555419921875
90757871,2018,2018-06-28,9125,2018-06-12,1158,021989,,2,1,9,1200,0,1,3,,1,061,"HODGSON RD",SR-299,38.00,S,N,A,-,N,,,,,,,,,,Y,4,0,1,1,C,-,18,,,N,E,I,A,A,H,-,A,D,0,,,,,Y,,-,"- ",0,0,1,0,0,0,0,0,0,"- ","- ",40.923549652099609,-123.62255859375,HUMBOLDT,UNINCORPORATED,-123.62246704101562,40.923526763916016
90758086,2018,2018-06-28,9126,2018-06-26,1750,021219,,2,2,9,1200,0,2,4,,1,002,"SHELTER COVE ROAD","ETTERSBURG ROAD",528.00,W,N,A,-,N,,,,,,,,,,Y,3,0,2,1,C,-,18,,,N,E,J,A,A,H,-,A,D,0,,,,,Y,,-,"- ",0,2,0,0,0,0,0,0,0,"- ","- ",40.082988739013672,-123.94933319091797,HUMBOLDT,UNINCORPORATED,-123.94664764404297,40.087425231933594
90758232,2018,2018-06-28,9125,2018-06-22,1355,022095,,5,1,9,1200,0,1,2,,2,018,"US-101 N/B","SEAWOOD DR",10560.00,N,N,A,-,Y,,,101,,,,,,N,Y,4,0,1,1,C,-,18,,,N,H,H,A,A,H,-,A,D,0,,,,,Y,,-,"- ",0,0,1,0,0,0,0,0,0,"- ","- ",41.126781463623047,-124.15052795410156,HUMBOLDT,UNINCORPORATED,-124.15062713623047,41.126785278320312
90758418,2018,2018-06-29,9126,2018-04-13,1142,021049,,5,1,9,1200,0,1,2,,2,044,"US 101 N/B","SALMON CREEK ROAD",8448.00,S,N,A,-,Y,,,,,,,,,,Y,1,2,1,2,A,-,01,23152,A,N,A,C,A,A,H,-,A,D,0,,,,,Y,Y,A,01,1,0,0,0,0,0,0,0,0,"- ","- ",40.228721618652344,-123.82987976074219,HUMBOLDT,UNINCORPORATED,-123.83325958251953,40.235080718994141
90760303,2018,2018-07-02,9125,2018-06-23,2240,022105,,6,3,9,1200,0,3,5,,2,004,"LOLETA DR","SHADOWBROOK ST",425.00,E,N,A,-,N,,,,,,,,,,Y,4,0,1,1,A,-,01,23152,A,N,E,I,A,A,H,-,D,D,0,,,,,Y,Y,A,01,0,0,1,0,0,0,0,0,0,"- ","- ",40.644191741943359,-124.21617126464844,HUMBOLDT,UNINCORPORATED,-124.21714782714844,40.644222259521484
90760744,2018,2018-07-02,9125,2018-06-22,2335,021025,,5,3,9,1200,0,1,3,,1,014,SR-299,"BAIR RD",230.00,E,N,A,-,Y,,,299,,,,,,,Y,2,0,1,1,A,-,08,22107,,N,E,I,A,A,H,-,D,D,0,,,,,Y,,A,01,1,0,0,0,0,0,0,0,0,"- ","- ",40.927101135253906,-123.84368133544922,HUMBOLDT,UNINCORPORATED,-123.84365844726562,40.927135467529297
90761192,2018,2018-07-02,9125,2018-06-29,1830,021844,,5,2,9,1200,0,1,3,,1,065,SR-96,"MARSHALL LN",250.00,S,N,A,-,Y,,,96,,,,,,,Y,3,0,1,2,A,-,08,22107,,N,D,C,A,A,H,-,A,D,0,,,,,Y,,A,01,0,1,0,0,0,0,0,0,0,"- ","- ",41.086788177490234,-123.69895935058594,HUMBOLDT,UNINCORPORATED,-123.69889831542969,41.086845397949219
90761253,2018,2018-07-02,9125,2018-06-30,1800,019116,,6,2,9,1200,0,1,3,,1,065,"WEITCHPEC ROAD",SR-169,1000.00,E,N,A,-,N,,,,,,,,,,N,3,0,1,1,A,-,08,22107,,N,E,I,A,A,H,-,A,D,0,,,,,Y,,A,01,0,1,0,0,0,0,0,0,0,"- ","- ",41.187618255615234,-123.70639801025391,HUMBOLDT,UNINCORPORATED,-123.705322265625,41.187221527099609
90761676,2018,2018-07-03,9125,2018-06-28,1928,022105,,4,2,9,1200,0,3,5,,2,002,"HARRIS ST","HUBBARD LN",165.00,E,N,A,-,N,,,,,,,,,,Y,3,0,1,2,A,-,03,22350,,N,D,C,A,A,H,-,A,A,0,,,Y,,Y,,C,02,0,1,0,0,0,0,0,0,1,"- ","- ",40.780509948730469,-124.12969970703125,HUMBOLDT,UNINCORPORATED,-124.12972259521484,40.780517578125
90762955,2018,2018-07-05,9125,2018-06-29,2015,021844,,5,2,9,1200,0,1,3,,1,061,SR-299,"TITLOW HILL RD",620.00,E,N,A,-,Y,,,299,,,,,,,Y,2,0,1,1,A,-,08,22107,,N,E,I,A,A,H,-,A,D,0,,,Y,,Y,,C,02,1,0,0,0,0,0,0,0,1,"- ","- ",40.897621154785156,-123.76822662353516,HUMBOLDT,UNINCORPORATED,-123.76827239990234,40.89764404296875
90765058,2018,2018-07-09,9125,2018-07-01,1400,019243,,7,2,9,1200,0,1,2,,2,030,"RT 101","LOLETA DR",4224.00,N,N,A,-,Y,,,101,,,,,,,Y,4,0,1,1,A,-,08,22107,,N,E,I,A,A,H,-,A,D,0,,,,,Y,,A,07,0,0,1,0,0,0,0,0,0,"- ","- ",40.654399871826172,-124.21096038818359,HUMBOLDT,UNINCORPORATED,-124.21089172363281,40.654346466064453
90765368,2018,2018-07-09,9125,2018-07-04,1352,016577,,3,1,9,1200,0,3,5,,2,004,"BLUE SLIDE RD.","WEBSTER ST.",4752.00,W,N,A,-,N,,,,,,,,,,Y,3,0,1,1,A,-,03,22350,,N,F,A,A,A,A,-,A,D,0,,,Y,,Y,,C,02,0,1,0,0,0,0,0,0,1,"- ","- ",40.508388519287109,-124.14327239990234,HUMBOLDT,UNINCORPORATED,-124.14324951171875,40.508346557617188
90766039,2018,2018-07-10,9125,2018-07-03,0755,021927,,2,1,9,1200,0,1,3,,1,062,SR-96,"TISH TANG RD",350.00,N,N,A,-,Y,,,96,,,,,,,Y,4,0,1,2,A,-,09,21801,A,N,D,C,A,A,H,-,A,A,0,,,,,Y,,A,07,0,0,1,0,0,0,0,0,0,"- ","- ",41.063358306884766,-123.68565368652344,HUMBOLDT,UNINCORPORATED,-123.68563079833984,41.063362121582031
90767390,2018,2018-07-11,9125,2018-07-04,1728,019426,,3,2,9,1200,0,1,2,,2,019,"US-101 N/B TO CENTRAL AVENUE","NORTH BANK RD",4.00,S,N,A,-,Y,,,101,,,,R,,N,Y,4,0,2,2,A,-,03,22350,,N,C,C,A,A,H,-,A,D,0,,,,,Y,,A,01,0,0,2,0,0,0,0,0,0,"- ","- ",40.91912841796875,-124.09455871582031,HUMBOLDT,UNINCORPORATED,-124.09455871582031,40.91912841796875
90768022,2018,2018-07-12,9126,2018-07-06,0709,021049,,5,1,9,1200,0,1,2,,2,022,"US 101 S/B","HIGH ROCK ROAD",2640.00,S,N,B,-,Y,,,,,,,,,,Y,3,0,1,1,A,-,08,22107,,N,E,I,A,A,H,-,A,D,0,,,,,Y,,D,22,0,1,0,0,0,0,0,0,0,"- ","- ",40.370330810546875,-123.92681121826172,HUMBOLDT,UNINCORPORATED,,
90768238,2018,2018-07-12,9125,2018-06-30,1246,022095,,6,1,9,1200,0,3,5,,2,001,"SCHOOL ROAD","BUGENIG AVE",0.00,,Y,A,-,N,,,,,,,,,,Y,3,0,1,2,A,-,09,21802,A,N,D,C,A,A,H,-,A,A,0,,,,,Y,,A,01,0,1,0,0,0,0,0,0,0,"- ","- ",40.934261322021484,-124.10816192626953,HUMBOLDT,UNINCORPORATED,-124.10819244384766,40.934291839599609
90768256,2018,2018-07-12,9125,2018-07-03,1415,021844,,2,2,9,1200,0,1,3,,1,061,SR-299,"WRIGHT WAY LANE",380.00,E,N,A,-,Y,,,299,,,,,,,Y,3,0,1,1,A,-,08,22107,,N,E,I,A,A,H,-,A,D,0,,,,,Y,,A,07,0,1,0,0,0,0,0,0,0,"- ","- ",40.899379730224609,-123.60944366455078,HUMBOLDT,UNINCORPORATED,-123.60958862304688,40.899341583251953
90768574,2018,2018-07-13,9125,2018-07-04,1353,016577,,3,1,9,1200,0,3,5,,2,004,"BLUE SLIDE RD.","WEBSTER ST.",4752.00,W,N,A,-,N,,,,,,,,,,N,2,0,1,1,A,-,03,22350,,N,F,A,A,A,H,-,A,D,0,,,Y,,Y,,C,02,1,0,0,0,0,0,0,0,1,"- ","- ",40.508388519287109,-124.14327239990234,HUMBOLDT,UNINCORPORATED,-124.14324951171875,40.508342742919922
90768724,2018,2018-07-13,9125,2018-07-03,1714,021989,,2,2,9,1200,0,1,3,,1,061,SR-299,"M & W RANCH RD",430.00,W,N,A,-,Y,,,299,,,,,,,Y,2,0,1,2,A,-,05,21460,A,N,F,C,A,A,H,-,A,D,0,,,Y,,Y,,C,02,1,0,0,0,0,0,0,0,1,"- ","- ",40.929851531982422,-123.68811798095703,HUMBOLDT,UNINCORPORATED,-123.68810272216797,40.929824829101562
90768808,2018,2018-07-13,9125,2018-07-07,1636,021450,,6,2,9,1200,0,1,3,,1,047,SR-36,"CARLOTTA DUMP RD",1056.00,W,N,A,-,Y,,,36,,,,,,,Y,4,0,1,1,A,-,08,22107,,N,F,I,A,A,H,-,A,D,0,,,,,Y,,D,22,0,0,1,0,0,0,0,0,0,"- ","- ",40.481189727783203,-123.91304016113281,HUMBOLDT,UNINCORPORATED,-123.91301727294922,40.481182098388672
90768827,2018,2018-07-13,9125,2018-07-09,1409,021256,,1,2,9,1200,0,2,4,,1,032,"HUMBOLDT HILL RD","SOUTH BROADWAY ST",424.00,N,N,A,-,N,,,,,,,,,,N,4,0,2,1,A,-,03,22350,,N,F,A,A,A,H,-,A,D,0,,,Y,,Y,,C,02,0,0,2,0,0,0,0,0,2,"- ","- ",40.443618774414062,-124.11563873291016,HUMBOLDT,UNINCORPORATED,-124.19879150390625,40.743324279785156
90769066,2018,2018-07-13,9126,2018-07-04,1810,021102,,3,2,9,1200,0,3,5,,2,444,"MAPLE HILLS ROAD","BEAR BUTTE ROAD",1056.00,S,N,A,-,N,,,,,,,,,,Y,3,0,1,1,A,-,01,23152,A,N,E,I,A,A,H,-,A,D,0,,,,,Y,Y,D,22,0,1,0,0,0,0,0,0,0,"- ","- ",40.222499847412109,-123.82482147216797,HUMBOLDT,UNINCORPORATED,-123.82402801513672,40.221523284912109
90770667,2018,2018-07-17,9125,2018-07-11,1240,019243,,3,1,9,1200,0,1,2,,2,018,US-101,"BIG LAGOON PARK RD",3168.00,N,N,A,-,Y,,,101,,,,,,,Y,2,0,1,2,A,-,11,21954,A,N,A,B,E,A,H,-,A,D,0,Y,,,,Y,,N,60,1,0,0,0,1,0,0,0,0,"- ","- ",41.159770965576172,-124.11768341064453,HUMBOLDT,UNINCORPORATED,-124.11767578125,41.159744262695312
90771656,2018,2018-07-18,9126,2018-07-15,1945,021827,,7,2,9,1200,0,1,2,,2,022,"US-101 S/B","BARKDULL ROAD",528.00,S,N,A,-,Y,,,101,,,,,,S,N,3,0,2,2,A,-,17,23114,A,N,H,C,A,A,H,-,A,D,0,,,,,Y,,E,22,0,1,1,0,0,0,0,0,0,"- ","- ",40.430980682373047,-123.98500823974609,HUMBOLDT,UNINCORPORATED,-123.98503112792969,40.43096923828125
90771957,2018,2018-07-18,9125,2018-07-12,1230,016577,,4,1,9,1200,0,3,5,,2,004,"BLUE SLIDE RD.","HOWE CREEK RD.",260.00,W,N,A,-,N,,,,,,,,,,N,3,0,1,1,A,-,03,22350,,N,F,A,A,A,H,-,A,D,0,,Y,,,Y,,L,04,0,1,0,0,0,0,1,0,0,"- ","- ",40.512859344482422,-124.15956115722656,HUMBOLDT,UNINCORPORATED,-124.15949249267578,40.512260437011719
90771969,2018,2018-07-18,9125,2018-07-12,1229,016577,,4,1,9,1200,0,3,5,,2,004,"BLUE SLIDE RD.","HOWE CREEK RD.",255.00,W,N,A,-,N,,,,,,,,,,Y,3,0,1,1,A,-,03,22350,,N,F,A,A,A,H,-,A,D,0,,Y,,,Y,,L,04,0,1,0,0,0,0,1,0,0,"- ","- ",40.512859344482422,-124.15956115722656,HUMBOLDT,UNINCORPORATED,-124.15949249267578,40.512260437011719
90772585,2018,2018-07-19,9125,2018-06-07,1027,018958,,4,1,9,1200,0,1,2,,2,017,US-101,"KANE RD.",7920.00,N,N,A,-,N,,,101,,,,,,,Y,1,1,1,1,A,-,01,23152,A,N,E,I,A,A,D,-,A,A,0,,,,,Y,Y,A,08,0,1,0,0,0,0,0,0,0,"- ","- ",41.221118927001953,-124.09654235839844,HUMBOLDT,UNINCORPORATED,-124.09645843505859,41.221004486083984
90773016,2018,2018-07-19,9125,2018-07-14,1057,020603,,6,1,9,1200,0,1,2,,1,024,US-101,"JACOBS AVE",200.00,N,N,A,-,Y,,,,,,,,,,Y,3,0,1,2,A,-,07,21658,A,N,B,C,A,A,H,-,A,D,0,,,,,Y,,D,22,0,1,0,0,0,0,0,0,0,"- ","- ",40.805950164794922,-124.12196350097656,HUMBOLDT,UNINCORPORATED,,
90773101,2018,2018-07-19,9125,2018-06-20,1610,021989,,3,2,9,1200,0,3,5,,2,005,"FRENCH CAMP RD","LOOP RD",73920.00,N,N,A,-,N,,,,,,,,,,Y,2,0,1,2,D,-,00,,,N,A,C,A,A,H,-,A,D,0,,,Y,,Y,,-,"- ",1,0,0,0,0,0,0,0,1,"- ","- ",41.154598236083984,-123.01088714599609,HUMBOLDT,UNINCORPORATED,,
90774514,2018,2018-07-23,9125,2018-07-21,0340,020946,,6,3,9,1200,0,3,5,,2,004,"BLUE SLIDE RD","WEBSTER ST",150.00,S,N,A,-,N,,,,,,,,,,Y,4,0,1,1,A,-,08,22107,,N,E,I,A,A,H,-,D,D,0,,,,,Y,,D,22,0,0,1,0,0,0,0,0,0,"- ","- ",40.507011413574219,-124.12789916992188,HUMBOLDT,UNINCORPORATED,-124.12693786621094,40.50701904296875
90776266,2018,2018-07-25,9125,2018-07-19,0935,019116,,4,1,9,1200,0,1,2,,2,017,"US-101 (REDWOOD HIGHWAY)","OLD STATE HIGHWAY",4224.00,N,N,A,-,Y,,,101,,,,,,,Y,3,0,1,2,A,-,01,23152,A,N,A,C,A,A,H,-,A,D,0,,,,,Y,Y,A,07,0,1,0,0,0,0,0,0,0,"- ","- ",41.267078399658203,-124.09725189208984,HUMBOLDT,UNINCORPORATED,-124.09730529785156,41.267108917236328
90777131,2018,2018-07-26,9125,2018-07-20,2141,021989,,5,2,9,1200,0,3,5,,2,006,"FOREST VIEW DR","VILLAGE WAY",214.00,S,N,A,-,N,,,,,,,,,,N,3,0,1,4,A,-,08,22107,,N,B,C,E,A,H,-,D,D,0,Y,,,,Y,,D,22,0,1,0,0,1,0,0,0,0,"- ","- ",40.953239440917969,-123.62413787841797,HUMBOLDT,UNINCORPORATED,-123.62398529052734,40.953132629394531
90777161,2018,2018-07-26,9125,2018-07-20,0836,021256,,5,1,9,1200,0,1,2,,1,024,"US-101 S/B","INDIANOLA CUTOFF",87.00,N,N,A,-,Y,,,,,,,,,,Y,4,0,1,2,A,-,07,21658,A,N,C,C,A,A,H,-,A,D,0,,,,,Y,,A,01,0,0,1,0,0,0,0,0,0,"- ","- ",,,HUMBOLDT,UNINCORPORATED,-124.0931396484375,40.820625305175781
90777223,2018,2018-07-26,9125,2018-07-19,1211,021256,,4,1,9,1200,0,1,2,,1,024,"US 101 S/B","KOA DRIVE",0.00,,Y,A,-,Y,,,,,,,,,,Y,4,0,1,3,A,-,09,21804,A,N,A,C,A,A,H,-,A,D,0,,,,,Y,,A,08,0,0,1,0,0,0,0,0,0,"- ","- ",,,HUMBOLDT,UNINCORPORATED,,
90779959,2018,2018-07-30,9125,2018-07-25,1410,020491,,3,2,9,1200,0,1,2,,2,022,"US-101 N/B","BAYSIDE CUTTOFF",0.00,,Y,A,-,Y,,,101,,,,,,N,Y,2,0,2,2,A,-,09,21802,A,N,D,C,A,A,H,-,A,A,0,,,,,Y,,A,08,1,1,0,0,0,0,0,0,0,"- ","- ",40.834999084472656,-124.08180236816406,HUMBOLDT,UNINCORPORATED,-124.08180236816406,40.834999084472656
90780052,2018,2018-07-30,9125,2018-07-18,1610,018172,,3,2,9,1200,0,1,2,,2,018,US-101,"KANE RD",3168.00,S,N,A,-,Y,,,101,,,,,,,N,4,0,1,2,A,-,03,22350,,N,E,I,A,A,D,-,A,C,0,,,,Y,Y,,G,25,0,0,1,0,0,0,0,0,0,"- ","- ",41.196308135986328,-124.11002349853516,HUMBOLDT,UNINCORPORATED,-124.10999298095703,41.196296691894531
90780083,2018,2018-07-30,9125,2018-07-24,2210,021844,,2,3,9,1200,0,1,3,,1,060,SR-299,"OLD 3 CREEKS RD",528.00,E,N,A,-,Y,,,299,,,,,,,Y,3,0,1,1,A,-,08,22107,,N,E,I,A,A,H,-,D,D,0,,,,,Y,,A,07,0,1,0,0,0,0,0,0,0,"- ","- ",40.908519744873047,-123.78372955322266,HUMBOLDT,UNINCORPORATED,-123.78376007080078,40.908466339111328
90780215,2018,2018-07-30,9125,2018-07-28,1712,021450,,6,2,9,1200,0,1,2,,2,044,"US-101 S/B","LOLETA DR",4752.00,S,N,B,-,Y,,,101,,,,,,S,Y,4,0,1,1,C,-,18,,,N,E,I,A,A,H,-,A,D,0,,,,,Y,,-,"- ",0,0,1,0,0,0,0,0,0,"- ","- ",40.629520416259766,-124.21560668945312,HUMBOLDT,UNINCORPORATED,-124.21556854248047,40.629501342773438
90780347,2018,2018-07-30,9125,2018-07-15,1549,022095,,7,2,9,1200,0,1,3,,1,061,"SR-299 W/B","DOWNING RD",1056.00,W,N,A,-,Y,,,299,,,,,,W,Y,4,0,1,1,A,-,08,22107,,N,E,I,A,A,H,-,A,D,0,,,,,Y,,A,07,0,0,1,0,0,0,0,0,0,"- ","- ",40.934169769287109,-123.67402648925781,HUMBOLDT,UNINCORPORATED,-123.67402648925781,40.934169769287109
90780578,2018,2018-07-30,9125,2018-07-16,1910,022095,,1,2,9,1200,0,1,3,,2,013,"SR-299 E/B",US-101,528.00,E,N,A,-,Y,,,,,,,,,,Y,4,0,1,2,A,-,07,21658,A,N,B,C,A,A,H,-,A,D,0,,,,,Y,,A,07,0,0,1,0,0,0,0,0,0,"- ","- ",40.898410797119141,-124.08091735839844,HUMBOLDT,UNINCORPORATED,,