CASE_ID,ACCIDENT_YEAR,PROC_DATE,JURIS,COLLISION_DATE,COLLISION_TIME,OFFICER_ID,REPORTING_DISTRICT,DAY_OF_WEEK,CHP_SHIFT,POPULATION,CNTY_CITY_LOC,SPECIAL_COND,BEAT_TYPE,CHP_BEAT_TYPE,CITY_DIVISION_LAPD,CHP_BEAT_CLASS,BEAT_NUMBER,PRIMARY_RD,SECONDARY_RD,DISTANCE,DIRECTION,INTERSECTION,WEATHER_1,WEATHER_2,STATE_HWY_IND,CALTRANS_COUNTY,CALTRANS_DISTRICT,STATE_ROUTE,ROUTE_SUFFIX,POSTMILE_PREFIX,POSTMILE,LOCATION_TYPE,RAMP_INTERSECTION,SIDE_OF_HWY,TOW_AWAY,COLLISION_SEVERITY,NUMBER_KILLED,NUMBER_INJURED,PARTY_COUNT,PRIMARY_COLL_FACTOR,PCF_CODE_OF_VIOL,PCF_VIOL_CATEGORY,PCF_VIOLATION,PCF_VIOL_SUBSECTION,HIT_AND_RUN,TYPE_OF_COLLISION,MVIW,PED_ACTION,ROAD_SURFACE,ROAD_COND_1,ROAD_COND_2,LIGHTING,CONTROL_DEVICE,CHP_ROAD_TYPE,PEDESTRIAN_ACCIDENT,BICYCLE_ACCIDENT,MOTORCYCLE_ACCIDENT,TRUCK_ACCIDENT,NOT_PRIVATE_PROPERTY,ALCOHOL_INVOLVED,STWD_VEHTYPE_AT_FAULT,CHP_VEHTYPE_AT_FAULT,COUNT_SEVERE_INJ,COUNT_VISIBLE_INJ,COUNT_COMPLAINT_PAIN,COUNT_PED_KILLED,COUNT_PED_INJURED,COUNT_BICYCLIST_KILLED,COUNT_BICYCLIST_INJURED,COUNT_MC_KILLED,COUNT_MC_INJURED,PRIMARY_RAMP,SECONDARY_RAMP,LATITUDE,LONGITUDE,COUNTY,CITY,POINT_X,POINT_Y
91055266,2019,2019-08-20,9125,2019-08-09,2140,022314,,5,2,9,1200,0,1,3,,1,047,SR-36,"CHURCH LN",11616.00,W,N,B,-,Y,,,36,,,,,,,Y,3,0,1,1,A,-,01,23152,A,M,E,I,A,B,H,-,D,D,0,,,,,Y,Y,D,22,0,1,0,0,0,0,0,0,0,"- ","- ",40.486671447753906,-123.90753173828125,HUMBOLDT,UNINCORPORATED,-123.90750885009766,40.486663818359375
91055530,2019,2019-08-20,9125,2019-08-17,0954,021815,,6,1,9,1200,0,1,3,,1,061,SR-299,"CEDAR CREEK RD",2640.00,E,N,A,-,Y,,,299,,,,,,,Y,3,0,1,1,A,-,08,22107,,N,E,I,A,A,H,-,A,D,0,,,,,Y,,D,22,0,1,0,0,0,0,0,0,0,"- ","- ",40.904090881347656,-123.741943359375,HUMBOLDT,UNINCORPORATED,-123.741943359375,40.904262542724609
91055614,2019,2019-08-20,9125,2019-08-15,1246,021815,,4,1,9,1200,0,3,5,,2,005,"BLOODY CAMP RD","FRENCH CAMP RD",1056.00,N,N,A,-,N,,,,,,,,,,N,2,0,3,1,A,-,03,22350,,N,F,A,A,A,H,-,A,D,0,,,,,Y,Y,D,22,2,0,1,0,0,0,0,0,0,"- ","- ",41.116100311279297,-123.71568298339844,HUMBOLDT,UNINCORPORATED,-123.71565246582031,41.116127014160156
91055699,2019,2019-08-20,9125,2019-08-14,0048,022297,,3,3,9,1200,0,2,4,,1,020,"MYRTLE AVE","HALL AVE",960.00,S,N,A,-,N,,,,,,,,,,Y,2,0,2,2,A,-,05,21460,A,F,A,C,A,A,H,-,D,D,0,,,,,Y,,D,22,2,0,0,0,0,0,0,0,0,"- ","- ",40.784351348876953,-124.1221923828125,HUMBOLDT,UNINCORPORATED,-124.12852478027344,40.782844543457031
91056473,2019,2019-08-21,9125,2019-08-18,2345,021313,,7,3,9,1200,0,3,5,,2,006,"SR-299 W/B","ROBIN LN",739.00,E,N,A,-,Y,,,299,,,,,,W,Y,4,0,1,1,A,-,01,23152,A,N,E,I,A,A,H,-,D,D,0,,,,,Y,Y,D,22,0,0,1,0,0,0,0,0,0,"- ","- ",40.916530609130859,-123.61704254150391,HUMBOLDT,UNINCORPORATED,-123.61700439453125,40.916545867919922
91059722,2019,2019-08-26,9126,2019-08-20,1215,021219,,2,1,9,1200,0,1,3,,1,020,"SR-254 (AVENUE OF THE GIANTS)","CATHEY ROAD",0.00,,Y,A,-,Y,,,254,,,,R,,,Y,3,0,2,3,A,-,09,21801,A,N,A,C,A,A,H,-,A,D,0,,,,,Y,,D,22,0,1,1,0,0,0,0,0,0,"- ","- ",40.256458282470703,-123.82479095458984,HUMBOLDT,UNINCORPORATED,-123.82479095458984,40.256458282470703
91060163,2019,2019-08-27,9125,2019-08-17,1823,021450,,6,2,9,1200,0,1,2,,2,019,"US-101 N/B TO CENTRAL AVENUE OFF-RAMP",SR-200,0.00,,Y,A,-,Y,,,101,,,,R,,N,Y,4,0,2,2,A,-,09,21802,A,N,D,C,A,A,H,-,A,D,0,,,,,Y,,A,01,0,0,2,0,0,0,0,0,0,"- ","- ",40.919189453125,-124.09454345703125,HUMBOLDT,UNINCORPORATED,-124.09454345703125,40.919189453125
91060261,2019,2019-08-27,9125,2019-08-10,0235,022314,,6,3,9,1200,0,3,5,,2,002,"HERRICK AVE","LEPPEK CT",69.10,E,N,C,-,N,,,,,,,,,,Y,3,0,2,1,A,-,08,22107,,N,E,I,A,B,H,-,C,D,0,,,,,Y,,A,01,0,2,0,0,0,0,0,0,0,"- ","- ",40.802989959716797,-124.15696716308594,HUMBOLDT,UNINCORPORATED,-124.17873382568359,40.757549285888672
91060749,2019,2019-08-27,9125,2019-08-20,0119,021313,,2,3,9,1200,0,3,5,,2,005,"MARSHALL LN","BIG HILL RD",3168.00,S,N,A,-,N,,,,,,,,,,Y,4,0,1,1,A,-,03,22350,,N,E,I,A,A,H,-,D,D,0,,,,,Y,,A,01,0,0,1,0,0,0,0,0,0,"- ","- ",41.076950073242188,-123.68438720703125,HUMBOLDT,UNINCORPORATED,-123.68453979492188,41.077217102050781
91061899,2019,2019-08-28,9125,2019-08-22,0100,022105,,4,3,9,1200,0,3,5,,2,005,"RED CAP RD","SKUNK HOLLOW LN",10.00,N,N,A,-,N,,,,,,,,,,N,3,0,1,2,D,-,00,,,N,G,B,F,A,H,-,D,D,0,Y,,,,Y,,-,"- ",0,1,0,0,1,0,0,0,0,"- ","- ",41.288520812988281,-123.54782867431641,HUMBOLDT,UNINCORPORATED,-123.5478515625,41.288043975830078
91062379,2019,2019-08-29,9125,2019-08-24,0735,021815,,6,1,9,1200,0,1,3,,1,062,SR-96,"TRINITY VIEW RD",8448.00,W,N,A,-,Y,,,96,,,,,,,Y,4,0,1,1,A,-,08,22107,,N,F,I,A,A,H,-,A,D,0,,,,,Y,,A,01,0,0,1,0,0,0,0,0,0,"- ","- ",40.994598388671875,-123.63201141357422,HUMBOLDT,UNINCORPORATED,-123.63198089599609,40.994739532470703
91062618,2019,2019-08-29,9125,2019-08-13,2020,021168,,2,2,9,1200,0,2,4,,1,020,"MYRTLE AVENUE","INDIANOLA ROAD",528.00,S,N,A,-,N,,,,,,,,,,N,3,0,1,1,A,-,03,22350,,N,F,A,A,A,H,-,B,D,0,,,Y,,Y,,C,02,0,1,0,0,0,0,0,0,1,"- ","- ",40.813899993896484,-124.08268737792969,HUMBOLDT,UNINCORPORATED,-124.08330535888672,40.813053131103516
91062620,2019,2019-08-29,9125,2019-05-01,1352,020748,,3,1,9,1200,0,3,5,,2,002,"BLUE LAKE BLVD","DAVIS ST",50.00,E,N,A,-,N,,,,,,,,,,Y,1,1,0,1,A,-,01,23152,F,N,E,I,A,A,H,-,A,D,0,,,Y,,Y,,C,02,0,0,0,0,0,0,0,1,0,"- ","- ",40.885269165039062,-123.98748016357422,HUMBOLDT,UNINCORPORATED,-123.98753356933594,40.885257720947266
91064643,2019,2019-08-30,9125,2019-08-30,1038,021815,,5,1,9,1200,0,3,5,,2,006,"COUNTRY CLUB DR","THE TERRACE LN",800.00,N,N,A,-,N,,,,,,,,,,Y,4,0,1,1,A,-,08,22107,,N,F,I,A,A,H,-,A,D,0,,,,,Y,,D,22,0,0,1,0,0,0,0,0,0,"- ","- ",40.941169738769531,-123.62661743164062,HUMBOLDT,UNINCORPORATED,-123.62693023681641,40.941013336181641
91065563,2019,2019-09-03,9125,2019-08-18,2011,020901,,7,2,9,1200,0,1,2,,2,045,US-101,"SHIVELY RD",1300.00,S,N,A,-,Y,,,101,,,,,,,Y,2,0,1,2,A,-,05,21651,A,N,B,C,A,A,H,-,E,D,0,,,,,Y,,A,08,1,0,0,0,0,0,0,0,0,"- ","- ",40.457378387451172,-124.06764984130859,HUMBOLDT,UNINCORPORATED,-124.06766510009766,40.457366943359375
91065612,2019,2019-09-03,9125,2019-08-21,2040,020748,,3,2,9,1200,0,1,2,,2,045,"US-101 S/B","SHIVELY RD",3168.00,N,N,A,-,Y,,,101,,,,,,S,N,3,0,1,2,A,-,08,22107,,N,C,G,A,A,H,-,D,D,0,,Y,,,Y,,A,07,0,1,0,0,0,0,1,0,0,"- ","- ",40.461418151855469,-124.08477020263672,HUMBOLDT,UNINCORPORATED,-124.08476257324219,40.461460113525391
91065725,2019,2019-09-03,9125,2019-08-24,1730,021168,,6,2,9,1200,0,1,3,,2,013,SR-299,"ESSEX LANE",1056.00,W,N,A,-,Y,,,299,,,,,,,Y,4,0,1,1,A,-,01,23152,A,M,F,I,A,A,H,-,A,D,0,,,,,Y,Y,A,01,0,0,1,0,0,0,0,0,0,"- ","- ",40.907249450683594,-124.04170989990234,HUMBOLDT,UNINCORPORATED,-124.04173278808594,40.907077789306641
91065834,2019,2019-09-03,9125,2019-08-25,1900,020946,,7,2,9,1200,0,3,5,,2,001,"SAGEWOOD WAY","HEARTWOOD DR",149.00,N,N,A,-,N,,,,,,,,,,Y,3,0,1,3,A,-,01,23152,A,N,C,E,A,A,H,-,A,D,0,,,,,Y,Y,A,01,0,1,0,0,0,0,0,0,0,"- ","- ",40.939590454101562,-124.10507202148438,HUMBOLDT,UNINCORPORATED,-124.10508728027344,40.9395751953125
91066361,2019,2019-09-03,9126,2019-08-27,0430,021722,,2,3,9,1200,0,1,2,,1,066,US-101,"BENBOW DRIVE",3168.00,S,N,A,-,Y,,,101,,,,,,,Y,4,0,1,1,A,-,08,22107,,N,F,A,A,A,H,-,C,D,0,,,,,Y,,A,01,0,0,1,0,0,0,0,0,0,"- ","- ",40.035541534423828,-123.78951263427734,HUMBOLDT,UNINCORPORATED,-123.78951263427734,40.035537719726562
91066414,2019,2019-09-03,9125,2019-08-27,1410,021168,,2,2,9,1200,0,2,4,,1,010,"CENTRAL AVENUE","1811 CENTRAL AVENUE",10.00,S,N,A,-,N,,,,,,,,,,Y,4,0,1,2,A,-,03,22350,,N,C,C,A,A,H,-,A,D,0,,,,,Y,,A,07,0,0,1,0,0,0,0,0,0,"- ","- ",40.938140869140625,-124.10083770751953,HUMBOLDT,UNINCORPORATED,-124.10093688964844,40.938388824462891
91066757,2019,2019-09-04,9125,2019-08-30,0430,021844,,5,3,9,1200,0,3,5,,2,004,"LOLETA DRIVE","PERSHING STREET",7.00,E,N,A,-,N,,,,,,,,,,N,3,0,1,1,A,-,08,22107,,M,E,I,A,A,H,-,D,D,0,,,,,Y,,D,22,0,1,0,0,0,0,0,0,0,"- ","- ",40.641738891601562,-124.22093963623047,HUMBOLDT,UNINCORPORATED,-124.22090911865234,40.641921997070312
91066869,2019,2019-09-04,9125,2019-08-31,1800,021688,,6,2,9,1200,0,3,5,,2,002,"HARRISON AVENUE","ROBIN HOOD LANE",5.00,S,N,A,-,N,,,,,,,,,,Y,4,0,1,2,A,-,06,21750,,N,B,E,A,A,H,-,A,D,0,,,,,Y,Y,A,01,0,0,1,0,0,0,0,0,0,"- ","- ",40.793800354003906,-124.13960266113281,HUMBOLDT,UNINCORPORATED,-124.13961029052734,40.793567657470703
9106826,2020,2020-11-09,1203,2020-05-15,1219,4065,P37,5,5,4,1203,0,0,0,,0,002,"BROADWAY ST","VIGO ST",0.00,,Y,A,-,Y,HUM,1,101,-,-,76.740,H,-,S,N,3,0,1,2,A,-,03,22350,,N,C,C,A,A,H,-,A,A,0,,,,,Y,,A,01,0,1,0,0,0,0,0,0,0,"- ","- ",40.7843017578125,-124.18359375,HUMBOLDT,EUREKA,-124.18284606933594,40.784164428710938
9106851,2020,2020-11-13,1203,2020-05-16,0920,4065,P31,6,5,4,1203,0,0,0,,0,002,"BROADWAY ST","14TH ST",0.00,,Y,B,-,Y,HUM,1,101,-,-,77.480,H,-,N,Y,3,0,3,2,A,-,01,23152,A,N,C,C,A,A,H,-,A,A,0,,,,,Y,,A,01,0,2,1,0,0,0,0,0,0,"- ","- ",40.794109344482422,-124.17671203613281,HUMBOLDT,EUREKA,-124.17684936523438,40.793998718261719
91068964,2019,2020-03-20,9125,2019-08-30,2340,022314,,5,3,9,1200,0,3,5,,2,001,"HALFWAY AVE","COACH WAY",114.00,S,N,A,-,N,,,,,,,,,,Y,3,0,1,1,A,-,08,22107,,N,E,I,A,A,H,-,D,D,0,,,Y,,Y,,C,02,0,1,0,0,0,0,0,0,1,"- ","- ",40.960380554199219,-124.11379241943359,HUMBOLDT,UNINCORPORATED,-124.11376953125,40.960426330566406
91070365,2019,2019-09-09,9125,2019-09-04,1655,021688,,3,2,9,1200,0,3,5,,2,002,"LUCAS STREET","HARRISON AVENUE",5.00,E,N,A,-,N,,,,,,,,,,N,4,0,1,2,A,-,01,23152,A,N,D,C,A,A,H,-,A,A,0,,,,,Y,Y,A,01,0,0,1,0,0,0,0,0,0,"- ","- ",40.791301727294922,-124.13960266113281,HUMBOLDT,UNINCORPORATED,-124.13960266113281,40.791278839111328
9107063,2020,2020-10-05,1203,2020-08-19,1621,4065,P2,3,5,4,1203,0,0,0,,0,001,"RT 101","MILE MARKER 80",329.00,E,N,A,-,Y,,,101,,,,,,,Y,4,0,1,3,A,-,03,22350,,N,C,C,A,A,H,-,A,D,0,,,,,Y,,A,01,0,0,1,0,0,0,0,0,0,"- ","- ",40.802249908447266,-124.16371154785156,HUMBOLDT,EUREKA,-124.16370391845703,40.802211761474609
91070745,2019,2019-09-09,9125,2019-09-02,1545,021450,,1,2,9,1200,0,1,2,,2,019,"US-101 N/B TO CENTRAL AVENUE OFF-RAMP",SR-200,0.00,,Y,B,-,Y,,,101,,,,R,,N,Y,4,0,3,3,A,-,09,21802,A,N,D,C,A,A,H,-,A,D,0,,,,,Y,,A,01,0,0,3,0,0,0,0,0,0,"- ","- ",40.919200897216797,-124.09464263916016,HUMBOLDT,UNINCORPORATED,-124.09464263916016,40.919200897216797
9107100,2020,2020-12-02,1203,2020-09-07,1526,4068,P10,1,5,4,1203,0,0,0,,0,001,"5TH ST","V ST",0.00,,Y,A,-,Y,HUM,1,101,-,-,79.402,I,5,N,Y,3,0,2,2,A,-,12,21453,A,N,D,C,A,A,H,-,A,A,0,,,,,Y,,A,01,0,1,1,0,0,0,0,0,0,"- ","- ",40.803871154785156,-124.14929962158203,HUMBOLDT,EUREKA,-124.14929962158203,40.803852081298828
91071124,2019,2019-09-10,9126,2019-09-03,1050,021102,,2,1,9,1200,0,1,2,,1,066,"US-101 S/B","SPROWEL CREEK ROAD",528.00,S,N,A,-,Y,,,101,,,,,,S,Y,3,0,1,1,A,-,08,22107,,N,E,I,A,A,H,-,A,D,0,,,,,Y,,A,07,0,1,0,0,0,0,0,0,0,"- ","- ",40.09429931640625,-123.79434967041016,HUMBOLDT,UNINCORPORATED,-123.79430389404297,40.094356536865234
91071250,2019,2019-09-10,9125,2019-09-02,0230,022284,,1,3,9,1200,0,1,3,,1,048,SR-36,"RATTLESNAKE BRIDGE RD",840.00,E,N,A,-,Y,,,36,,,,,,,Y,2,0,2,1,A,-,08,22107,,N,E,I,A,A,H,-,D,D,0,,,,,Y,,A,07,1,1,0,0,0,0,0,0,0,"- ","- ",40.482421875,-123.57816314697266,HUMBOLDT,UNINCORPORATED,-123.57815551757812,40.482421875
91071718,2019,2019-09-10,9125,2019-09-06,1507,021168,,5,2,9,1200,0,1,3,,1,051,SR-96,"TISH TANG RD",528.00,N,N,A,-,Y,,,96,,,,,,,N,3,0,1,2,A,-,05,21460,,N,B,C,A,A,H,-,A,D,0,,,Y,,Y,,C,02,0,1,0,0,0,0,0,0,1,"- ","- ",41.064239501953125,-123.68580627441406,HUMBOLDT,UNINCORPORATED,-123.68581390380859,41.064239501953125
91072173,2019,2019-09-11,9125,2019-09-04,0840,021313,,3,1,9,1200,0,3,5,,2,004,"SINGLEY RD","SINGLEY HILL RD",0.00,,Y,A,-,N,,,,,,,,,,Y,4,0,1,2,A,-,09,21802,A,N,D,C,A,A,H,-,A,A,0,,,,,Y,,D,22,0,0,1,0,0,0,0,0,0,"- ","- ",40.622428894042969,-124.21138763427734,HUMBOLDT,UNINCORPORATED,-124.20428,40.642679999999999
9107226,2020,2020-09-22,1203,2020-05-30,1638,4043,P18,6,5,4,1203,0,0,0,,0,001,"RT 101","N ST",99.00,E,N,C,-,Y,HUM,1,101,-,-,79.000,H,-,N,N,2,0,1,3,A,-,11,21954,A,N,G,B,E,B,G,-,A,D,0,Y,,,,Y,,N,60,1,0,0,0,1,0,0,0,0,"- ","- ",40.802989959716797,-124.15836334228516,HUMBOLDT,EUREKA,-124.15679168701172,40.803184509277344
91072703,2019,2019-09-11,9125,2019-09-05,2154,022284,,4,2,9,1200,0,3,5,,2,003,"MAD RIVER RD","MILLER LN",3000.00,N,N,A,-,N,,,,,,,,,,Y,3,0,1,1,A,-,01,23152,A,N,E,I,A,A,H,-,D,D,0,,,,,Y,Y,A,07,0,1,0,0,0,0,0,0,0,"- ","- ",40.915699005126953,-124.1077880859375,HUMBOLDT,UNINCORPORATED,-124.10741424560547,40.915699005126953
91073264,2019,2019-09-12,9125,2019-09-04,1725,021844,,3,2,9,1200,0,1,2,,1,024,"N/B US-101","INDIANOLA CUTOFF",6864.00,S,N,A,-,Y,,,101,,,,,,,Y,3,0,1,2,A,-,01,23152,A,N,D,C,A,A,H,-,A,A,0,,,,,Y,Y,D,22,0,1,0,0,0,0,0,0,0,"- ","- ",40.809589385986328,-124.11416625976562,HUMBOLDT,UNINCORPORATED,-124.11415100097656,40.809547424316406
91074618,2019,2019-10-03,9126,2019-09-03,1830,021724,,2,2,9,1200,0,3,5,,2,222,"THOMAS ROAD","WINDY GAP ROAD",1535.00,E,N,A,-,N,,,,,,,,,,N,2,0,1,1,A,-,08,22107,,N,F,A,A,A,H,-,A,D,0,,,,,Y,,D,22,1,0,0,0,0,0,0,0,0,"- ","- ",40.228519439697266,-123.94125366210938,HUMBOLDT,UNINCORPORATED,-123.94124603271484,40.228477478027344
91075779,2019,2019-09-16,9125,2019-09-08,0415,021313,,7,3,9,1200,0,1,3,,1,050,SR-96,"HOSTLER CREEK RD",170.00,N,N,B,-,Y,,,96,,,,,,,Y,2,0,2,1,A,-,01,23152,A,N,E,I,A,A,H,-,D,D,0,,,,,Y,Y,A,01,2,0,0,0,0,0,0,0,0,"- ","- ",41.074520111083984,-123.68681335449219,HUMBOLDT,UNINCORPORATED,-123.68687438964844,41.074539184570312
9107584,2020,2020-10-30,1203,2020-05-18,1506,4021,P56,1,5,4,1203,0,0,0,,0,003,HENDERSON,E,0.00,,Y,B,-,N,,,,,,,,,,Y,3,0,3,2,A,-,12,21453,A,N,D,C,A,A,H,-,A,A,0,,,,,Y,,A,01,0,3,0,0,0,0,0,0,0,"- ","- ",40.782958984375,-124.16461181640625,HUMBOLDT,EUREKA,-124.16465759277344,40.782878875732422
9107627,2020,2020-11-09,1203,2020-05-04,2053,4076,P69,1,5,4,1203,0,0,0,,0,002,"RT 101","HILFIKER LN",320.00,S,N,A,-,Y,HUM,1,101,-,-,75.680,H,-,N,Y,2,0,1,1,A,-,03,22350,,N,E,J,A,A,H,-,C,D,0,,,Y,,Y,,C,02,1,0,0,0,0,0,0,0,1,"- ","- ",,,HUMBOLDT,EUREKA,-124.19109344482422,40.771450042724609
91077274,2019,2019-10-07,9125,2019-06-23,1550,021688,,7,2,9,1200,0,1,3,,1,048,"STATE ROUTE 36","STAGECOACH ROAD",1917.00,E,N,A,-,Y,,,36,,,,,,,Y,1,1,0,2,A,-,01,23152,A,N,D,C,A,A,D,H,A,D,0,,,,,Y,Y,A,01,0,0,0,0,0,0,0,0,0,"- ","- ",40.478801727294922,-123.65380096435547,HUMBOLDT,UNINCORPORATED,-123.65342712402344,40.478443145751953
91078250,2019,2019-09-19,9125,2019-09-15,1530,021688,,7,2,9,1200,0,1,3,,1,014,"STATE ROUTE 299","CHEZEM ROAD",5280.00,E,N,B,C,Y,,,299,,,,,,,Y,4,0,2,1,A,-,03,22350,,N,F,A,A,B,H,-,A,D,0,,,,,Y,,D,22,0,0,2,0,0,0,0,0,0,"- ","- ",40.907398223876953,-123.82839965820312,HUMBOLDT,UNINCORPORATED,-123.82835388183594,40.907367706298828
91078607,2019,2019-09-19,9125,2019-08-01,2500,019243,,4,4,9,1200,0,1,2,,2,018,US-101,"BIG LAGOON PARK ROAD",12144.00,N,N,B,-,Y,,,101,,,,,,,Y,1,1,0,1,A,-,01,23152,,N,E,I,A,A,H,-,D,D,0,,,,,Y,Y,D,22,0,0,0,0,0,0,0,0,0,"- ","- ",41.178298950195312,-124.10552978515625,HUMBOLDT,UNINCORPORATED,-124.10546112060547,41.178337097167969
91081402,2019,2019-09-24,9125,2019-09-12,2300,021025,,4,3,9,1200,0,1,3,,1,047,SR-36,"ALDERPOINT RD",1200.00,E,N,A,-,Y,,,36,,,,,,,Y,3,0,1,1,A,-,08,22107,,N,E,I,A,A,H,-,D,D,0,,,,,Y,,A,07,0,1,0,0,0,0,0,0,0,"- ","- ",40.469730377197266,-123.79544830322266,HUMBOLDT,UNINCORPORATED,-123.79544067382812,40.469715118408203
91081440,2019,2019-09-24,9125,2019-09-17,1535,021450,,2,2,9,1200,0,1,3,,1,047,SR-36,"FOX CREEK RD",792.00,W,N,B,-,Y,,,36,,,,,,,N,3,0,2,1,A,-,03,22350,,N,E,I,A,A,H,-,A,D,0,,,,,Y,,D,22,0,1,1,0,0,0,0,0,0,"- ","- ",40.509490966796875,-124.00270843505859,HUMBOLDT,UNINCORPORATED,-124.00271606445312,40.509502410888672
91082022,2019,2019-09-24,9125,2019-09-16,1335,020717,,1,1,9,1200,0,1,2,,2,044,"N/B US-101","METROPOLITAN ROAD",1584.00,N,N,A,-,Y,,,101,,,,,,,Y,3,0,1,2,A,-,08,22107,,N,B,C,A,A,H,-,A,D,0,,,,,Y,,A,07,0,1,0,0,0,0,0,0,0,"- ","- ",40.528839111328125,-124.15125274658203,HUMBOLDT,UNINCORPORATED,-124.15131378173828,40.528850555419922
91082097,2019,2019-10-04,9125,2019-07-26,2500,021844,,5,4,9,1200,0,1,3,,1,047,SR-36,"RIVERSIDE PARK ROAD",1584.00,E,N,A,-,Y,,,36,,,,,,,Y,1,1,0,1,A,-,01,23152,A,N,E,I,A,A,H,-,A,D,0,,,Y,,Y,Y,C,02,0,0,0,0,0,0,0,1,0,"- ","- ",40.498870849609375,-123.98735809326172,HUMBOLDT,UNINCORPORATED,-123.98735809326172,40.498908996582031
91084121,2019,2019-09-26,9126,2019-09-18,1950,021836,,3,2,9,1200,0,3,5,,2,222,"THOMAS ROAD","PINE DRIVE",528.00,W,N,B,-,N,,,,,,,,,,Y,2,0,1,1,A,-,01,23152,A,N,F,A,A,B,H,-,D,D,0,,,,,Y,Y,D,22,1,0,0,0,0,0,0,0,0,"- ","- ",40.222160339355469,-123.86769104003906,HUMBOLDT,UNINCORPORATED,-123.86740112304688,40.22149658203125
91085296,2019,2019-09-27,9125,2019-09-18,1049,022284,,3,1,9,1200,0,1,3,,1,061,"SR-299 E/B","EAST FORK",3168.00,E,N,B,C,Y,,,299,,,,,,E,Y,2,0,1,1,A,-,03,22350,,N,F,J,A,B,H,-,A,D,0,,,,,Y,,A,07,1,0,0,0,0,0,0,0,0,"- ","- ",40.907821655273438,-123.71842193603516,HUMBOLDT,UNINCORPORATED,-123.71844482421875,40.907913208007812
91086770,2019,2019-09-30,9125,2019-09-22,1557,022297,,7,2,9,1200,0,2,4,,1,021,"HARRIS ST","ALORA LN",27.00,S,N,B,-,N,,,,,,,,,,Y,4,0,1,1,C,-,18,,,N,E,I,A,B,H,-,A,D,0,,,Y,,Y,,-,"- ",0,0,1,0,0,0,0,0,1,"- ","- ",40.780441284179688,-124.13455963134766,HUMBOLDT,UNINCORPORATED,-124.1343994140625,40.780498504638672
91087203,2019,2019-09-30,9125,2019-09-18,1035,014643,,3,1,9,1200,0,1,2,,2,017,"US-101 (REDWOOD HIGHAY)","BALD HILLS ROAD",1584.00,N,N,B,-,Y,,,,,,,,,,Y,2,0,3,2,A,-,08,22107,,N,A,C,A,B,H,-,A,A,0,,,,Y,Y,,G,25,3,0,0,0,0,0,0,0,0,"- ","- ",40.304759979248047,-124.04419708251953,HUMBOLDT,UNINCORPORATED,-124.044189453125,41.304603576660156
91087675,2019,2019-10-01,9125,2019-09-29,1440,022297,,7,2,9,1200,0,2,4,,1,010,"CENTRAL AVE","HEARTWOOD DR",500.00,S,N,B,C,N,,,,,,,,,,N,3,0,2,2,A,-,03,22350,,N,C,C,A,B,H,-,A,D,0,,,,,Y,,A,01,0,1,1,0,0,0,0,0,0,"- ","- ",40.9381103515625,-124.10085296630859,HUMBOLDT,UNINCORPORATED,-124.10093688964844,40.938148498535156
91088287,2019,2019-10-01,9125,2019-09-20,1518,022284,,5,2,9,1200,0,1,3,,1,065,SR-169,"RUBE RANCH RD",6336.00,N,N,A,-,Y,,,169,,,,,,,Y,2,0,1,1,A,-,03,22350,,N,E,I,A,A,H,-,A,D,0,,,Y,,Y,,C,02,1,0,0,0,0,0,0,0,1,"- ","- ",41.240249633789062,-123.76828765869141,HUMBOLDT,UNINCORPORATED,-123.76821136474609,41.240280151367188
91088670,2019,2019-10-02,9125,2019-09-21,0157,022284,,6,3,9,1200,0,1,3,,1,051,SR-96,"PEARSON LN",10.00,S,N,A,-,Y,,,96,,,,,,,Y,3,0,1,1,A,-,01,23152,A,N,E,I,A,A,H,-,C,D,0,,,,,Y,Y,D,22,0,1,0,0,0,0,0,0,0,"- ","- ",41.184669494628906,-123.70488739013672,HUMBOLDT,UNINCORPORATED,-123.70494842529297,41.184635162353516
91089164,2019,2019-10-02,9125,2019-09-20,1100,014643,,5,1,9,1200,0,3,5,,2,001,"AIRPORT ROAD","CENTRAL AVENUE",48.00,W,N,A,-,N,,,,,,,,,,Y,3,0,1,1,A,-,08,22107,,N,E,I,A,A,H,-,A,D,0,,,,,Y,,A,01,0,1,0,0,0,0,0,0,0,"- ","- ",40.963951110839844,-124.10098266601562,HUMBOLDT,UNINCORPORATED,-124.10089874267578,40.964012145996094
91089745,2019,2019-10-03,9125,2019-08-25,1806,021256,,7,2,9,1200,0,1,3,,1,012,SR-200,SR-299,1954.00,N,N,A,-,N,,,,,,,,,,Y,2,0,2,2,A,-,01,23152,A,N,B,C,A,A,H,-,A,D,0,,,,,Y,Y,A,07,1,1,0,0,0,0,0,0,0,"- ","- ",40.548648834228516,-124.37686920166016,HUMBOLDT,UNINCORPORATED,-124.06256866455078,40.914291381835938