CASE_ID,ACCIDENT_YEAR,PROC_DATE,JURIS,COLLISION_DATE,COLLISION_TIME,OFFICER_ID,REPORTING_DISTRICT,DAY_OF_WEEK,CHP_SHIFT,POPULATION,CNTY_CITY_LOC,SPECIAL_COND,BEAT_TYPE,CHP_BEAT_TYPE,CITY_DIVISION_LAPD,CHP_BEAT_CLASS,BEAT_NUMBER,PRIMARY_RD,SECONDARY_RD,DISTANCE,DIRECTION,INTERSECTION,WEATHER_1,WEATHER_2,STATE_HWY_IND,CALTRANS_COUNTY,CALTRANS_DISTRICT,STATE_ROUTE,ROUTE_SUFFIX,POSTMILE_PREFIX,POSTMILE,LOCATION_TYPE,RAMP_INTERSECTION,SIDE_OF_HWY,TOW_AWAY,COLLISION_SEVERITY,NUMBER_KILLED,NUMBER_INJURED,PARTY_COUNT,PRIMARY_COLL_FACTOR,PCF_CODE_OF_VIOL,PCF_VIOL_CATEGORY,PCF_VIOLATION,PCF_VIOL_SUBSECTION,HIT_AND_RUN,TYPE_OF_COLLISION,MVIW,PED_ACTION,ROAD_SURFACE,ROAD_COND_1,ROAD_COND_2,LIGHTING,CONTROL_DEVICE,CHP_ROAD_TYPE,PEDESTRIAN_ACCIDENT,BICYCLE_ACCIDENT,MOTORCYCLE_ACCIDENT,TRUCK_ACCIDENT,NOT_PRIVATE_PROPERTY,ALCOHOL_INVOLVED,STWD_VEHTYPE_AT_FAULT,CHP_VEHTYPE_AT_FAULT,COUNT_SEVERE_INJ,COUNT_VISIBLE_INJ,COUNT_COMPLAINT_PAIN,COUNT_PED_KILLED,COUNT_PED_INJURED,COUNT_BICYCLIST_KILLED,COUNT_BICYCLIST_INJURED,COUNT_MC_KILLED,COUNT_MC_INJURED,PRIMARY_RAMP,SECONDARY_RAMP,LATITUDE,LONGITUDE,COUNTY,CITY,POINT_X,POINT_Y
91090546,2019,2019-10-04,9125,2019-09-27,0520,020895,,5,3,9,1200,0,1,3,,1,012,"SR-200 / NORTH BANK RD","BANK RD N",528.00,W,N,B,-,Y,,,200,,,,,,,Y,3,0,1,1,A,-,08,22107,,N,E,I,A,B,H,-,B,D,0,,,,,Y,,D,22,0,1,0,0,0,0,0,0,0,"- ","- ",40.913131713867188,-124.06082153320312,HUMBOLDT,UNINCORPORATED,-124.06085968017578,40.913074493408203
91090737,2019,2019-12-16,9126,2019-09-03,0708,021049,,2,1,9,1200,0,2,4,,1,002,"BRICELAND THORN ROAD","SHELTER COVE ROAD",300.00,S,N,A,-,N,,,,,,,,,,Y,1,1,0,1,A,-,01,23152,A,N,E,I,A,A,H,-,B,D,0,,,,,Y,Y,A,08,0,0,0,0,0,0,0,0,0,"- ","- ",40.062591552734375,-123.96288299560547,HUMBOLDT,UNINCORPORATED,-123.96320343017578,40.062828063964844
91090880,2019,2019-10-04,9125,2019-09-29,0300,020717,,7,3,9,1200,0,1,3,,1,047,"STATE ROUTE 36","J. DWIGHT O'DELL BRIDGE",514.00,E,N,B,-,Y,,,36,,,,,,,Y,3,0,1,1,A,-,01,23152,A,N,E,I,A,A,H,-,D,D,0,,,,,Y,Y,D,22,0,1,0,0,0,0,0,0,0,"- ","- ",40.482288360595703,-123.96253204345703,HUMBOLDT,UNINCORPORATED,-123.96254730224609,40.482273101806641
91091771,2019,2019-10-07,9125,2019-09-28,1607,021844,,6,2,9,1200,0,3,5,,2,002,"WEST END RD","GRAVEL LN",458.00,E,N,A,-,N,,,,,,,,,,Y,3,0,2,3,A,-,05,21650,,N,D,C,A,A,E,-,A,D,0,,,Y,,Y,,-,"- ",0,2,0,0,0,0,0,0,2,"- ","- ",40.900070190429688,-124.04743194580078,HUMBOLDT,UNINCORPORATED,-124.04705810546875,40.902271270751953
91091878,2019,2019-10-07,9125,2019-09-30,2315,020946,,1,3,9,1200,0,1,3,,1,047,SR-36,"RIVERSIDE PARK RD",421.00,E,N,A,-,Y,,,36,,,,,,,Y,3,0,1,1,A,-,08,22107,,N,E,I,A,A,H,-,D,D,0,,,,,Y,,D,22,0,1,0,0,0,0,0,0,0,"- ","- ",40.501209259033203,-123.99015045166016,HUMBOLDT,UNINCORPORATED,-123.99014282226562,40.501220703125
91091914,2019,2019-10-07,9125,2019-09-29,1330,022314,,7,1,9,1200,0,1,3,,1,061,"SR-299 E/B","CHINA GULCH RD",260.00,W,N,B,C,Y,,,299,,,,,,E,Y,4,0,1,1,A,-,08,22107,,N,E,I,A,B,H,-,A,D,0,,,,,Y,,A,01,0,0,1,0,0,0,0,0,0,"- ","- ",40.930038452148438,-123.68771362304688,HUMBOLDT,UNINCORPORATED,-123.68772888183594,40.930076599121094
91092057,2019,2019-10-07,9126,2019-09-25,2158,021929,,3,2,9,1200,0,1,2,,2,022,"US-101 NORTHBOUND","ENGLEWOOD UNDERCROSSING",5808.00,S,N,A,-,Y,,,101,,,,,,N,Y,2,0,1,2,A,-,03,22350,,N,C,C,A,A,H,-,D,D,0,,,Y,,Y,,C,02,1,0,0,0,0,0,0,0,1,"- ","- ",40.382160186767578,-123.92854309082031,HUMBOLDT,UNINCORPORATED,-123.9285888671875,40.382144927978516
91092609,2019,2019-10-08,9125,2019-10-07,1445,021450,,1,2,9,1200,0,3,5,,2,001,"HILLER RD","THIEL AVE",174.00,E,N,A,-,N,,,,,,,,,,N,2,0,1,2,A,-,08,22107,,N,G,B,E,A,H,-,A,D,0,Y,,,,Y,,-,99,1,0,0,0,1,0,0,0,0,"- ","- ",40.941608428955078,-124.11476898193359,HUMBOLDT,UNINCORPORATED,-124.11485290527344,40.941684722900391
91093073,2019,2019-10-08,9125,2019-10-04,1700,021025,,5,2,9,1200,0,1,3,,1,026,SR-255,"NEW NAVY BASE RD",0.00,,Y,A,-,Y,,,255,,,,,,,Y,4,0,1,2,A,-,12,22450,A,M,A,C,A,A,H,-,A,A,0,,,,,Y,,A,07,0,0,1,0,0,0,0,0,0,"- ","- ",40.825801849365234,-124.17656707763672,HUMBOLDT,UNINCORPORATED,-124.176513671875,40.825885772705078
91095510,2019,2019-10-11,9126,2019-10-05,1825,021722,,6,2,9,1200,0,1,3,,1,020,SR-254,"BRIDGE CREEK RD",1056.00,N,N,A,-,Y,,,254,,,,,,,Y,2,0,1,1,A,-,01,23152,A,N,F,A,A,A,H,-,A,D,0,,,Y,,Y,Y,C,02,1,0,0,0,0,0,0,0,1,"- ","- ",40.282901763916016,-123.85990905761719,HUMBOLDT,UNINCORPORATED,-123.85991668701172,40.282974243164062
91096467,2019,2019-10-14,9125,2019-10-04,0057,022095,,5,3,9,1200,0,3,5,,2,002,"CAMPTON ROAD","SCOTT WAY",248.00,W,N,A,-,N,,,,,,,,,,Y,3,0,1,2,A,-,01,23152,A,N,E,E,A,A,H,-,D,D,0,,,,,Y,Y,A,07,0,1,0,0,0,0,0,0,0,"- ","- ",40.758701324462891,-124.14865112304688,HUMBOLDT,UNINCORPORATED,-124.14860534667969,40.758720397949219
91098713,2019,2019-10-16,9126,2019-10-04,2225,021219,,5,3,9,1200,0,2,4,,1,008,"LOCUST STREET","CONGER STREET",270.00,N,N,A,-,N,,,,,,,,,,N,4,0,1,3,A,-,08,22107,,N,C,E,A,A,H,-,C,D,0,,,,,Y,,A,01,0,0,1,0,0,0,0,0,0,"- ","- ",40.102310180664062,-123.79358673095703,HUMBOLDT,UNINCORPORATED,-123.79360198974609,40.102291107177734
91100070,2019,2019-10-17,9125,2019-10-09,1921,022297,,3,2,9,1200,0,1,2,,2,017,"US-101 N/B","LOWELL ST",295.00,S,N,A,-,Y,,,,,,,,,,N,2,0,1,2,A,-,10,21950,A,N,G,B,C,A,H,-,D,D,0,Y,,,,Y,Y,D,22,1,0,0,0,1,0,0,0,0,"- ","- ",40.285739898681641,-124.06059265136719,HUMBOLDT,UNINCORPORATED,-124.06047821044922,41.28582763671875
91101911,2019,2019-10-21,9125,2019-10-18,1224,016714,,5,1,9,1200,0,2,4,,1,010,"CENTRAL AVE. (2200 BLOCK)","RAILROAD DR.",48.00,N,N,A,-,N,,,,,,,,,,N,3,0,1,1,A,-,03,22350,,N,E,I,A,A,H,-,A,D,0,,Y,,,Y,,L,04,0,1,0,0,0,0,1,0,0,"- ","- ",40.9468994140625,-124.10101318359375,HUMBOLDT,UNINCORPORATED,-124.10100555419922,40.946792602539062
91102178,2019,2019-10-21,9125,2019-06-28,2217,020901,,5,3,9,1200,0,2,4,,1,032,"HUMBOLDT HILL ROAD","FISCHER LANE",211.00,N,N,A,-,N,,,,,,,,,,Y,1,1,1,4,A,-,01,23152,A,N,E,I,A,A,H,-,C,D,0,,,,,Y,Y,D,22,0,1,0,0,0,0,0,0,0,"- ","- ",40.7369384765625,-124.20169067382812,HUMBOLDT,UNINCORPORATED,-124.20170593261719,40.736675262451172
91103767,2019,2019-10-23,9126,2019-10-21,1825,021722,,1,2,9,1200,0,1,3,,1,020,"SR 254 (AVENUE OF THE GIANTS)","HODGES LANE",2112.00,N,N,A,-,Y,,,254,,,,R,,,Y,2,0,1,1,A,-,08,22107,,N,F,A,A,A,H,-,B,D,0,,,Y,,Y,,C,02,1,0,0,0,0,0,0,0,1,"- ","- ",40.221950531005859,-123.79319000244141,HUMBOLDT,UNINCORPORATED,-123.79319000244141,40.221950531005859
91107780,2019,2019-10-28,9125,2019-10-17,1233,016577,,4,1,3,1201,0,1,2,,2,022,"US-101 (NB) TO GIUNTOLI LN.","GIUNTOLI LN.",220.00,S,N,B,-,Y,,,101,,,,R,,,Y,4,0,1,2,A,-,03,22350,,N,C,C,A,B,H,-,A,D,0,,,,,Y,,A,01,0,0,1,0,0,0,0,0,0,"- ","- ",40.904178619384766,-124.08535003662109,HUMBOLDT,ARCATA,-124.08535003662109,40.904178619384766
91107808,2019,2019-10-28,9125,2019-10-19,1140,021815,,6,1,9,1200,0,1,3,,1,061,SR-299,"BERG RD",4224.00,E,N,B,-,Y,,,299,,,,,,,Y,4,0,1,1,A,-,08,22107,,N,E,I,A,B,H,-,A,D,0,,,,,Y,,A,01,0,0,1,0,0,0,0,0,0,"- ","- ",40.905269622802734,-123.73848724365234,HUMBOLDT,UNINCORPORATED,-123.73850250244141,40.905323028564453
91107834,2019,2019-10-28,9125,2019-10-19,1057,021815,,6,1,9,1200,0,1,3,,1,061,SR-299,"NEW 3 CREEKS RD",1584.00,E,N,B,-,Y,,,299,,,,,,,Y,2,0,1,1,A,-,08,22107,,N,E,J,A,B,H,-,A,D,0,,,,,Y,,A,01,1,0,0,0,0,0,0,0,0,"- ","- ",40.921661376953125,-123.69593048095703,HUMBOLDT,UNINCORPORATED,-123.69590759277344,40.921520233154297
91110576,2019,2019-10-31,9125,2019-10-22,0200,016577,,2,3,9,1200,0,3,5,,2,001,"MATTOLE RD.","N. FORK RD.",1584.00,N,N,A,-,N,,,,,,,,,,Y,3,0,1,1,A,-,08,22107,,N,E,I,A,A,H,-,D,D,0,,,,,Y,,A,01,0,1,0,0,0,0,0,0,0,"- ","- ",40.329448699951172,-124.30101776123047,HUMBOLDT,UNINCORPORATED,-124.30055999755859,40.328910827636719
91111036,2019,2019-11-05,9125,2019-09-07,0026,021168,,6,3,9,1200,0,1,3,,1,050,SR-96,"MILL ROAD",20.00,N,N,A,-,Y,,,96,,,,,,,N,1,1,0,2,A,-,11,21956,,N,G,B,E,A,H,-,D,D,0,Y,,,,Y,Y,N,60,0,0,0,1,0,0,0,0,0,"- ","- ",41.085689544677734,-123.69785308837891,HUMBOLDT,UNINCORPORATED,-123.69786071777344,41.085681915283203
91111057,2019,2019-10-31,9125,2019-10-29,0700,018958,,2,1,9,1200,0,1,2,,2,022,"SOUTHBOUND US-101","11TH ST. O/C",200.00,S,N,A,-,N,,,,,,,,,,N,3,0,1,2,A,-,11,21956,,N,G,B,E,A,H,-,C,D,0,Y,,,,Y,,N,60,0,1,0,0,1,0,0,0,0,"- ","- ",40.869010925292969,-124.08331298828125,HUMBOLDT,UNINCORPORATED,-124.08319854736328,40.869434356689453
91111302,2019,2019-11-01,9126,2019-10-26,0230,021219,,6,3,9,1200,0,2,4,,1,002,"BRICELAND ROAD","ALAPOK LANE",2112.00,E,N,A,-,N,,,,,,,,,,Y,2,0,2,1,A,-,03,22350,,N,E,I,A,A,H,-,D,D,0,,,,,Y,,D,22,2,0,0,0,0,0,0,0,0,"- ","- ",40.125568389892578,-123.84481048583984,HUMBOLDT,UNINCORPORATED,-123.84546661376953,40.124858856201172
91112423,2019,2019-11-04,9125,2019-10-23,0750,014643,,3,1,9,1200,0,3,5,,2,001,"WINCHESTER AVE","MCKINLEYVILLE AVE",7.00,E,N,E,-,N,,,,,,,,,,N,3,0,1,2,A,-,10,21950,A,F,G,B,B,A,H,-,A,A,0,Y,,,,Y,,A,01,0,1,0,0,1,0,0,0,0,"- ","- ",40.961868286132812,-124.11022186279297,HUMBOLDT,UNINCORPORATED,-124.11028289794922,40.961860656738281
91112825,2019,2019-11-04,9125,2019-10-30,2500,022402,,3,4,9,1200,0,3,5,,2,001,UNKNOWN,"FIELDBROOK ROAD",200.00,S,N,A,-,N,,,,,,,,,,N,3,0,1,1,A,-,03,38305,,N,F,A,A,A,H,-,D,D,0,,,Y,,Y,,C,02,0,1,0,0,0,0,0,0,1,"- ","- ",40.959468841552734,-124.0550537109375,HUMBOLDT,UNINCORPORATED,,
91113036,2019,2019-11-04,9125,2019-11-01,1143,019116,,5,1,9,1200,0,3,5,,2,002,"HARRISON AVENUE","BUHNE  STREET",50.00,S,N,A,-,N,,,,,,,,,,Y,3,0,1,2,A,-,06,21755,,N,B,C,A,A,H,-,A,D,0,,,,,Y,,A,01,0,1,0,0,0,0,0,0,0,"- ","- ",40.785591125488281,-124.13961029052734,HUMBOLDT,UNINCORPORATED,-124.13963317871094,40.785793304443359
91113713,2019,2019-11-05,9125,2019-11-01,1300,020603,,5,1,9,1200,0,1,3,,2,013,SR-299,"CHEZEM RD",1584.00,E,N,A,-,Y,,,299,,,,,,,N,4,0,1,2,A,-,03,22350,,N,C,C,A,A,D,-,A,D,0,,,,,Y,,A,01,0,0,1,0,0,0,0,0,0,"- ","- ",40.905040740966797,-123.81646728515625,HUMBOLDT,UNINCORPORATED,-123.81646728515625,40.905036926269531
91114100,2019,2019-11-06,9125,2019-06-25,0316,022095,,2,3,9,1200,0,3,5,,2,001,"PATRICK'S POINT DRIVE","STAGECOACH ROAD",465.00,S,N,A,-,N,,,,,,,,,,Y,1,3,0,1,A,-,01,23152,G,N,E,I,A,A,H,-,D,D,0,,,,,Y,Y,D,22,0,0,0,0,0,0,0,0,0,"- ","- ",41.089370727539062,-124.15077209472656,HUMBOLDT,UNINCORPORATED,-124.15089416503906,41.089588165283203
91114142,2019,2019-11-05,9125,2019-10-31,1855,021025,,4,2,9,1200,0,2,4,,1,010,"CENTRAL AVE","SUTTER RD",323.00,S,N,A,-,N,,,,,,,,,,N,3,0,1,2,A,-,10,21950,A,N,G,B,C,A,H,-,C,A,0,Y,,,,Y,,A,07,0,1,0,0,1,0,0,0,0,"- ","- ",40.935131072998047,-124.10099792480469,HUMBOLDT,UNINCORPORATED,-124.10092163085938,40.935214996337891
91115130,2019,2019-11-14,9126,2019-09-08,1100,021102,,7,1,9,1200,0,2,4,,1,006,"ALDERPOINT ROAD","STURM ROAD",528.00,S,N,A,-,N,,,,,,,,,,Y,1,1,0,1,A,-,03,22350,,N,E,I,A,A,H,-,A,D,0,,,,Y,Y,Y,F,26,0,0,0,0,0,0,0,0,0,"- ","- ",40.435588836669922,-123.76920318603516,HUMBOLDT,UNINCORPORATED,-123.77359008789062,40.434780120849609
9111540,2020,2020-06-26,1203,2020-03-11,1855,4086,P33,3,5,4,1203,0,0,0,,0,003,WABASH,D,0.00,,Y,A,-,N,,,,,,,,,,N,3,0,2,2,A,-,09,21802,A,N,D,C,A,A,H,-,B,A,0,,,,,Y,,A,01,0,2,0,0,0,0,0,0,0,"- ","- ",,,HUMBOLDT,EUREKA,-124.16570281982422,40.791408538818359
91119003,2019,2019-11-13,9125,2019-11-01,0712,022402,,5,1,9,1200,0,1,2,,2,019,US-101,"MAIN ST",5280.00,N,N,A,-,Y,,,101,,,,,,,Y,3,0,1,1,C,-,18,,,N,E,I,A,A,H,-,B,D,0,,,,,Y,,-,"- ",0,1,0,0,0,0,0,0,0,"- ","- ",41.078090667724609,-124.14322662353516,HUMBOLDT,UNINCORPORATED,-124.14324188232422,41.078086853027344
91119704,2019,2019-11-13,9125,2019-10-31,1430,016577,,4,2,9,1200,0,3,5,,2,004,"255 HIDDEN VALLEY ROAD",SR-36,15840.00,N,N,A,-,N,,,,,,,,,,N,2,0,1,1,B,-,22,,,N,E,I,A,A,B,-,A,D,0,,,Y,,Y,,C,06,1,0,0,0,0,0,0,0,1,"- ","- ",40.460231781005859,-123.67552185058594,HUMBOLDT,UNINCORPORATED,-123.671630859375,40.459552764892578
91120236,2019,2019-11-14,9125,2019-10-25,2029,022154,,5,2,9,1200,0,1,2,,2,044,US-101,"FERNBRIDGE DR",1056.00,N,N,A,-,Y,,,101,,,,,,,Y,3,0,2,3,A,-,01,23152,A,F,D,C,A,A,H,-,D,D,0,,,,,Y,Y,D,22,0,1,1,0,0,0,0,0,0,"- ","- ",40.614521026611328,-124.19471740722656,HUMBOLDT,UNINCORPORATED,-124.19467926025391,40.614593505859375
91120728,2019,2019-11-14,9125,2019-11-08,1725,022154,,5,2,9,1200,0,1,2,,2,022,US-101,"SUNSET AVE",2112.00,N,N,A,-,Y,,,,,,,,,,Y,4,0,1,2,A,-,03,22350,,N,C,C,A,A,H,-,C,D,0,,,,,Y,,A,01,0,0,1,0,0,0,0,0,0,"- ","- ",40.884628295898438,-124.08010101318359,HUMBOLDT,UNINCORPORATED,-124.08055114746094,40.884372711181641
91122390,2019,2019-11-18,9125,2019-11-11,0200,016577,,1,3,9,1200,0,1,2,,2,045,"US-101 (NB)","METROPOLITAN RD.",3168.00,N,N,B,-,Y,,,,,,,,,,Y,3,0,1,1,A,-,08,22107,,N,E,I,A,A,H,-,D,D,0,,,,,Y,,A,07,0,1,0,0,0,0,0,0,0,"- ","- ",40.523521423339844,-124.15071868896484,HUMBOLDT,UNINCORPORATED,-124.15054321289062,40.532611846923828
91122830,2019,2019-11-18,9125,2019-11-12,2000,017031,,2,2,9,1200,0,1,3,,1,065,"STATE ROUTE 96","REISS ROAD",1326.00,W,N,A,-,Y,,,96,,,,,,,Y,3,0,1,1,A,-,08,22107,,N,F,A,A,A,H,-,D,D,0,,,,,Y,Y,A,01,0,1,0,0,0,0,0,0,0,"- ","- ",41.321640014648438,-123.51808929443359,HUMBOLDT,UNINCORPORATED,-123.51799011230469,41.321601867675781
91123011,2019,2019-11-18,9125,2019-11-09,2030,022297,,6,2,9,1200,0,3,5,,2,001,"US-101 S/B FROM PATRICK'S POINT DRIVE","PATRICKS POINT DR",60.00,S,N,A,-,Y,,,101,,,,R,,S,N,2,0,1,1,C,-,18,,,N,H,A,A,A,H,-,D,D,0,,,,,Y,,-,"- ",1,0,0,0,0,0,0,0,0,"- ","- ",41.136329650878906,-124.14714050292969,HUMBOLDT,UNINCORPORATED,-124.14714050292969,41.136329650878906
91124812,2019,2019-11-20,9126,2019-11-14,0845,021219,,4,1,9,1200,0,1,3,,1,020,SR-254,"CATHEY ROAD",1584.00,S,N,A,-,Y,,,,,,,,,,Y,3,0,1,1,A,-,08,22107,,N,E,I,A,A,H,-,A,D,0,,,,,Y,,D,22,0,1,0,0,0,0,0,0,0,"- ","- ",40.2523193359375,-123.82054901123047,HUMBOLDT,UNINCORPORATED,,
91125082,2019,2019-11-20,9125,2019-11-15,1625,021256,,5,2,9,1200,0,2,4,,1,010,"CENTRAL AVE","SCHOOL RD",5.00,N,N,A,-,N,,,,,,,,,,Y,4,0,1,3,A,-,03,22350,,N,C,C,A,A,H,-,A,A,0,,,,,Y,,A,01,0,0,1,0,0,0,0,0,0,"- ","- ",,,HUMBOLDT,UNINCORPORATED,-124.10092163085938,40.934192657470703
91127625,2019,2019-11-22,9126,2019-11-15,0930,021219,,5,1,9,1200,0,2,4,,1,006,"ALDERPOINT ROAD","LITTLE BUCK MOUNTAIN ROAD",2112.00,E,N,E,-,N,,,,,,,,,,Y,3,0,1,2,A,-,05,21650,,N,B,C,A,B,H,-,A,D,0,,,,,Y,,-,"- ",0,1,0,0,0,0,0,0,0,"- ","- ",40.111339569091797,-123.74120330810547,HUMBOLDT,UNINCORPORATED,-123.75243377685547,40.110176086425781
91129911,2019,2019-11-26,9125,2019-11-19,0121,022095,,2,3,9,1200,0,1,2,,1,024,"US-101 SOUTHBOUND","5151 N. US-101 (CA REDWOOD COMPANY)",0.00,,Y,C,-,Y,,,101,,,,,,S,N,2,0,1,2,A,-,11,21954,A,N,G,B,D,B,H,-,D,D,0,Y,,,,Y,,N,60,1,0,0,0,1,0,0,0,0,"- ","- ",40.813720703125,-124.10668182373047,HUMBOLDT,UNINCORPORATED,-124.106689453125,40.813735961914062
91129982,2019,2019-11-26,9125,2019-11-19,1520,018064,,2,2,9,1200,0,3,5,,2,004,"MATTOLE ROAD","PRESCOTT DRIVE",8976.00,N,N,B,G,N,,,,,,,,,,N,2,0,1,1,A,-,08,22107,,N,F,A,A,A,H,-,A,D,0,,,Y,,Y,,C,02,1,0,0,0,0,0,0,0,1,"- ","- ",40.284671783447266,-124.21518707275391,HUMBOLDT,UNINCORPORATED,-124.36547088623047,40.479179382324219
91130753,2019,2019-11-27,9126,2019-11-22,1745,021827,,5,2,9,1200,0,2,4,,1,002,"BRICELAND ROAD","MARION LN",5280.00,W,N,A,-,N,,,,,,,,,,Y,3,0,1,2,A,-,05,21650,,N,D,C,A,A,H,-,D,D,0,,,,,Y,,A,07,0,1,0,0,0,0,0,0,0,"- ","- ",40.088138580322266,-123.93498992919922,HUMBOLDT,UNINCORPORATED,-123.93508911132812,40.088119506835938
91131417,2019,2019-11-27,9126,2019-11-23,0815,021846,,6,1,9,1200,0,1,2,,2,044,"US-101 N/B","HOOKER CREEK RD",7920.00,S,N,A,-,Y,,,101,,,,,,N,Y,3,0,1,1,A,-,08,22107,,N,E,I,A,A,H,-,A,D,0,,,,,Y,,A,01,0,1,0,0,0,0,0,0,0,"- ","- ",40.161159515380859,-123.79002380371094,HUMBOLDT,UNINCORPORATED,-123.79004669189453,40.161205291748047
91132798,2019,2019-12-02,9125,2019-11-21,2208,020748,,4,3,9,1200,0,1,3,,1,026,SR-255,"VANCE AVE",500.00,N,N,A,-,Y,,,255,,,,,,,Y,4,0,1,1,A,-,08,22107,,N,F,A,A,A,H,-,D,D,0,,,,,Y,,A,01,0,0,1,0,0,0,0,0,0,"- ","- ",40.834728240966797,-124.17160797119141,HUMBOLDT,UNINCORPORATED,-124.17172241210938,40.834785461425781
91133136,2019,2019-12-02,9126,2019-11-20,0220,021507,,3,3,9,1200,0,1,2,,1,066,"US-101 SOUTHBOUND","BENBOW DRIVE",1056.00,N,N,A,-,Y,,,101,,,,,,S,Y,4,0,2,1,A,-,03,22350,,N,H,H,A,A,H,-,D,D,0,,,,,Y,,A,01,0,0,2,0,0,0,0,0,0,"- ","- ",40.072708129882812,-123.79096221923828,HUMBOLDT,UNINCORPORATED,-123.79103088378906,40.07269287109375
91134302,2019,2019-12-03,9125,2019-11-26,1743,018064,,2,2,9,1200,0,1,2,,2,030,"US-101 N/B (REDWOOD HIGHWAY)","KING SALMON AVE",1056.00,S,N,C,G,Y,,,101,,,,,,N,Y,2,0,2,2,A,-,03,22350,,N,E,I,A,B,C,-,E,D,0,,,,,Y,,A,01,2,0,0,0,0,0,0,0,0,"- ","- ",40.730560302734375,-124.21433258056641,HUMBOLDT,UNINCORPORATED,-124.21432495117188,40.730560302734375
91134414,2019,2019-12-03,9125,2019-11-26,1326,021815,,2,1,9,1200,0,1,3,,1,061,SR-299,"CEDAR CREEK RD",600.00,W,N,D,-,Y,,,299,,,,,,,Y,3,0,2,1,A,-,08,22107,,N,F,I,A,C,H,-,A,D,0,,,,,Y,,A,07,0,2,0,0,0,0,0,0,0,"- ","- ",40.906841278076172,-123.75434875488281,HUMBOLDT,UNINCORPORATED,-123.7542724609375,40.906997680664062
91136182,2019,2019-12-04,9125,2019-11-19,1800,018064,,2,2,9,1200,0,1,3,,1,047,SR-36,"SWIMMERS DELIGHT ROAD",528.00,E,N,B,G,Y,,,36,,,,,,,Y,2,0,1,1,A,-,01,23152,A,N,E,I,A,A,H,-,D,D,0,,,,,Y,Y,A,07,1,0,0,0,0,0,0,0,0,"- ","- ",40.485980987548828,-123.96637725830078,HUMBOLDT,UNINCORPORATED,-123.96632385253906,40.486042022705078
91137978,2019,2019-12-06,9125,2019-11-21,0817,019116,,4,1,9,1200,0,2,4,,1,020,"MYRTLE AVENUE","HALL AVENUE",0.00,,Y,B,-,N,,,,,,,,,,Y,3,0,1,3,A,-,09,21801,A,N,A,C,A,A,H,-,A,D,0,,,,,Y,Y,A,07,0,1,0,0,0,0,0,0,0,"- ","- ",40.783321380615234,-124.12555694580078,HUMBOLDT,UNINCORPORATED,-124.12552642822266,40.783348083496094
91137987,2019,2019-12-06,9125,2019-11-22,1510,022284,,5,2,9,1200,0,1,2,,2,045,"US-101 N/B","DAVIS ST",1056.00,N,N,A,-,Y,,,,,,,,,,Y,3,0,1,1,A,-,01,23152,A,N,F,I,A,A,H,-,A,D,0,,,,,Y,Y,D,22,0,1,0,0,0,0,0,0,0,"- ","- ",40.500679016113281,-124.09937286376953,HUMBOLDT,UNINCORPORATED,-124.09988403320312,40.502017974853516
91137997,2019,2019-12-06,9125,2019-11-27,2025,021688,,3,2,9,1200,0,1,3,,1,047,"STATE ROUTE 36","VAN DUZEN STREET",10.00,E,N,B,-,Y,,,36,,,,,,,Y,3,0,2,2,A,-,05,21460,A,N,B,C,A,B,H,-,D,D,0,,,,,Y,,D,22,0,1,1,0,0,0,0,0,0,"- ","- ",40.548599243164062,-124.14119720458984,HUMBOLDT,UNINCORPORATED,-124.14119720458984,40.548568725585938
91138107,2019,2019-12-06,9125,2019-11-29,1258,016714,,5,1,9,1200,0,1,3,,2,013,"SR-299 E/B","ESSEX LN.",528.00,E,N,A,-,Y,,,299,,,,,,E,Y,4,0,1,1,A,-,08,22107,,N,F,I,A,B,H,-,A,D,0,,,,,Y,,A,01,0,0,1,0,0,0,0,0,0,"- ","- ",40.90673828125,-124.03343963623047,HUMBOLDT,UNINCORPORATED,-124.03343200683594,40.906795501708984
9113966,2020,2020-08-20,1203,2020-06-10,1034,4044,P25,3,5,4,1203,0,0,0,,0,003,"I ST","8TH ST",0.00,,Y,A,-,N,,,,,,,,,,Y,2,0,2,2,A,-,00,21082,A,N,D,C,A,A,H,-,A,D,0,,,,,Y,,A,07,1,1,0,0,0,0,0,0,0,"- ","- ",40.799678802490234,-124.16335296630859,HUMBOLDT,EUREKA,-124.16211700439453,40.799938201904297
91139724,2019,2020-01-07,9125,2019-11-30,1630,021559,,6,2,9,1200,0,2,4,,1,046,"ROHNERVILLE RD","PUDDIN LN",150.00,S,N,C,-,N,,,,,,,,,,Y,2,0,3,2,A,-,01,23152,A,N,A,C,A,B,H,-,A,D,0,,,,,Y,Y,A,01,2,1,0,0,0,0,0,0,0,"- ","- ",40.556770324707031,-124.10536193847656,HUMBOLDT,UNINCORPORATED,-124.10679626464844,40.556663513183594