CASE_ID,ACCIDENT_YEAR,PROC_DATE,JURIS,COLLISION_DATE,COLLISION_TIME,OFFICER_ID,REPORTING_DISTRICT,DAY_OF_WEEK,CHP_SHIFT,POPULATION,CNTY_CITY_LOC,SPECIAL_COND,BEAT_TYPE,CHP_BEAT_TYPE,CITY_DIVISION_LAPD,CHP_BEAT_CLASS,BEAT_NUMBER,PRIMARY_RD,SECONDARY_RD,DISTANCE,DIRECTION,INTERSECTION,WEATHER_1,WEATHER_2,STATE_HWY_IND,CALTRANS_COUNTY,CALTRANS_DISTRICT,STATE_ROUTE,ROUTE_SUFFIX,POSTMILE_PREFIX,POSTMILE,LOCATION_TYPE,RAMP_INTERSECTION,SIDE_OF_HWY,TOW_AWAY,COLLISION_SEVERITY,NUMBER_KILLED,NUMBER_INJURED,PARTY_COUNT,PRIMARY_COLL_FACTOR,PCF_CODE_OF_VIOL,PCF_VIOL_CATEGORY,PCF_VIOLATION,PCF_VIOL_SUBSECTION,HIT_AND_RUN,TYPE_OF_COLLISION,MVIW,PED_ACTION,ROAD_SURFACE,ROAD_COND_1,ROAD_COND_2,LIGHTING,CONTROL_DEVICE,CHP_ROAD_TYPE,PEDESTRIAN_ACCIDENT,BICYCLE_ACCIDENT,MOTORCYCLE_ACCIDENT,TRUCK_ACCIDENT,NOT_PRIVATE_PROPERTY,ALCOHOL_INVOLVED,STWD_VEHTYPE_AT_FAULT,CHP_VEHTYPE_AT_FAULT,COUNT_SEVERE_INJ,COUNT_VISIBLE_INJ,COUNT_COMPLAINT_PAIN,COUNT_PED_KILLED,COUNT_PED_INJURED,COUNT_BICYCLIST_KILLED,COUNT_BICYCLIST_INJURED,COUNT_MC_KILLED,COUNT_MC_INJURED,PRIMARY_RAMP,SECONDARY_RAMP,LATITUDE,LONGITUDE,COUNTY,CITY,POINT_X,POINT_Y
91211885,2020,2020-03-19,9126,2020-03-10,1740,022460,,2,2,9,1200,0,2,4,,1,002,"BRICELAND THORNE ROAD","EEL RIVER LANE",2112.00,W,N,B,-,N,,,,,,,,,,Y,3,0,1,1,A,-,08,22107,,N,E,I,A,A,H,-,A,D,0,,,,,Y,,A,01,0,1,0,0,0,0,0,0,0,"- ","- ",40.122798919677734,-123.84191131591797,HUMBOLDT,UNINCORPORATED,-123.84159200000001,40.122231999999997
9121222,2020,2020-09-04,1203,2020-06-09,1611,4105,P18,2,5,4,1203,0,0,0,,0,001,MYRTLE,"7TH ST",0.00,,Y,A,-,N,,,,,,,,,,N,2,0,1,2,A,-,08,22107,,N,H,G,A,A,H,-,A,D,0,,Y,,,Y,,L,04,1,0,0,0,0,0,1,0,0,"- ","- ",40.802169799804688,-124.15158081054688,HUMBOLDT,EUREKA,-124.15196228027344,40.802349090576172
91212493,2020,2020-03-20,9125,2020-03-17,1955,019243,,2,2,9,1200,0,2,4,,1,011,"FIELDBROOK RD","LYMAN RD",528.00,S,N,B,C,N,,,,,,,,,,Y,2,0,1,1,A,-,01,23152,,N,E,I,A,B,H,-,D,D,0,,,Y,,Y,Y,C,02,1,0,0,0,0,0,0,0,1,"- ","- ",40.919750213623047,-124.02178192138672,HUMBOLDT,UNINCORPORATED,-124.02176666259766,40.920345306396484
91212671,2020,2020-03-20,9125,2020-03-14,1025,016577,,6,1,9,1200,0,1,2,,2,044,"US-101 (SB)","FERNBRIDGE DR",528.00,N,N,C,F,Y,,,101,,,,,,,Y,4,0,1,2,A,-,03,22350,,N,C,C,A,C,H,-,A,D,0,,,,,Y,,A,01,0,0,1,0,0,0,0,0,0,"- ","- ",40.613311767578125,-124.1923828125,HUMBOLDT,UNINCORPORATED,-124.19236755371094,40.613323211669922
91213533,2020,2020-03-23,9125,2020-03-13,1725,022095,,5,2,9,1200,0,1,2,,2,030,"US-101 NORTHBOUND","TOMPKINS HILL O/C",500.00,N,N,A,-,Y,,,101,,,,,,N,Y,3,0,1,1,A,-,08,22107,,N,E,I,A,A,H,-,A,D,0,,,,,Y,,A,01,0,1,0,0,0,0,0,0,0,"- ","- ",40.709121704101562,-124.21063995361328,HUMBOLDT,UNINCORPORATED,-124.21073913574219,40.709049224853516
91213876,2020,2020-03-23,9126,2020-03-11,0545,022033,,3,3,9,1200,0,1,2,,2,044,"US-101 SOUTHBOUND","HURLBUTT UNDERCROSSING",110.00,N,N,B,-,Y,,,101,,,,,,S,Y,4,0,1,1,A,-,08,22107,,N,E,I,A,A,H,-,D,D,0,,,,,Y,,D,22,0,0,1,0,0,0,0,0,0,"- ","- ",40.165958404541016,-123.78411102294922,HUMBOLDT,UNINCORPORATED,-123.78409576416016,40.165943145751953
91214316,2020,2020-03-23,9125,2020-03-18,0015,021688,,3,3,9,1200,0,2,4,,1,023,"WALNUT DRIVE","CYPRESS AVENUE",36.00,S,N,B,C,N,,,,,,,,,,Y,3,0,1,2,A,-,01,23152,A,N,E,I,A,B,H,-,C,D,0,,,,,Y,Y,A,01,0,1,0,0,0,0,0,0,0,"- ","- ",40.765800476074219,-124.14309692382812,HUMBOLDT,UNINCORPORATED,-124.14318084716797,40.765834808349609
91214656,2020,2020-03-24,9125,2020-03-14,1500,022095,,6,2,9,1200,0,1,2,,2,019,"US-101 SOUTHBOUND FROM CENTRAL AVENUE","MAD RIVER BRIDGE",560.00,N,N,C,F,Y,,,101,,,,R,,S,Y,3,0,1,1,A,-,03,22350,,N,F,A,A,B,H,-,A,D,0,,,Y,,Y,,C,02,0,1,0,0,0,0,0,0,1,"- ","- ",40.919021606445312,-124.09525299072266,HUMBOLDT,UNINCORPORATED,-124.09525299072266,40.919021606445312
91215552,2020,2020-03-25,9125,2020-03-17,2039,021450,,2,2,9,1200,0,3,5,,2,004,"DRAKE HILL RD","TAYLOR LN",5.00,W,N,C,-,N,,,,,,,,,,Y,3,0,2,1,A,-,03,22350,,N,E,I,A,B,H,-,D,D,0,,,,,Y,,A,07,0,2,0,0,0,0,0,0,0,"- ","- ",40.564708709716797,-124.14182281494141,HUMBOLDT,UNINCORPORATED,-124.14161682128906,40.564785003662109
91217858,2020,2020-03-27,9126,2020-03-25,1340,022466,,3,1,9,1200,0,3,5,,2,222,"MATTOLE ROAD",SR-254,11616.00,W,N,C,-,N,,,,,,,,,,Y,3,0,1,1,A,-,08,22107,,N,E,I,A,B,H,-,A,D,0,,,,,Y,,D,22,0,1,0,0,0,0,0,0,0,"- ","- ",40.349140167236328,-123.95867156982422,HUMBOLDT,UNINCORPORATED,,
91219524,2020,2020-04-01,9125,2020-03-30,0210,021844,,1,3,9,1200,0,2,4,,1,020,"OLD ARCATA RD","STEPHENS LN",560.00,S,N,B,C,N,,,,,,,,,,Y,3,0,1,1,A,-,08,22107,,N,E,I,A,B,H,-,D,D,0,,,,,Y,,A,08,0,1,0,0,0,0,0,0,0,"- ","- ",40.828098297119141,-124.07613372802734,HUMBOLDT,UNINCORPORATED,-124.07601928710938,40.828079223632812
9121968,2020,2020-09-16,1203,2020-07-04,1811,4086,P23,6,5,4,1203,0,0,0,,0,001,CALIFORNIA,"W WASHINGTON",41.00,N,N,A,-,N,,,,,,,,,,Y,3,0,1,2,A,-,08,22107,,N,C,E,A,A,H,-,A,A,0,,,,,Y,,D,22,0,1,0,0,0,0,0,0,0,"- ","- ",,,HUMBOLDT,EUREKA,-124.17182922363281,40.798351287841797
91220010,2020,2020-04-02,9125,2020-03-27,1305,018958,,5,1,9,1200,0,1,2,,2,018,US-101,"PATRICKS POINT DR.",6336.00,N,N,A,-,N,,,101,,,,,,,Y,2,0,1,2,A,-,08,22107,,N,E,I,A,A,H,-,A,D,0,,,,,Y,,A,01,1,0,0,0,0,0,0,0,0,"- ","- ",41.151329040527344,-124.13435363769531,HUMBOLDT,UNINCORPORATED,-124.13439178466797,41.151371002197266
91220802,2020,2020-04-06,9125,2020-03-31,1845,022297,,2,2,9,1200,0,3,5,,2,005,SR-169,"CAPPELL RD",6072.00,W,N,A,-,Y,,,169,,,,,,,Y,3,0,1,1,A,-,08,22107,,N,F,I,A,A,H,-,A,D,0,,,,,Y,Y,D,22,0,1,0,0,0,0,0,0,0,"- ","- ",41.235420227050781,-123.76992797851562,HUMBOLDT,UNINCORPORATED,-123.76997375488281,41.235435485839844
91220826,2020,2020-04-06,9125,2020-03-30,1723,021450,,1,2,9,1200,0,1,3,,1,047,SR-36,"KELLER RD",20064.00,E,N,C,-,Y,,,36,,,,,,,Y,3,0,1,1,A,-,08,22107,,N,E,I,A,B,H,-,A,D,0,,,,,Y,,D,22,0,1,0,0,0,0,0,0,0,"- ","- ",40.487060546875,-123.90535736083984,HUMBOLDT,UNINCORPORATED,-123.90533447265625,40.487194061279297
91222594,2020,2020-04-07,9125,2020-03-18,2240,021313,,3,3,9,1200,0,3,5,,2,005,"BIG HILL RD","MARSHALL LN",85.00,W,N,A,-,N,,,,,,,,,,Y,4,0,2,1,A,-,01,23152,A,N,E,I,A,A,H,-,D,D,0,,,,,Y,Y,A,01,0,0,2,0,0,0,0,0,0,"- ","- ",41.083530426025391,-123.69255065917969,HUMBOLDT,UNINCORPORATED,-123.69248199462891,41.083480834960938
91222837,2020,2020-04-08,9125,2020-03-27,1330,016241,,5,1,9,1200,0,1,3,,1,047,SR-36,"ALDERPOINT ROAD",1584.00,E,N,B,-,Y,,,36,,,,,,,Y,3,0,1,1,A,-,01,23152,A,N,F,A,A,A,H,-,A,D,0,,,,,Y,Y,D,22,0,1,0,0,0,0,0,0,0,"- ","- ",40.470359802246094,-123.79489135742188,HUMBOLDT,UNINCORPORATED,-123.79496002197266,40.470394134521484
91224216,2020,2020-04-10,9125,2020-04-08,2145,020946,,3,2,9,1200,0,2,4,,1,011,"FIELDBROOK ROAD","OLD RAILROAD GRADE RD",187.00,E,N,A,-,N,,,,,,,,,,Y,2,0,1,1,A,-,01,23152,A,N,E,I,A,A,H,-,D,D,0,,,,,Y,Y,A,01,1,0,0,0,0,0,0,0,0,"- ","- ",40.970230102539062,-124.03852081298828,HUMBOLDT,UNINCORPORATED,-124.03857600000001,40.970154000000001
91224305,2020,2020-04-13,9125,2020-04-02,1600,022095,,4,2,9,1200,0,1,2,,2,045,"US-101 NORTHBOUND","WILDWOOD AVENUE",1056.00,N,N,A,-,Y,,,,,,,,,,Y,3,0,3,1,A,-,08,22107,,N,E,I,A,A,H,-,A,D,0,,,,,Y,,D,22,0,3,0,0,0,0,0,0,0,"- ","- ",40.507541656494141,-124.11724090576172,HUMBOLDT,UNINCORPORATED,,
91225059,2020,2020-04-13,9126,2020-04-08,1820,022466,,3,2,9,1200,0,1,3,,1,020,"SR-254 (AVENUE OF THE GIANTS)","HIGH ROCK ROAD",1584.00,S,N,A,-,Y,,,254,,,,R,,,Y,4,0,1,1,A,-,08,22107,,N,E,I,A,A,H,-,A,D,0,,,,,Y,,A,01,0,0,1,0,0,0,0,0,0,"- ","- ",40.370750427246094,-123.92523193359375,HUMBOLDT,UNINCORPORATED,-123.92523193359375,40.370750427246094
91225677,2020,2020-04-15,9125,2020-04-04,1755,020895,,6,2,9,1200,0,1,2,,2,030,"US-101 N/B","KING SALMON AVE",1109.00,S,N,B,-,Y,,,101,,,,,,N,Y,3,0,2,1,A,-,01,23152,A,N,E,I,A,B,H,-,A,D,0,,,,,Y,Y,A,08,0,2,0,0,0,0,0,0,0,"- ","- ",40.734458923339844,-124.21166229248047,HUMBOLDT,UNINCORPORATED,-124.21181488037109,40.734615325927734
91226086,2020,2020-04-15,9125,2020-04-07,1905,019243,,2,2,9,1200,0,2,4,,1,010,"CENTRAL AVE","SCHOOL RD",0.00,,Y,B,-,N,,,,,,,,,,Y,4,0,1,2,A,-,12,21453,A,N,D,C,A,A,H,-,A,A,0,,,,,Y,,A,01,0,0,1,0,0,0,0,0,0,"- ","- ",40.934238433837891,-124.1009521484375,HUMBOLDT,UNINCORPORATED,-124.10092163085938,40.934181213378906
91227439,2020,2020-04-20,9125,2020-04-15,1058,021815,,3,1,9,1200,0,1,3,,1,061,SR-299,"ROY LN",365.00,E,N,A,-,Y,,,299,,,,,,,Y,2,0,1,3,A,-,03,22350,,N,C,C,A,A,H,-,A,D,0,,,,,Y,,A,01,1,0,0,0,0,0,0,0,0,"- ","- ",40.911540985107422,-123.61669158935547,HUMBOLDT,UNINCORPORATED,-123.61687469482422,40.911491394042969
91228800,2020,2020-04-23,9125,2020-04-17,1240,020717,,5,1,9,1200,0,1,2,,2,022,"US-101 N/B TO SR-299 E/B","NORTHBOUND US-101",60.00,E,N,B,-,Y,,,,,,,,,,Y,3,0,1,1,A,-,03,22350,,N,E,I,A,A,H,-,A,A,0,,,,,Y,,A,01,0,1,0,0,0,0,0,0,0,"- ","- ",40.897018432617188,-124.08287048339844,HUMBOLDT,UNINCORPORATED,-124.19053649902344,40.762115478515625
91229526,2020,2020-04-27,9125,2020-04-19,1535,022095,,7,2,9,1200,0,1,2,,2,018,"US-101 S/B","MAIN STREET",840.00,N,N,A,-,Y,,,101,,,,,,S,Y,2,0,2,2,C,-,18,,,N,E,I,A,A,H,-,A,D,0,,,,,Y,,-,"- ",1,1,0,0,0,0,0,0,0,"- ","- ",41.060909271240234,-124.13690185546875,HUMBOLDT,UNINCORPORATED,-124.13691711425781,41.060871124267578
91230188,2020,2020-04-27,9126,2020-04-22,1838,021724,,3,2,9,1200,0,1,2,,2,044,"US-101 S/B","HOOKER CREEK ROAD",1360.00,S,N,A,-,Y,,,101,,,,,,S,Y,3,0,1,1,A,-,08,22107,,N,E,I,A,A,H,-,A,D,0,,,,,Y,,D,22,0,1,0,0,0,0,0,0,0,"- ","- ",40.176380157470703,-123.78143310546875,HUMBOLDT,UNINCORPORATED,-123.78137969970703,40.176376342773438
91230632,2020,2020-04-29,9125,2020-04-19,1930,022314,,7,2,9,1200,0,3,5,,2,003,"PURDUE DR","SOUTH BROADWAY STREET",40.00,S,N,B,-,N,,,,,,,,,,Y,3,0,1,1,A,-,01,23152,A,F,E,I,A,A,H,-,B,D,0,,,,,Y,Y,A,01,0,1,0,0,0,0,0,0,0,"- ","- ",40.737468719482422,-124.20716857910156,HUMBOLDT,UNINCORPORATED,-124.20712280273438,40.737384796142578
91230822,2020,2020-04-29,9125,2020-04-19,1056,016714,,7,1,9,1200,0,2,4,,1,010,"CENTRAL AVE. (1900 BLOCK)","HOLLY DR.",96.00,S,N,A,-,N,,,,,,,,,,Y,4,0,1,2,A,-,07,21658,A,N,B,C,A,A,H,-,A,D,0,,,,,Y,,J,48,0,0,1,0,0,0,0,0,0,"- ","- ",40.940319061279297,-124.10090637207031,HUMBOLDT,UNINCORPORATED,-124.10095977783203,40.940376281738281
91232647,2020,2020-05-01,9125,2020-04-28,1500,019243,,2,2,9,1200,0,1,2,,2,018,"N/B US-101","6TH AVE",2640.00,N,N,B,-,Y,,,101,,,,,,,Y,3,0,1,1,C,-,18,,,N,E,I,A,A,H,-,A,D,0,,,,,Y,,-,"- ",0,1,0,0,0,0,0,0,0,"- ","- ",41.043018341064453,-124.11557769775391,HUMBOLDT,UNINCORPORATED,-124.11566925048828,41.042972564697266
91232955,2020,2020-05-04,9125,2020-04-24,1805,022095,,5,2,9,1200,0,1,3,,2,013,"SR-299 E/B",US-101,750.00,E,N,A,-,Y,,,,,,,,,,Y,4,0,1,2,A,-,01,23152,A,N,D,C,A,A,H,-,A,D,0,,,,,Y,Y,D,22,0,0,1,0,0,0,0,0,0,"- ","- ",40.898490905761719,-124.08096313476562,HUMBOLDT,UNINCORPORATED,,
91234082,2020,2020-05-05,9125,2020-04-26,1740,022095,,7,2,9,1200,0,2,4,,1,020,"MYRTLE AVENUE","PARK STREET",100.00,E,N,A,-,N,,,,,,,,,,N,4,0,1,2,A,-,03,22350,,N,C,C,A,A,H,-,A,D,0,,,,,Y,,A,01,0,0,1,0,0,0,0,0,0,"- ","- ",40.794448852539062,-124.13622283935547,HUMBOLDT,UNINCORPORATED,-124.13636016845703,40.794849395751953
91234789,2020,2020-05-07,9126,2020-04-30,1505,022033,,4,2,9,1200,0,1,2,,2,044,"US-101 NORTHBOUND","SALMON CREEK ROAD",6336.00,N,N,A,-,Y,,,101,,,,,,N,Y,4,0,1,2,A,-,03,22350,,N,C,C,A,A,H,-,A,D,0,,,,,Y,,A,07,0,0,1,0,0,0,0,0,0,"- ","- ",40.262920379638672,-123.84716796875,HUMBOLDT,UNINCORPORATED,-123.84712219238281,40.262935638427734
91236144,2020,2020-05-11,9125,2020-02-03,1250,019116,,1,1,9,1200,0,3,5,,2,003,"HOME DRIVE","WALNUT DRIVE",213.00,E,N,A,-,N,,,,,,,,,,N,1,1,0,2,D,-,00,,,N,G,B,F,A,G,-,A,D,0,Y,,,,Y,,-,"- ",0,0,0,1,0,0,0,0,0,"- ","- ",40.740699768066406,-124.14665222167969,HUMBOLDT,UNINCORPORATED,-124.14669799804688,40.740638732910156
91237058,2020,2020-05-13,9125,2020-05-03,0125,021812,,7,3,9,1200,0,1,2,,2,030,"US-101 S/B TO TOMPKINS HILL ROAD","THOMPKINS HILL ROAD",310.00,W,N,B,-,Y,,,101,,,,R,,S,Y,3,0,1,1,A,-,01,23152,A,M,E,I,A,B,H,-,D,D,0,,,,,Y,Y,A,01,0,1,0,0,0,0,0,0,0,"- ","- ",40.705020904541016,-124.20844268798828,HUMBOLDT,UNINCORPORATED,-124.20844268798828,40.705020904541016
91237206,2020,2020-05-13,9125,2020-05-01,1635,021559,,5,2,9,1200,0,1,3,,1,047,"SR-36 W/B","CHURCH LANE",10032.00,W,N,A,-,Y,,,36,,,,,,W,Y,2,0,1,1,A,-,08,22107,,N,E,I,A,A,H,-,A,D,0,,,,,Y,,A,07,1,0,0,0,0,0,0,0,0,"- ","- ",40.486610412597656,-123.90396881103516,HUMBOLDT,UNINCORPORATED,-123.90392303466797,40.486740112304688
91237502,2020,2020-05-14,9125,2020-05-05,2254,020946,,2,3,9,1200,0,3,5,,2,002,"LARSON HEIGHTS RD","GLENDALE RD",0.00,,Y,A,-,N,,,,,,,,,,N,4,0,1,1,A,-,01,23152,A,M,E,I,A,A,H,-,C,D,0,,,,,Y,Y,A,01,0,0,1,0,0,0,0,0,0,"- ","- ",40.901950836181641,-124.02423858642578,HUMBOLDT,UNINCORPORATED,-124.02413177490234,40.902000427246094
91237503,2020,2020-05-14,9125,2020-05-05,2255,020946,,2,3,9,1200,0,3,5,,2,002,"LARSON HEIGHTS RD","GLENDALE DR",40.00,E,N,A,-,N,,,,,,,,,,N,4,0,1,1,A,-,01,23152,A,M,E,I,A,A,H,-,C,D,0,,,,,Y,Y,A,01,0,0,1,0,0,0,0,0,0,"- ","- ",40.902061462402344,-124.0240478515625,HUMBOLDT,UNINCORPORATED,-124.02398681640625,40.902015686035156
91237677,2020,2020-05-14,9126,2020-05-13,1202,021846,,3,1,9,1200,0,2,4,,1,008,"EMPIRE AVENUE","REDWAY DRIVE",0.00,,Y,B,C,N,,,,,,,,,,N,4,0,2,2,A,-,09,21802,A,N,D,C,A,B,H,-,A,A,0,,,,,Y,,A,07,0,0,2,0,0,0,0,0,0,"- ","- ",40.116939544677734,-123.82086181640625,HUMBOLDT,UNINCORPORATED,-123.82079315185547,40.116870880126953
91240690,2020,2020-05-21,9125,2020-05-13,0057,021919,,3,3,9,1200,0,1,2,,2,030,"US-101 NORTHBOUND","TOMPKINS HILL RD",2112.00,N,N,A,-,Y,,,101,,,,,,N,Y,3,0,1,2,A,-,03,22350,,N,G,C,A,A,H,-,D,D,0,,,,,Y,,A,01,0,1,0,0,0,0,0,0,0,"- ","- ",40.713531494140625,-124.21408843994141,HUMBOLDT,UNINCORPORATED,-124.21411895751953,40.713504791259766
91240990,2020,2020-05-21,9125,2020-05-16,1530,021559,,6,2,9,1200,0,1,2,,2,044,"US-101 N/B TO FERNBRIDGE DRIVE","FINCH CREEK ROAD",345.00,S,N,C,-,Y,,,101,,,,R,,N,Y,4,0,1,1,A,-,03,22350,,N,F,A,A,B,H,-,A,D,0,,,Y,,Y,,C,02,0,0,1,0,0,0,0,0,1,"- ","- ",40.611129760742188,-124.18959808349609,HUMBOLDT,UNINCORPORATED,-124.18959808349609,40.611129760742188
91241545,2020,2020-05-22,9126,2020-05-12,1550,022516,,2,2,9,1200,0,1,2,,2,044,"US-101 N/B","FRENCH ROAD",2270.00,N,N,B,-,Y,,,101,,,,,,N,Y,3,0,1,1,A,-,01,23152,A,N,E,I,A,B,H,-,A,D,0,,,,,Y,Y,D,22,0,1,0,0,0,0,0,0,0,"- ","- ",40.222301483154297,-123.82489776611328,HUMBOLDT,UNINCORPORATED,-123.82508087158203,40.222126007080078
91241625,2020,2020-05-25,9125,2020-05-13,2225,021688,,3,3,9,1200,0,1,3,,1,061,"STATE ROUTE 299","CEDAR CREEK RD",2035.00,W,N,B,-,Y,,,299,,,,,,,Y,3,0,1,1,A,-,08,22107,,N,E,I,A,B,H,-,D,D,0,,,,,Y,,-,98,0,1,0,0,0,0,0,0,0,"- ","- ",40.904788970947266,-123.75772857666016,HUMBOLDT,UNINCORPORATED,-123.75780487060547,40.904899597167969
91242736,2020,2020-05-27,9125,2020-05-25,1000,016714,,1,1,9,1200,0,1,3,,2,013,"SR-299 (TRINITY HIGHWAY)","BLUE LAKE BLVD.",1056.00,E,N,A,-,Y,,,299,,,,,,,Y,3,0,2,1,A,-,01,23152,F,N,E,I,A,A,H,-,A,D,0,,,,,Y,,A,01,0,1,1,0,0,0,0,0,0,"- ","- ",40.887218475341797,-123.992919921875,HUMBOLDT,UNINCORPORATED,-123.99291229248047,40.887248992919922
91242860,2020,2020-05-27,9125,2020-05-16,1537,021450,,6,2,9,1200,0,1,2,,2,045,"US-101 N/B","METROPOLITAN HTS RD",215.00,N,N,C,-,Y,,,101,,,,,,N,Y,3,0,1,2,A,-,09,21802,A,N,C,C,A,B,H,-,A,D,0,,,,,Y,,D,22,0,1,0,0,0,0,0,0,0,"- ","- ",40.519851684570312,-124.14356994628906,HUMBOLDT,UNINCORPORATED,-124.14357757568359,40.51983642578125
91243049,2020,2020-05-27,9125,2020-05-23,2103,021450,,6,2,9,1200,0,3,5,,2,003,"BUHNE DR","HERRING ST",30.00,S,N,B,-,N,,,,,,,,,,N,3,0,1,1,A,-,08,22107,,N,E,I,A,A,H,-,B,D,0,,,Y,,Y,,C,02,0,1,0,0,0,0,0,0,1,"- ","- ",40.740951538085938,-124.21734619140625,HUMBOLDT,UNINCORPORATED,-124.21724700927734,40.740962982177734
91243357,2020,2020-05-27,9126,2020-05-18,1027,022460,,1,1,9,1200,0,1,2,,2,022,"US-101 SOUTHBOUND","BARKDULL ROAD",1056.00,S,N,B,C,Y,,,101,,,,,,S,Y,3,0,1,1,A,-,03,22350,,N,E,I,A,B,H,-,A,D,0,,,,,Y,,A,08,0,1,0,0,0,0,0,0,0,"- ","- ",40.432621002197266,-123.98573303222656,HUMBOLDT,UNINCORPORATED,-123.98575592041016,40.432609558105469
91245356,2020,2020-05-29,9125,2020-05-22,1325,021559,,5,1,9,1200,0,3,5,,2,004,"MATTOLE ROAD","BEAR RIVER RIDGE ROAD",5280.00,N,N,B,-,N,,,,,,,,,,Y,3,0,1,1,A,-,08,22107,,N,F,A,A,A,H,-,A,D,0,,,,,Y,,D,22,0,1,0,0,0,0,0,0,0,"- ","- ",40.517711639404297,-124.26995086669922,HUMBOLDT,UNINCORPORATED,-124.26999664306641,40.517524719238281
91247129,2020,2020-06-03,9126,2020-05-24,2118,022466,,7,2,9,1200,0,3,5,,2,222,"REDWOOD ROAD","HICKORY ROAD",28.00,W,N,B,-,N,,,,,,,,,,N,2,0,1,1,A,-,01,23152,A,N,F,A,A,A,H,-,D,D,0,,,Y,,Y,Y,C,06,1,0,0,0,0,0,0,0,1,"- ","- ",40.039150238037109,-124.02275085449219,HUMBOLDT,UNINCORPORATED,-124.07086181640625,40.036407470703125
91247148,2020,2020-06-03,9126,2020-05-29,1513,021836,,5,2,9,1200,0,1,2,,2,022,"US-101 SOUTHBOUND","BARKDULL ROAD",8290.00,S,N,A,-,Y,,,101,,,,,,S,Y,2,0,2,2,A,-,05,21650,,F,E,J,A,A,D,-,A,A,0,,,,,Y,,-,99,1,1,0,0,0,0,0,0,0,"- ","- ",40.415370941162109,-123.97756195068359,HUMBOLDT,UNINCORPORATED,-123.97760009765625,40.415294647216797
91247563,2020,2020-06-04,9126,2020-05-29,1210,022452,,5,1,9,1200,0,2,4,,1,008,"REDWOOD DRIVE","WEST COAST RD",2112.00,S,N,A,-,N,,,,,,,,,,N,3,0,1,2,A,-,17,23114,A,N,E,J,A,A,H,-,A,D,0,,,,,Y,,E,22,0,1,0,0,0,0,0,0,0,"- ","- ",40.116310119628906,-123.80381774902344,HUMBOLDT,UNINCORPORATED,-123.80686950683594,40.115982055664062
91247812,2020,2020-06-05,9126,2020-05-30,0800,020706,,6,1,9,1200,0,1,2,,2,044,US-101,"SALMON CREEK RD",37.00,S,N,C,-,Y,,,101,,,,,,,Y,3,0,1,1,A,-,01,23152,F,N,E,I,A,B,H,-,A,D,0,,,,,Y,,A,07,0,1,0,0,0,0,0,0,0,"- ","- ",40.251018524169922,-123.831298828125,HUMBOLDT,UNINCORPORATED,-123.83173370361328,40.250801086425781
91248200,2020,2020-06-08,9125,2020-06-02,1230,016241,,2,1,9,1200,0,1,3,,1,048,SR-36,BRIDGEVILLE,15840.00,E,N,A,-,Y,,,,,,,,,,N,4,0,1,1,D,-,00,,,N,F,A,A,A,H,-,A,D,0,,,,,Y,,-,"- ",0,0,1,0,0,0,0,0,0,"- ","- ",,,HUMBOLDT,UNINCORPORATED,,
91249052,2020,2020-06-08,9125,2020-06-02,0410,022297,,2,3,9,1200,0,1,3,,1,062,SR-96,"SUGAR BOWL RANCH RD",2000.00,S,N,A,-,Y,,,96,,,,,,,Y,3,0,1,1,A,-,08,22107,,N,E,I,A,A,H,-,D,D,0,,,,,Y,,A,01,0,1,0,0,0,0,0,0,0,"- ","- ",40.998779296875,-123.64328002929688,HUMBOLDT,UNINCORPORATED,-123.64328765869141,40.998764038085938
91249986,2020,2020-06-10,9125,2020-06-06,2324,020895,,6,3,9,1200,0,1,3,,1,061,SR-299,"CHINA GULCH RD",400.00,W,N,C,-,Y,,,299,,,,,,,Y,4,0,1,1,A,-,01,23152,A,N,E,I,A,B,H,-,D,D,0,,,,,Y,Y,A,01,0,0,1,0,0,0,0,0,0,"- ","- ",40.930061340332031,-123.68789672851562,HUMBOLDT,UNINCORPORATED,-123.68785858154297,40.930000305175781
91251529,2020,2020-06-15,9125,2020-06-09,2327,021919,,2,3,9,1200,0,3,5,,2,004,"MAIN STREET","N COURT",310.00,S,N,A,-,N,,,,,,,,,,Y,3,0,1,1,A,-,01,23152,A,N,E,I,A,A,H,-,D,D,0,,,,,Y,Y,D,23,0,1,0,0,0,0,0,0,0,"- ","- ",40.488208770751953,-124.0992431640625,HUMBOLDT,UNINCORPORATED,-124.09928894042969,40.487533569335938
9125198,2020,2020-09-17,1203,2020-07-13,1740,4044,P17,1,5,4,1203,0,0,0,,0,001,"6TH ST","J ST",0.00,,Y,A,-,N,,,,,,,,,,N,3,0,1,2,A,-,12,22450,A,N,G,B,B,A,H,-,A,D,0,Y,,,,Y,,A,01,0,1,0,0,1,0,0,0,0,"- ","- ",,,HUMBOLDT,EUREKA,-124.16142272949219,40.801700592041016