CASE_ID,ACCIDENT_YEAR,PROC_DATE,JURIS,COLLISION_DATE,COLLISION_TIME,OFFICER_ID,REPORTING_DISTRICT,DAY_OF_WEEK,CHP_SHIFT,POPULATION,CNTY_CITY_LOC,SPECIAL_COND,BEAT_TYPE,CHP_BEAT_TYPE,CITY_DIVISION_LAPD,CHP_BEAT_CLASS,BEAT_NUMBER,PRIMARY_RD,SECONDARY_RD,DISTANCE,DIRECTION,INTERSECTION,WEATHER_1,WEATHER_2,STATE_HWY_IND,CALTRANS_COUNTY,CALTRANS_DISTRICT,STATE_ROUTE,ROUTE_SUFFIX,POSTMILE_PREFIX,POSTMILE,LOCATION_TYPE,RAMP_INTERSECTION,SIDE_OF_HWY,TOW_AWAY,COLLISION_SEVERITY,NUMBER_KILLED,NUMBER_INJURED,PARTY_COUNT,PRIMARY_COLL_FACTOR,PCF_CODE_OF_VIOL,PCF_VIOL_CATEGORY,PCF_VIOLATION,PCF_VIOL_SUBSECTION,HIT_AND_RUN,TYPE_OF_COLLISION,MVIW,PED_ACTION,ROAD_SURFACE,ROAD_COND_1,ROAD_COND_2,LIGHTING,CONTROL_DEVICE,CHP_ROAD_TYPE,PEDESTRIAN_ACCIDENT,BICYCLE_ACCIDENT,MOTORCYCLE_ACCIDENT,TRUCK_ACCIDENT,NOT_PRIVATE_PROPERTY,ALCOHOL_INVOLVED,STWD_VEHTYPE_AT_FAULT,CHP_VEHTYPE_AT_FAULT,COUNT_SEVERE_INJ,COUNT_VISIBLE_INJ,COUNT_COMPLAINT_PAIN,COUNT_PED_KILLED,COUNT_PED_INJURED,COUNT_BICYCLIST_KILLED,COUNT_BICYCLIST_INJURED,COUNT_MC_KILLED,COUNT_MC_INJURED,PRIMARY_RAMP,SECONDARY_RAMP,LATITUDE,LONGITUDE,COUNTY,CITY,POINT_X,POINT_Y
91282645,2020,2020-08-07,9125,2020-07-29,1515,022095,,3,2,9,1200,0,3,5,,2,002,"MANILA DUNES","PENINSULA DRIVE",1584.00,W,N,A,-,N,,,,,,,,,,N,2,0,1,1,A,-,08,38314,,N,F,A,A,A,H,-,A,D,0,,,Y,,Y,,C,06,1,0,0,0,0,0,0,0,1,"- ","- ",40.840869903564453,-124.17745971679688,HUMBOLDT,UNINCORPORATED,,
91283585,2020,2020-08-10,9126,2020-07-31,1710,022033,,5,2,9,1200,0,1,2,,2,022,"US-101 NORTHBOUND","MYERS FLAT AVENUE",7920.00,N,N,A,-,Y,,,101,,,,,,N,Y,3,0,1,1,A,-,08,22107,,N,E,I,A,A,H,-,A,D,0,,,,,Y,,D,22,0,1,0,0,0,0,0,0,0,"- ","- ",40.304241180419922,-123.89440155029297,HUMBOLDT,UNINCORPORATED,-123.89443206787109,40.304180145263672
91283598,2020,2020-08-10,9125,2020-07-31,1715,022095,,5,2,9,1200,0,3,5,,2,002,"LUCAS STREET","HARRISON AVENUE",20.00,E,N,A,-,N,,,,,,,,,,N,4,0,1,2,A,-,21,22106,,N,C,C,A,A,H,-,A,A,0,,,,,Y,,A,01,0,0,1,0,0,0,0,0,0,"- ","- ",40.79132080078125,-124.13945770263672,HUMBOLDT,UNINCORPORATED,-124.13954925537109,40.791278839111328
91283620,2020,2020-08-10,9126,2020-07-31,1925,022033,,5,2,9,1200,0,3,5,,2,222,"THOMAS ROAD","LOWER THOMAS ROAD",27.00,W,N,A,-,N,,,,,,,,,,Y,3,0,2,1,A,-,08,22107,,N,E,I,A,A,H,-,A,D,0,,,,,Y,,D,23,0,2,0,0,0,0,0,0,0,"- ","- ",40.205909729003906,-123.89714050292969,HUMBOLDT,UNINCORPORATED,-123.90279388427734,40.192371368408203
91284180,2020,2020-08-11,9125,2020-08-03,1352,019116,,1,1,9,1200,0,3,5,,2,002,"KNEELAND ROAD","PACIFIC LUMBER CAMP ROAD",3168.00,E,N,B,-,N,,,,,,,,,,Y,2,0,1,1,A,-,03,22350,,N,F,A,A,A,H,-,A,D,0,,,,Y,Y,,F,27,1,0,0,0,0,0,0,0,0,"- ","- ",40.755290985107422,-124.04386901855469,HUMBOLDT,UNINCORPORATED,-124.04253387451172,40.754985809326172
91284328,2020,2020-08-11,9125,2020-08-04,2500,021313,,2,4,9,1200,0,3,5,,2,005,"DOWD ROAD","PINE CREEK RD",29040.00,N,N,A,-,N,,,,,,,,,,Y,2,0,3,1,A,-,08,22107,,N,E,I,A,A,E,-,C,D,0,,,,,Y,,D,22,3,0,0,0,0,0,0,0,0,"- ","- ",41.168121337890625,-123.7027587890625,HUMBOLDT,UNINCORPORATED,-123.7025146484375,41.167564392089844
91284411,2020,2020-08-11,9125,2020-08-04,0354,020946,,2,3,3,1201,0,1,2,,2,022,"US-101 N/B",SR-255,75.00,N,N,B,-,Y,,,101,,,,,,N,N,4,0,1,2,A,-,03,22350,,N,C,C,A,A,D,-,C,D,0,,,,,Y,,D,22,0,0,1,0,0,0,0,0,0,"- ","- ",40.862739562988281,-124.08267211914062,HUMBOLDT,ARCATA,-124.08266448974609,40.862739562988281
91284861,2020,2020-08-12,9125,2020-08-01,1400,022095,,6,2,9,1200,0,3,5,,2,002,"SAMOA DUNES","NEW NAVY BASE ROAD",1584.00,W,N,B,-,N,,,,,,,,,,N,2,0,2,3,D,-,00,,,N,A,C,A,A,H,-,A,D,0,,,Y,,Y,,-,"- ",1,1,0,0,0,0,0,0,2,"- ","- ",40.781749725341797,-124.21492767333984,HUMBOLDT,UNINCORPORATED,,
91285025,2020,2020-08-12,9125,2020-08-05,1222,021815,,3,1,9,1200,0,1,3,,1,051,SR-96,"MILL CREEK RD",2640.00,N,N,A,-,Y,,,96,,,,,,,Y,2,0,1,2,A,-,05,21460,A,N,C,C,A,A,H,-,A,D,0,,,Y,,Y,,C,02,1,0,0,0,0,0,0,0,1,"- ","- ",41.104499816894531,-123.68874359130859,HUMBOLDT,UNINCORPORATED,-123.68869781494141,41.104484558105469
91285272,2020,2020-08-12,9125,2020-08-03,1744,021313,,1,2,9,1200,0,1,3,,1,061,SR-299,"EAST FORK CAMPGROUND",393.00,W,N,A,-,Y,,,299,,,,,,,Y,2,0,1,1,A,-,01,23152,F,N,E,I,A,A,H,-,A,D,0,,,,,Y,,A,01,1,0,0,0,0,0,0,0,0,"- ","- ",40.9080810546875,-123.70832824707031,HUMBOLDT,UNINCORPORATED,-123.70833587646484,40.908119201660156
91285846,2020,2020-08-13,9126,2020-08-08,1215,022452,,6,1,9,1200,0,1,2,,2,022,"US-101 NORTHBOUND","BARKDULL ROAD",2640.00,N,N,A,-,Y,,,101,,,,,,N,Y,3,0,1,1,A,-,08,22107,,N,F,A,A,A,H,-,A,D,0,,,,,Y,,A,07,0,1,0,0,0,0,0,0,0,"- ","- ",40.439708709716797,-124.0010986328125,HUMBOLDT,UNINCORPORATED,-124.00114440917969,40.439659118652344
91285925,2020,2020-08-13,9126,2020-08-10,1845,021507,,1,2,9,1200,0,2,4,,1,002,"BRICELAND THORN ROAD","DOGWOOD LANE",150.00,W,N,A,-,N,,,,,,,,,,Y,2,0,1,1,A,-,01,23152,G,N,E,I,A,A,H,-,A,D,0,,,,,Y,Y,D,22,1,0,0,0,0,0,0,0,0,"- ","- ",40.123970031738281,-123.83051300048828,HUMBOLDT,UNINCORPORATED,-123.831068,40.124065000000002
91286157,2020,2020-08-14,9125,2020-07-30,1958,022238,,4,2,9,1200,0,3,5,,2,003,"PARK STREET","FRANKLIN AVENUE",0.00,,Y,A,-,N,,,,,,,,,,Y,4,0,3,2,A,-,09,21800,A,N,D,C,A,A,H,-,A,D,0,,,,,Y,,-,"- ",0,0,3,0,0,0,0,0,0,"- ","- ",40.643539428710938,-124.22248840332031,HUMBOLDT,UNINCORPORATED,-124.22248077392578,40.643550872802734
9128623,2020,2020-12-01,1203,2020-08-21,0607,4099,P18,5,5,4,1203,0,0,0,,0,001,"5TH ST","N ST",6.00,W,N,A,-,Y,HUM,1,101,-,-,78.974,I,5,N,N,2,0,1,2,A,-,10,21950,A,N,G,B,B,A,H,-,A,D,0,Y,,,,Y,,J,48,1,0,0,0,1,0,0,0,0,"- ","- ",40.802989959716797,-124.15692138671875,HUMBOLDT,EUREKA,-124.15726470947266,40.803119659423828
91286290,2020,2020-08-14,9125,2020-08-06,1130,019116,,4,1,9,1200,0,1,2,,1,024,"US-101 SOUTHBOUND","INDIANOLA CUTOFF",800.00,N,N,B,-,Y,,,101,,,,,,S,N,4,0,1,2,A,-,08,22107,,F,B,E,A,A,H,-,A,D,0,,,,,Y,,A,08,0,0,1,0,0,0,0,0,0,"- ","- ",40.830371856689453,-124.08280181884766,HUMBOLDT,UNINCORPORATED,-124.08275604248047,40.830356597900391
91286555,2020,2020-08-14,9125,2020-08-09,2110,022297,,7,2,9,1200,0,3,5,,2,005,"PINE CREEK RD","LOOP RD",1584.00,N,N,A,-,N,,,,,,,,,,Y,2,0,2,1,A,-,08,22107,,F,E,I,A,A,H,-,D,D,0,,,,,Y,,A,07,1,1,0,0,0,0,0,0,0,"- ","- ",41.057350158691406,-123.68853759765625,HUMBOLDT,UNINCORPORATED,-123.6810302734375,41.056060791015625
91286576,2020,2020-08-14,9126,2020-07-14,1400,021724,,2,2,9,1200,0,3,5,,2,444,"ISLAND MOUNTAIN ROAD","LAUFFER ROAD",6230.00,E,N,A,-,N,,,,,,,,,,Y,3,0,1,2,A,-,17,21662,A,F,B,C,A,A,H,-,A,D,0,,,,,Y,,D,22,0,1,0,0,0,0,0,0,0,"- ","- ",40.036571502685547,-123.55355834960938,HUMBOLDT,UNINCORPORATED,-123.56826019287109,40.045608520507812
91286596,2020,2020-08-14,9125,2020-08-06,1030,019243,,4,1,9,1200,0,1,2,,2,018,"S/B US-101 TRINIDAD ON RAMP","MAIN ST",269.00,S,N,A,-,Y,,,101,,,,R,,,Y,3,0,1,2,A,-,03,22350,,N,C,C,A,A,H,-,A,D,0,,,,,Y,,A,01,0,1,0,0,0,0,0,0,0,"- ","- ",41.061618804931641,-124.13896942138672,HUMBOLDT,UNINCORPORATED,-124.13896942138672,41.061618804931641
9128758,2020,2020-09-26,1203,2020-07-02,1443,4042,P31,4,5,4,1203,0,0,0,,0,002,"W WABASH",SPRING,0.00,,Y,A,-,N,,,,,,,,,,N,3,0,1,2,A,-,05,21202,A,N,H,G,A,A,H,-,A,D,0,,Y,,,Y,,L,04,0,1,0,0,0,0,1,0,0,"- ","- ",40.791519165039062,-124.17716217041016,HUMBOLDT,EUREKA,-124.17716217041016,40.791519165039062
91288028,2020,2020-08-18,9125,2020-08-08,1650,022095,,6,2,9,1200,0,3,5,,2,001,"SUTTER ROAD","WATERS AVENUE",0.00,,Y,A,-,N,,,,,,,,,,Y,3,0,3,2,A,-,09,21801,A,N,D,C,A,A,H,-,A,A,0,,,,,Y,,A,01,0,1,2,0,0,0,0,0,0,"- ","- ",40.936000823974609,-124.09435272216797,HUMBOLDT,UNINCORPORATED,-124.09425354003906,40.935909271240234
91288082,2020,2020-08-18,9125,2020-08-10,0717,019116,,1,1,9,1200,0,1,2,,1,024,"US-101 SOUTHBOUND","KOA DRIVE",700.00,N,N,A,-,Y,,,101,,,,,,S,N,3,0,1,1,A,-,08,22107,,N,F,A,A,A,H,-,A,D,0,,Y,,,Y,Y,L,04,0,1,0,0,0,0,1,0,0,"- ","- ",40.830890655517578,-124.08267211914062,HUMBOLDT,UNINCORPORATED,-124.08260345458984,40.83087158203125
91288896,2020,2020-08-19,9125,2020-08-12,1740,022095,,3,2,9,1200,0,1,2,,2,017,US-101,"HILTONS ROAD",528.00,N,N,A,-,Y,,,101,,,,,,,Y,4,0,1,2,A,-,09,21801,A,N,D,C,A,A,H,-,A,D,0,,,,,Y,,A,07,0,0,1,0,0,0,0,0,0,"- ","- ",41.28472900390625,-124.07318878173828,HUMBOLDT,UNINCORPORATED,-124.07318878173828,41.284740447998047
91288957,2020,2020-08-19,9126,2020-07-22,0430,022460,,3,3,9,1200,0,2,4,,2,004,"SHELTER COVE ROAD","CHEMISE MOUNTAIN ROAD",1584.00,E,N,A,-,N,,,,,,,,,,Y,2,0,2,1,A,-,08,22107,,F,E,I,A,A,H,-,D,D,0,,,,,Y,,D,22,2,0,0,0,0,0,0,0,0,"- ","- ",40.039218902587891,-124.02442169189453,HUMBOLDT,UNINCORPORATED,-124.02178192138672,40.039096832275391
91289728,2020,2020-08-20,9125,2020-08-13,1321,021815,,4,1,9,1200,0,1,3,,1,061,SR-299,"ROY LN",26.00,W,N,A,-,Y,,,299,,,,,,,N,3,0,1,2,A,-,05,21460,A,F,B,C,A,A,H,-,A,D,0,,,,,Y,,-,99,0,1,0,0,0,0,0,0,0,"- ","- ",40.910629272460938,-123.61650085449219,HUMBOLDT,UNINCORPORATED,-123.61649322509766,40.910633087158203
91290294,2020,2020-08-21,9125,2020-08-15,1045,016714,,6,1,3,1201,0,1,2,,2,022,"US-101 S/B (REDWOOD HIGHWAY)","SAMOA BLVD.",328.00,N,N,A,-,Y,,,101,,,,,,S,Y,3,0,1,2,A,-,03,22350,,N,C,C,A,A,H,-,A,D,0,,,Y,,Y,,C,02,0,1,0,0,0,0,0,0,1,"- ","- ",40.863929748535156,-124.08291625976562,HUMBOLDT,ARCATA,-124.08293151855469,40.863929748535156
91290908,2020,2020-08-24,9125,2020-08-19,1050,021844,,3,1,9,1200,0,1,3,,1,047,"SR-36 W/B","A STREET",293.00,W,N,A,-,Y,,,36,,,,,,W,Y,3,0,1,1,A,-,01,23152,F,M,E,I,A,A,H,-,A,D,0,,,,,Y,,A,01,0,1,0,0,0,0,0,0,0,"- ","- ",40.543220520019531,-124.10128784179688,HUMBOLDT,UNINCORPORATED,-124.10128784179688,40.543220520019531
91291136,2020,2020-08-24,9125,2020-08-16,2230,021929,,7,3,9,1200,0,1,2,,2,045,"US-101 SOUTHBOUND",SR-36,1478.00,S,N,A,-,Y,,,101,,,,,,S,Y,3,0,1,1,A,-,08,22107,,N,E,I,A,A,H,-,D,D,0,,,,,Y,,A,01,0,1,0,0,0,0,0,0,0,"- ","- ",40.543800354003906,-124.14469909667969,HUMBOLDT,UNINCORPORATED,-124.1446533203125,40.543804168701172
91291204,2020,2020-08-24,9125,2020-08-17,1200,016241,,1,1,9,1200,0,1,3,,1,047,SR-36,"WALKER LANE",350.00,E,N,B,-,Y,,,36,,,,,,,Y,3,0,2,2,A,-,03,22350,,N,C,C,A,A,H,-,A,D,0,,,,,Y,,D,22,0,1,1,0,0,0,0,0,0,"- ","- ",40.547130584716797,-124.09462738037109,HUMBOLDT,UNINCORPORATED,-124.09463500976562,40.547092437744141
91291484,2020,2020-08-24,9125,2020-08-17,1630,021559,,1,2,9,1200,0,1,3,,1,048,"SR-36 E/B","ALDERPOINT ROAD",15840.00,E,N,B,-,Y,,,36,,,,,,E,Y,3,0,1,1,A,-,08,22107,,N,E,I,A,A,H,-,A,D,0,,,,,Y,,A,07,0,1,0,0,0,0,0,0,0,"- ","- ",40.487659454345703,-123.76595306396484,HUMBOLDT,UNINCORPORATED,-123.76601409912109,40.487667083740234
91291646,2020,2020-08-24,9125,2020-08-18,1430,022121,,2,2,9,1200,0,1,3,,1,061,"SR-299 W/B","BOISE CREEK CAMPGROUND",1673.00,E,N,A,-,Y,,,299,,,,,,W,Y,3,0,1,1,A,-,03,22350,,N,F,A,A,A,H,-,A,D,0,,,Y,,Y,,C,02,0,1,0,0,0,0,0,0,1,"- ","- ",40.946189880371094,-123.65242767333984,HUMBOLDT,UNINCORPORATED,-123.65242767333984,40.946189880371094
91292930,2020,2020-08-26,9125,2020-08-22,1110,019116,,6,1,9,1200,0,3,5,,2,003,"COPENHAGEN ROAD","HAWKS HILL ROAD",3168.00,N,N,A,-,N,,,,,,,,,,N,4,0,1,2,A,-,02,22400,A,N,C,C,A,A,H,-,A,D,0,,,,Y,Y,,D,22,0,0,1,0,0,0,0,0,0,"- ","- ",40.655258178710938,-124.23876953125,HUMBOLDT,UNINCORPORATED,-124.23709106445312,40.654617309570312
91293083,2020,2020-08-26,9125,2020-08-24,0540,016241,,1,3,9,1200,0,1,3,,1,048,SR-36,"COTTRELL RANCH ROAD",4752.00,W,N,B,-,Y,,,36,,,,,,,Y,4,0,1,1,A,-,08,22107,,N,E,I,A,A,H,-,D,D,0,,,,,Y,,D,22,0,0,1,0,0,0,0,0,0,"- ","- ",40.484348297119141,-123.75840759277344,HUMBOLDT,UNINCORPORATED,-123.75839996337891,40.484413146972656
91293626,2020,2020-08-27,9125,2020-08-21,1555,021450,,5,2,9,1200,0,3,5,,2,002,"FERN ST","WALNUT DR",200.00,E,N,A,-,N,,,,,,,,,,Y,4,0,3,2,A,-,03,22350,,N,C,C,A,A,H,-,A,D,0,,,,,Y,,A,01,0,0,3,0,0,0,0,0,0,"- ","- ",40.769878387451172,-124.14215087890625,HUMBOLDT,UNINCORPORATED,-124.14225769042969,40.769844055175781
91295483,2020,2020-08-28,9126,2020-08-18,0545,021836,,2,3,9,1200,0,1,3,,1,020,SR-254,"PESULA ROAD",1003.00,S,N,B,-,Y,,,254,,,,,,,Y,3,0,1,1,A,-,01,23152,F,N,E,I,A,A,H,-,D,D,0,,,,,Y,,D,22,0,1,0,0,0,0,0,0,0,"- ","- ",40.3037109375,-123.90101623535156,HUMBOLDT,UNINCORPORATED,-123.90108489990234,40.303367614746094
91295500,2020,2020-08-28,9126,2020-08-22,1400,021724,,6,2,9,1200,0,1,2,,2,044,"US-101 N/B","HOOKER CREEK ROAD",7392.00,S,N,A,-,Y,,,101,,,,,,N,Y,2,0,1,1,A,-,08,22107,,N,E,I,A,A,H,-,A,D,0,,,,,Y,,D,22,1,0,0,0,0,0,0,0,0,"- ","- ",40.163490295410156,-123.78640747070312,HUMBOLDT,UNINCORPORATED,-123.78645324707031,40.163524627685547
91295540,2020,2020-08-28,9125,2020-08-21,1702,022314,,5,2,9,1200,0,1,3,,1,050,SR-96,"CARPENTER LN",1430.00,S,N,A,-,Y,,,96,,,,,,,Y,3,0,3,2,A,-,01,23152,A,N,C,C,A,A,H,-,A,D,0,,,Y,,Y,Y,C,02,0,3,0,0,0,0,0,0,1,"- ","- ",41.095039367675781,-123.69632720947266,HUMBOLDT,UNINCORPORATED,-123.69634246826172,41.095088958740234
91295574,2020,2020-08-31,9125,2020-08-21,1515,022095,,5,2,9,1200,0,2,4,,1,010,"CENTRAL AVENUE","CITY CENTER ROAD",60.00,N,N,A,-,N,,,,,,,,,,Y,2,0,1,2,A,-,01,23152,A,N,C,C,A,A,H,-,A,A,0,,,,,Y,Y,A,01,1,0,0,0,0,0,0,0,0,"- ","- ",40.943351745605469,-124.10102081298828,HUMBOLDT,UNINCORPORATED,-124.10098266601562,40.943325042724609
9129567,2020,2020-09-12,1203,2020-06-21,1000,4045,P45,7,5,4,1203,0,0,0,,0,002,"CALIFORNIA ST","BUHNE ST",0.00,,Y,A,-,N,,,,,,,,,,N,3,0,1,2,A,-,09,21800,A,N,D,C,A,A,H,-,A,A,0,,,,,Y,,A,01,0,1,0,0,0,0,0,0,0,"- ","- ",,,HUMBOLDT,EUREKA,-124.17195129394531,40.786201477050781
91297759,2020,2020-09-02,9126,2020-08-23,1355,022452,,7,1,9,1200,0,3,5,,2,222,"WILDER RIDGE ROAD","ETTERSBURG ROAD",6864.00,N,N,A,-,N,,,,,,,,,,Y,3,0,1,1,A,-,01,23152,A,N,E,I,A,A,H,-,A,D,0,,,,,Y,Y,A,01,0,1,0,0,0,0,0,0,0,"- ","- ",40.145561218261719,-124.0159912109375,HUMBOLDT,UNINCORPORATED,,
91298029,2020,2020-09-02,9126,2020-08-21,1530,022033,,5,2,9,1200,0,2,4,,2,004,"SHELTER COVE ROAD","CHEMISE MOUNTAIN ROAD",1056.00,W,N,A,-,N,,,,,,,,,,N,4,0,1,2,A,-,08,22100,A,N,B,C,A,A,H,-,A,D,0,,,,Y,Y,,F,27,0,0,1,0,0,0,0,0,0,"- ","- ",40.037418365478516,-124.03032684326172,HUMBOLDT,UNINCORPORATED,-124.02920532226562,40.036720275878906
91298594,2020,2020-09-03,9125,2020-08-28,1210,019116,,5,1,9,1200,0,1,2,,2,030,"US-101 SOUTHBOUND","ORCHARD STREET",100.00,S,N,A,-,Y,,,101,,,,,,S,Y,4,0,1,1,C,-,18,,,N,H,H,A,A,H,-,A,D,0,,,,,Y,,-,"- ",0,0,1,0,0,0,0,0,0,"- ","- ",40.721519470214844,-124.21553039550781,HUMBOLDT,UNINCORPORATED,-124.21548461914062,40.721515655517578
91298781,2020,2020-09-03,9125,2020-08-24,1155,014643,,1,1,9,1200,0,1,2,,2,017,"US-101 (REDWOOD HIGHWAY)","BALD HILLS ROAD",147.00,N,N,A,-,Y,,,,,,,,,,Y,2,0,1,1,A,-,08,22107,,N,F,A,A,A,H,-,A,D,0,,,Y,,Y,,C,02,1,0,0,0,0,0,0,0,1,"- ","- ",,,HUMBOLDT,UNINCORPORATED,-124.04737854003906,41.302001953125
91299290,2020,2020-09-04,9125,2020-08-27,2108,021688,,4,2,3,1201,0,1,2,,2,022,"US 101 SOUTHBOUND FROM GIUNTOLI LANE","GIUNTOLI LANE",528.00,S,N,A,-,Y,,,,,,,,,,Y,4,0,1,1,A,-,08,22107,,N,F,A,A,A,H,-,C,D,0,,,Y,,Y,,C,02,0,0,1,0,0,0,0,0,1,"- ","- ",40.902698516845703,-124.08599853515625,HUMBOLDT,ARCATA,-124.08629608154297,40.903083801269531
91299332,2020,2020-09-04,9125,2020-08-28,0740,019116,,5,1,9,1200,0,3,5,,2,003,"EEL RIVER DRIVE","TABLE BLUFF ROAD",1584.00,S,N,E,-,N,,,,,,,,,,Y,3,0,1,1,A,-,08,22107,,N,E,I,A,A,H,-,A,D,0,,,,,Y,,A,07,0,1,0,0,0,0,0,0,0,"- ","- ",40.653739929199219,-124.21994018554688,HUMBOLDT,UNINCORPORATED,-124.21969604492188,40.653976440429688
91300192,2020,2020-09-08,9125,2020-08-25,1530,021559,,2,2,9,1200,0,3,5,,2,001,"DAFFODIL AVE","MURRAY ROAD",0.00,,Y,A,-,N,,,,,,,,,,N,2,0,1,1,A,-,03,22350,,N,E,I,A,A,H,-,A,D,0,,,Y,,Y,,C,02,1,0,0,0,0,0,0,0,1,"- ","- ",40.956329345703125,-124.11769866943359,HUMBOLDT,UNINCORPORATED,-124.11769866943359,40.956268310546875
91300879,2020,2020-09-08,9126,2020-08-16,1000,022383,,7,1,9,1200,0,2,4,,1,008,"SPROWEL CREEK ROAD","LEINO LN",1584.00,W,N,A,-,N,,,,,,,,,,N,2,0,1,1,A,-,08,22107,,N,F,A,A,A,H,-,A,D,0,,,Y,,Y,,C,02,1,0,0,0,0,0,0,0,1,"- ","- ",40.093040466308594,-123.79473876953125,HUMBOLDT,UNINCORPORATED,-123.79779052734375,40.098262786865234
91301781,2020,2020-09-09,9125,2020-09-01,1649,020895,,2,2,9,1200,0,3,5,,2,002,"HARRIS ST","HUBBARD LN",35.00,W,N,A,-,N,,,,,,,,,,N,3,0,1,2,A,-,17,21208,B,N,D,G,A,A,H,-,A,A,0,,Y,,,Y,,L,04,0,1,0,0,0,0,1,0,0,"- ","- ",40.780540466308594,-124.13056182861328,HUMBOLDT,UNINCORPORATED,-124.13044738769531,40.780509948730469
91301791,2020,2020-09-09,9125,2020-08-29,2020,022297,,6,2,9,1200,0,1,3,,1,050,SR-96,"MARSHALL LN",667.00,N,N,A,-,Y,,,96,,,,,,,N,4,0,1,1,A,-,03,22350,,N,F,A,A,A,C,H,D,D,0,,,Y,,Y,,C,02,0,0,1,0,0,0,0,0,1,"- ","- ",41.07550048828125,-123.68679809570312,HUMBOLDT,UNINCORPORATED,-123.68688201904297,41.075466156005859
91301808,2020,2020-09-09,9125,2020-09-02,2042,021450,,3,2,9,1200,0,1,2,,2,045,"US-101 S/B","METROPOLITAN HTS RD",1584.00,S,N,B,-,Y,,,101,,,,,,S,Y,3,0,1,1,C,-,18,,,N,H,H,A,A,H,-,D,D,0,,,,,Y,,-,"- ",0,1,0,0,0,0,0,0,0,"- ","- ",40.511959075927734,-124.12512969970703,HUMBOLDT,UNINCORPORATED,-124.12510681152344,40.511989593505859
91302249,2020,2020-09-10,9126,2020-09-05,1455,021724,,6,2,9,1200,0,3,5,,2,222,"MATTOLE ROAD","OLD HINDLEY RANCH ROAD",385.00,E,N,A,-,N,,,,,,,,,,N,3,0,1,1,A,-,08,22107,,N,E,I,A,A,H,-,A,D,0,,,Y,,Y,,C,02,0,1,0,0,0,0,0,0,1,"- ","- ",40.247940063476562,-124.12268829345703,HUMBOLDT,UNINCORPORATED,-124.12271118164062,40.247798919677734
91303377,2020,2020-09-14,9125,2020-09-08,0620,016241,,2,1,9,1200,0,1,2,,2,044,"US 101 NORTHBOUND","SINGLEY ROAD UNDERCROSS",1531.00,S,N,B,-,Y,,,,,,,,,,Y,4,0,1,1,A,-,08,22107,,N,B,I,A,A,H,-,C,D,0,,,,,Y,,A,07,0,0,1,0,0,0,0,0,0,"- ","- ",40.621269226074219,-124.20896148681641,HUMBOLDT,UNINCORPORATED,,
91303435,2020,2020-09-14,9125,2020-09-09,2340,022095,,3,3,9,1200,0,1,3,,1,047,SR-36,"REDWOOD HOUSE ROAD",1584.00,W,N,B,E,Y,,,36,,,,,,,Y,2,0,1,1,A,-,01,23152,A,N,E,I,A,A,H,-,D,D,0,,,,,Y,Y,A,01,1,0,0,0,0,0,0,0,0,"- ","- ",40.499568939208984,-123.98101043701172,HUMBOLDT,UNINCORPORATED,-123.98098754882812,40.499473571777344
91304134,2020,2020-09-14,9125,2020-08-28,1747,021450,,5,2,9,1200,0,1,3,,1,047,SR-36,"ALDERPOINT RD",13200.00,E,N,B,-,Y,,,36,,,,,,,Y,2,0,2,2,A,-,05,21460,A,N,A,C,A,A,H,-,A,D,0,,,,,Y,,D,22,2,0,0,0,0,0,0,0,0,"- ","- ",40.48583984375,-123.77436065673828,HUMBOLDT,UNINCORPORATED,-123.7742919921875,40.485790252685547
91304827,2020,2020-09-15,9125,2020-09-13,2332,022095,,7,3,9,1200,0,1,3,,2,013,SR-299,"BLUE LAKE BLVD",5280.00,E,N,A,-,Y,,,299,,,,,,,Y,4,0,1,1,C,-,18,,,N,H,H,A,A,H,-,D,D,0,,,,,Y,,-,"- ",0,0,1,0,0,0,0,0,0,"- ","- ",40.886928558349609,-123.94635772705078,HUMBOLDT,UNINCORPORATED,-123.94638824462891,40.887046813964844
91305050,2020,2020-09-15,9126,2020-09-03,0940,020706,,4,1,9,1200,0,1,2,,2,022,"US-101 S/B","HIGH ROCK ROAD UNDERCROSSING",1056.00,N,N,A,-,Y,,,,,,,,,,Y,4,0,1,1,A,-,01,23152,F,N,F,A,A,A,H,-,A,D,0,,,,,Y,,A,01,0,0,1,0,0,0,0,0,0,"- ","- ",40.386119842529297,-123.92809295654297,HUMBOLDT,UNINCORPORATED,,
91306477,2020,2020-09-17,9125,2020-09-10,1705,014643,,4,2,9,1200,0,1,2,,2,019,"US-101 S/B FROM CENTRAL ONRAMP","CENTRAL AVENUE",25.00,S,N,A,-,Y,,,101,,,,R,,S,Y,2,0,2,1,A,-,03,22350,,N,E,I,A,A,H,-,A,A,0,,,,,Y,,A,01,2,0,0,0,0,0,0,0,0,"- ","- ",40.994041442871094,-124.11392211914062,HUMBOLDT,UNINCORPORATED,-124.11392211914062,40.994041442871094