CASE_ID,ACCIDENT_YEAR,PROC_DATE,JURIS,COLLISION_DATE,COLLISION_TIME,OFFICER_ID,REPORTING_DISTRICT,DAY_OF_WEEK,CHP_SHIFT,POPULATION,CNTY_CITY_LOC,SPECIAL_COND,BEAT_TYPE,CHP_BEAT_TYPE,CITY_DIVISION_LAPD,CHP_BEAT_CLASS,BEAT_NUMBER,PRIMARY_RD,SECONDARY_RD,DISTANCE,DIRECTION,INTERSECTION,WEATHER_1,WEATHER_2,STATE_HWY_IND,CALTRANS_COUNTY,CALTRANS_DISTRICT,STATE_ROUTE,ROUTE_SUFFIX,POSTMILE_PREFIX,POSTMILE,LOCATION_TYPE,RAMP_INTERSECTION,SIDE_OF_HWY,TOW_AWAY,COLLISION_SEVERITY,NUMBER_KILLED,NUMBER_INJURED,PARTY_COUNT,PRIMARY_COLL_FACTOR,PCF_CODE_OF_VIOL,PCF_VIOL_CATEGORY,PCF_VIOLATION,PCF_VIOL_SUBSECTION,HIT_AND_RUN,TYPE_OF_COLLISION,MVIW,PED_ACTION,ROAD_SURFACE,ROAD_COND_1,ROAD_COND_2,LIGHTING,CONTROL_DEVICE,CHP_ROAD_TYPE,PEDESTRIAN_ACCIDENT,BICYCLE_ACCIDENT,MOTORCYCLE_ACCIDENT,TRUCK_ACCIDENT,NOT_PRIVATE_PROPERTY,ALCOHOL_INVOLVED,STWD_VEHTYPE_AT_FAULT,CHP_VEHTYPE_AT_FAULT,COUNT_SEVERE_INJ,COUNT_VISIBLE_INJ,COUNT_COMPLAINT_PAIN,COUNT_PED_KILLED,COUNT_PED_INJURED,COUNT_BICYCLIST_KILLED,COUNT_BICYCLIST_INJURED,COUNT_MC_KILLED,COUNT_MC_INJURED,PRIMARY_RAMP,SECONDARY_RAMP,LATITUDE,LONGITUDE,COUNTY,CITY,POINT_X,POINT_Y
91387115,2021,2021-01-13,9125,2021-01-07,1310,014643,,4,1,9,1200,0,1,2,,2,016,"US-101 (REDWOOD HIGHWAY)","HUMBOLDT/DEL NORTE COUNTY LINE",3168.00,S,N,A,-,Y,,,101,,,,,,,Y,3,0,1,1,A,-,01,23152,F,N,F,I,A,B,H,-,A,D,0,,,,,Y,,A,01,0,1,0,0,0,0,0,0,0,"- ","- ",41.454811096191406,-124.03089904785156,HUMBOLDT,UNINCORPORATED,-124.03115081787109,41.454704284667969
9138736,2020,2020-09-25,1203,2020-07-29,1821,4036,P60,3,5,4,1203,0,0,0,,0,002,"ELIZABETH ST","BURRILL ST",0.00,,Y,A,-,N,,,,,,,,,,N,3,0,4,2,A,-,09,21802,A,N,A,C,A,A,H,-,A,A,0,,,,,Y,,-,,0,2,2,0,0,0,0,0,0,"- ","- ",,,HUMBOLDT,EUREKA,-124.17681121826172,40.778430938720703
9138770,2020,2020-09-28,1203,2020-07-23,1856,0491,P32,4,5,4,1203,0,0,0,,0,002,CALIFORNIA,"W WABASH",0.00,,Y,A,-,N,,,,,,,,,,N,3,0,2,2,A,-,09,21802,A,N,D,C,A,A,H,-,A,A,0,,,,,Y,,A,01,0,1,1,0,0,0,0,0,0,"- ","- ",40.791481018066406,-124.17186737060547,HUMBOLDT,EUREKA,-124.17192840576172,40.791488647460938
91388288,2020,2021-01-22,9125,2020-11-24,1058,016241,,2,1,9,1200,0,1,3,,1,048,SR-36,"BUCK MOUNTAIN ROAD",10032.00,E,N,A,-,Y,,,36,,,,,,,Y,1,1,0,1,A,-,01,23152,G,N,E,I,A,A,H,-,A,D,0,,,,,Y,Y,D,22,0,0,0,0,0,0,0,0,0,"- ","- ",40.492088317871094,-123.59501647949219,HUMBOLDT,UNINCORPORATED,-123.59503936767578,40.492019653320312
91388643,2021,2021-01-18,9125,2021-01-10,1425,016241,,7,2,9,1200,0,3,5,,2,003,"HERRICK AVENUE","US 101 NORTHBOUND TO HERRICK AVENUE",0.00,,Y,B,-,Y,,,,,,,,,,Y,4,0,1,2,A,-,09,21802,A,N,D,D,A,A,H,-,A,A,0,,,,,Y,,A,01,0,0,1,0,0,0,0,0,0,"- ","- ",40.757911682128906,-124.18875122070312,HUMBOLDT,UNINCORPORATED,-124.18859100341797,40.757976531982422
91388763,2021,2021-01-18,9125,2021-01-12,1348,016714,,2,1,3,1201,0,1,2,,2,022,"US-101 S/B (REDWOOD HIGHWAY)","SAMOA BLVD.",44.00,N,N,C,-,Y,,,101,,,,,,S,Y,4,0,1,2,C,-,18,,,N,E,I,A,B,H,-,A,D,0,,,,,Y,,-,"- ",0,0,1,0,0,0,0,0,0,"- ","- ",40.862998962402344,-124.08277893066406,HUMBOLDT,ARCATA,-124.08285522460938,40.862995147705078
91388807,2021,2021-01-18,9125,2021-01-12,0155,021688,,2,3,9,1200,0,2,4,,1,020,"MYRTLE AVENUE","FRESHWATER ROAD",1056.00,S,N,B,C,N,,,,,,,,,,Y,3,0,1,1,A,-,01,23152,A,M,E,I,A,B,H,-,D,D,0,,,,,Y,Y,A,01,0,1,0,0,0,0,0,0,0,"- ","- ",40.783798217773438,-124.08670806884766,HUMBOLDT,UNINCORPORATED,-124.0877685546875,40.783641815185547
91389128,2021,2021-01-18,9125,2021-01-13,1615,021450,,3,2,9,1200,0,3,5,,2,003,"MADISON ST","MEYERS AVE",155.00,E,N,B,-,N,,,,,,,,,,Y,3,0,1,1,A,-,01,23152,A,N,E,I,A,A,B,-,A,D,0,,,,,Y,Y,A,07,0,1,0,0,0,0,0,0,0,"- ","- ",40.766090393066406,-124.17706298828125,HUMBOLDT,UNINCORPORATED,-124.17720794677734,40.766059875488281
91389530,2021,2021-01-18,9125,2021-01-16,0738,016577,,6,1,9,1200,0,1,3,,1,026,SR-255,"LUPIN DR",0.00,,Y,E,-,Y,,,255,,,,,,,Y,3,0,1,2,A,-,09,21802,A,N,D,C,A,B,H,-,A,A,0,,,,,Y,,D,22,0,1,0,0,0,0,0,0,0,"- ","- ",40.851890563964844,-124.16384887695312,HUMBOLDT,UNINCORPORATED,-124.16388702392578,40.851913452148438
91389620,2021,2021-01-18,9125,2021-01-14,0241,021919,,4,3,9,1200,0,1,2,,2,022,"US-101 SOUTHBOUND",SR-299,1290.00,N,N,B,-,Y,,,,,,,,,,Y,3,0,1,1,A,-,01,23152,F,N,E,I,A,B,H,-,D,D,0,,,,,Y,,A,07,0,1,0,0,0,0,0,0,0,"- ","- ",40.899299621582031,-124.08448028564453,HUMBOLDT,UNINCORPORATED,-124.08041381835938,40.883266448974609
91390324,2021,2021-01-19,9125,2021-01-14,1812,020946,,4,2,9,1200,0,2,4,,1,011,"MURRAY RD","ARTHUR LN",12.00,E,N,B,-,N,,,,,,,,,,Y,3,0,1,1,A,-,01,23152,A,N,E,I,A,B,H,-,D,D,0,,,,,Y,Y,A,01,0,1,0,0,0,0,0,0,0,"- ","- ",40.971099853515625,-124.06436157226562,HUMBOLDT,UNINCORPORATED,-124.06450653076172,40.970920562744141
91390866,2020,2021-01-19,9125,2020-12-16,2500,021815,,3,4,9,1200,0,1,3,,1,061,SR-299,"EAST FORK CAMPGROUND",3168.00,W,N,C,-,Y,,,299,,,,,,,Y,1,1,0,1,A,-,01,23152,F,N,E,I,A,B,H,-,A,D,0,,,,,Y,,A,07,0,0,0,0,0,0,0,0,0,"- ","- ",40.907669067382812,-123.71881103515625,HUMBOLDT,UNINCORPORATED,-123.71884918212891,40.907783508300781
91390873,2021,2021-01-19,9125,2021-01-13,1210,016577,,3,1,9,1200,0,2,4,,1,023,"WALNUT DR","CYPRESS ST",150.00,W,N,B,-,N,,,,,,,,,,N,3,0,1,2,A,-,09,21804,A,N,C,G,A,A,H,-,A,D,0,,Y,,,Y,,A,01,0,1,0,0,0,0,1,0,0,"- ","- ",40.765518188476562,-124.14337158203125,HUMBOLDT,UNINCORPORATED,-124.14342498779297,40.765621185302734
91391484,2021,2021-01-20,9125,2021-01-17,0003,021919,,7,3,9,1200,0,2,4,,1,042,"CENTERVILLE ROAD","POOLE ROAD",1584.00,E,N,A,-,N,,,,,,,,,,Y,3,0,1,1,A,-,01,23152,A,N,E,I,A,A,H,-,D,D,0,,,,,Y,Y,A,07,0,1,0,0,0,0,0,0,0,"- ","- ",40.578258514404297,-124.32997894287109,HUMBOLDT,UNINCORPORATED,-124.33041381835938,40.578132629394531
91393117,2020,2021-01-25,9125,2020-12-20,1416,020717,,7,2,9,1200,0,1,3,,1,047,"STATE ROUTE 36","BERNARD A BERNIE"" HEMENWAY BRIDGE""",1100.00,E,N,A,-,Y,,,36,,,,,,,Y,1,1,0,1,A,-,01,23152,A,N,E,I,A,B,H,-,A,D,0,,,,,Y,Y,D,22,0,0,0,0,0,0,0,0,0,"- ","- ",40.489208221435547,-123.96910858154297,HUMBOLDT,UNINCORPORATED,-123.96896362304688,40.489284515380859
91393915,2021,2021-01-26,9125,2021-01-21,1825,019243,,4,2,9,1200,0,1,2,,2,022,"S/B US-101","ST. LOUIS RD",76.00,N,N,B,-,Y,,,,,,,,,,Y,2,0,1,1,A,-,01,23152,,N,E,I,A,A,H,-,C,D,0,,,,,Y,Y,D,22,1,0,0,0,0,0,0,0,0,"- ","- ",40.886211395263672,-124.07994842529297,HUMBOLDT,UNINCORPORATED,-124.08039093017578,40.884899139404297
91394566,2021,2021-01-26,9125,2021-01-24,1705,022121,,7,2,9,1200,0,3,5,,2,006,"TITLOW HILL ROAD",SR-299,13200.00,S,N,B,D,N,,,,,,,,,,Y,4,0,1,1,A,-,03,22350,,N,E,I,A,C,H,-,B,D,0,,,,,Y,,A,07,0,0,1,0,0,0,0,0,0,"- ","- ",40.872951507568359,-123.75588226318359,HUMBOLDT,UNINCORPORATED,-123.75424194335938,40.874492645263672
91394584,2021,2021-01-26,9125,2021-01-24,1420,022121,,7,2,9,1200,0,1,3,,1,065,"SR-96 W/B","SHOEMAKER ROAD",1146.00,E,N,B,C,Y,,,96,,,,,,W,Y,4,0,1,1,A,-,03,22350,,N,E,I,A,B,H,-,A,D,0,,,,,Y,,A,01,0,0,1,0,0,0,0,0,0,"- ","- ",41.038841247558594,-123.67160034179688,HUMBOLDT,UNINCORPORATED,-123.67164611816406,41.038806915283203
91394630,2021,2021-01-26,9125,2021-01-24,1320,014643,,7,1,9,1200,0,1,2,,2,017,"US-101 (REDWOOD HIGHWAY)","KANE ROAD",6336.00,S,N,B,-,Y,,,,,,,,,,Y,4,0,1,1,A,-,08,22107,,N,F,I,A,B,H,-,A,D,0,,,,,Y,,A,01,0,0,1,0,0,0,0,0,0,"- ","- ",,,HUMBOLDT,UNINCORPORATED,-124.10825347900391,41.188758850097656
91394715,2021,2021-01-27,9125,2021-01-24,0145,021919,,7,3,9,1200,0,1,3,,2,013,"SR-299 E/B","GIUNTOLI LN",1848.00,E,N,A,-,Y,,,299,,,,,,E,Y,2,0,1,2,A,-,01,23152,G,N,B,C,A,A,H,-,D,D,0,,,,,Y,Y,A,01,1,0,0,0,0,0,0,0,0,"- ","- ",40.90924072265625,-124.07080078125,HUMBOLDT,UNINCORPORATED,-124.07082366943359,40.909282684326172
91395372,2021,2021-01-27,9125,2021-01-25,0730,014643,,1,1,9,1200,0,1,2,,2,018,"US-101 SOUTHBOUND (REDWOOD HIGHWAY)","LITTLE RIVER BRIDGE",205.00,S,N,A,-,Y,,,,,,,,,,Y,4,0,1,1,A,-,03,22350,,N,E,I,A,C,H,-,A,D,0,,,,,Y,,D,22,0,0,1,0,0,0,0,0,0,"- ","- ",,,HUMBOLDT,UNINCORPORATED,-124.10919189453125,41.01129150390625
91395386,2021,2021-01-27,9125,2021-01-25,0915,014643,,1,1,9,1200,0,3,5,,2,001,"WHITMIRE AVE","STAPP ROAD",100.00,S,N,B,-,N,,,,,,,,,,N,4,0,1,2,A,-,21,22106,,N,D,C,A,B,H,-,A,D,0,,,,Y,Y,,F,27,0,0,1,0,0,0,0,0,0,"- ","- ",40.930549621582031,-124.11940765380859,HUMBOLDT,UNINCORPORATED,-124.11940002441406,40.930637359619141
91396075,2020,2021-01-28,9125,2020-12-18,1955,021450,,5,2,9,1200,0,1,2,,2,044,"US-101 NORTHBOUND","LOLETA DRIVE",3168.00,S,N,B,-,Y,,,101,,,,,,N,Y,1,1,0,3,A,-,00,21461,,N,G,B,D,A,H,-,D,D,0,Y,,,,Y,,N,60,0,0,0,1,0,0,0,0,0,"- ","- ",40.633628845214844,-124.21333312988281,HUMBOLDT,UNINCORPORATED,-124.21334838867188,40.633640289306641
91398209,2021,2021-01-29,9125,2021-01-22,1856,021450,,5,2,9,1200,0,1,2,,2,045,"US-101 NORTHBOUND","WILDWOOD AVE",0.00,,N,C,-,Y,,,101,,,,,,N,Y,4,0,1,2,A,-,01,23152,A,N,E,I,A,B,H,-,D,D,0,,,,,Y,Y,A,01,0,0,1,0,0,0,0,0,0,"- ","- ",40.508140563964844,-124.11834716796875,HUMBOLDT,UNINCORPORATED,-124.11833953857422,40.508152008056641
91399026,2021,2021-01-29,9126,2021-01-24,1405,021049,,7,2,9,1200,0,1,2,,1,066,"RT 101","BENBOW DRIVE",2640.00,S,N,B,C,Y,,,101,,,,,,,Y,3,0,1,1,A,-,08,22107,,N,F,A,A,B,H,-,A,D,0,,,,,Y,,A,01,0,1,0,0,0,0,0,0,0,"- ","- ",40.032680511474609,-123.79309844970703,HUMBOLDT,UNINCORPORATED,-123.79325103759766,40.032718658447266
91399770,2021,2021-02-01,9126,2021-01-29,2105,021724,,5,2,9,1200,0,1,3,,1,020,SR-254,"BOY SCOUT ROAD",6864.00,N,N,C,-,Y,,,254,,,,,,,Y,2,0,1,1,A,-,01,23152,A,N,E,I,A,B,H,-,D,D,0,,,,,Y,Y,A,07,1,0,0,0,0,0,0,0,0,"- ","- ",40.283878326416016,-123.89073181152344,HUMBOLDT,UNINCORPORATED,-123.89072418212891,40.283893585205078
91402004,2021,2021-02-03,9125,2021-01-29,1943,021844,,5,2,9,1200,0,2,4,,1,020,"MYRTLE AVE","FRESHWATER RD",750.00,S,N,A,-,N,,,,,,,,,,Y,3,0,2,1,A,-,08,22107,,N,F,A,A,A,H,-,D,D,0,,,,,Y,,A,01,0,2,0,0,0,0,0,0,0,"- ","- ",40.783538818359375,-124.08685302734375,HUMBOLDT,UNINCORPORATED,-124.08670806884766,40.783843994140625
9140353,2020,2020-08-25,1203,2020-03-04,1546,4048,P42,3,5,4,1203,0,0,0,,0,003,HUNTOON,"H ST",114.00,E,N,A,-,N,,,,,,,,,,N,4,0,1,2,A,-,03,22350,,N,C,C,A,A,H,-,A,D,0,,,,,Y,Y,A,07,0,0,1,0,0,0,0,0,0,"- ","- ",40.78955078125,-124.15659332275391,HUMBOLDT,EUREKA,-124.16086578369141,40.786979675292969
91403579,2021,2021-02-05,9126,2021-01-26,1850,022460,,2,2,9,1200,0,2,4,,1,006,"ALDERPOINT ROAD","DYERVILLE LOOP ROAD",271.00,E,N,D,G,N,,,,,,,,,,Y,3,0,2,1,A,-,08,22107,,N,F,A,A,C,H,-,D,D,0,,,,,Y,,D,22,0,1,1,0,0,0,0,0,0,"- ","- ",40.105690002441406,-123.70236968994141,HUMBOLDT,UNINCORPORATED,-123.69908905029297,40.107879638671875
91406072,2021,2021-02-10,9125,2021-01-30,1850,020895,,6,2,9,1200,0,1,2,,2,019,"US-101 S/B","AIRPORT RD",300.00,N,N,B,-,Y,,,101,,,,,,S,Y,4,0,1,1,A,-,08,22107,,N,E,I,A,B,H,-,D,D,0,,,,,Y,,A,07,0,0,1,0,0,0,0,0,0,"- ","- ",40.969741821289062,-124.11599731445312,HUMBOLDT,UNINCORPORATED,-124.11609649658203,40.969738006591797
91406129,2021,2021-02-10,9125,2021-02-03,1255,016714,,3,1,9,1200,0,1,3,,1,060,"SR-299 (TRINITY HIGHWAY)","BAIR RD.",7920.00,E,N,C,-,Y,,,299,,,,,,,Y,4,0,5,2,A,-,05,21460,A,N,B,C,A,B,H,-,A,D,0,,,,,Y,,-,"- ",0,0,5,0,0,0,0,0,0,"- ","- ",40.91455078125,-123.825439453125,HUMBOLDT,UNINCORPORATED,-123.82541656494141,40.914558410644531
91406238,2021,2021-02-10,9125,2021-02-06,0900,021313,,6,1,9,1200,0,1,3,,1,062,SR-96,"SUGAR BOWL RANCH RD",35.00,S,N,B,-,Y,,,96,,,,,,,Y,3,0,1,1,A,-,08,22107,,N,F,I,A,B,H,-,A,D,0,,,,,Y,,D,22,0,1,0,0,0,0,0,0,0,"- ","- ",41.006858825683594,-123.64826202392578,HUMBOLDT,UNINCORPORATED,-123.64827728271484,41.006858825683594
91408460,2021,2021-02-16,9125,2021-02-01,0830,014643,,1,1,9,1200,0,1,2,,2,017,"US-101 (REDWOOD HIGHWAY)","ROBINSON ROAD",13.00,S,N,B,C,Y,,,101,,,,,,,Y,3,0,1,1,A,-,01,23152,G,N,E,I,A,B,H,-,A,D,0,,,,,Y,Y,A,01,0,1,0,0,0,0,0,0,0,"- ","- ",41.305850982666016,-124.04508972167969,HUMBOLDT,UNINCORPORATED,-124.04499816894531,41.305908203125
91409428,2021,2021-02-16,9125,2021-02-09,2500,016241,,2,4,9,1200,0,3,5,,2,003,"ALLARD AVENUE","LITTLE FAIRFIELD STREET",0.00,,Y,B,-,N,,,,,,,,,,N,2,0,1,2,D,-,00,,,F,G,B,E,A,H,-,D,D,0,Y,,,,Y,,-,"- ",1,0,0,0,1,0,0,0,0,"- ","- ",40.773170471191406,-124.18212127685547,HUMBOLDT,UNINCORPORATED,-124.18205261230469,40.773292541503906
91409802,2021,2021-02-17,9125,2021-02-11,0500,022402,,4,3,9,1200,0,1,2,,2,016,"US-101 S/B","CALTRANS UTILITY DRIVEWAY",257.00,S,N,A,-,Y,,,101,,,,,,S,Y,4,0,1,1,A,-,08,22107,,N,E,I,A,A,H,-,D,D,0,,,,,Y,,A,01,0,0,1,0,0,0,0,0,0,"- ","- ",41.410980224609375,-124.00328063964844,HUMBOLDT,UNINCORPORATED,-124.00334930419922,41.410964965820312
91411009,2021,2021-02-18,9125,2021-02-10,1218,016714,,3,1,9,1200,0,2,4,,1,010,"CENTRAL AVE. (3000 BLOCK)","HORRELL AVE.",421.00,S,N,A,-,N,,,,,,,,,,Y,4,0,2,2,A,-,03,22350,,N,C,C,A,A,H,-,A,D,0,,,,,Y,,D,22,0,0,2,0,0,0,0,0,0,"- ","- ",40.959758758544922,-124.10079956054688,HUMBOLDT,UNINCORPORATED,-124.10076904296875,40.959854125976562
91411051,2021,2021-02-18,9125,2021-02-14,1235,022284,,7,1,9,1200,0,1,3,,1,061,SR-299,"WILLOW GLEN",3274.00,W,N,B,C,Y,,,299,,,,,,,Y,3,0,2,1,A,-,08,22107,,N,E,I,A,B,H,-,A,D,0,,,,,Y,,A,07,0,2,0,0,0,0,0,0,0,"- ","- ",40.942378997802734,-123.64408111572266,HUMBOLDT,UNINCORPORATED,-123.64405059814453,40.942409515380859
91413427,2021,2021-02-23,9126,2021-02-18,1415,021049,,4,2,9,1200,0,2,4,,1,008,"SPROWEL CREEK ROAD","OLD BRICELAND ROAD",3696.00,W,N,B,-,N,,,,,,,,,,Y,3,0,1,2,A,-,05,21650,,N,A,C,A,A,H,-,A,D,0,,,,,Y,,A,07,0,1,0,0,0,0,0,0,0,"- ","- ",40.079959869384766,-123.81710052490234,HUMBOLDT,UNINCORPORATED,-123.81771850585938,40.079410552978516
91414290,2021,2021-02-24,9125,2021-02-18,1050,018958,,4,1,9,1200,0,1,2,,1,024,US-101,"BRACUT RD.",0.00,,Y,B,C,N,,,101,,,,,,,Y,2,0,2,2,A,-,09,21801,A,N,D,C,A,B,H,-,A,A,0,,,,,Y,,A,01,1,0,1,0,0,0,0,0,0,"- ","- ",40.827499389648438,-124.08415222167969,HUMBOLDT,UNINCORPORATED,-124.08414459228516,40.827495574951172
91414342,2021,2021-02-24,9125,2021-02-18,1749,021450,,4,2,9,1200,0,1,3,,1,047,SR-36,"CORBETT RANCH LN",792.00,E,N,C,-,Y,,,36,,,,,,,Y,3,0,1,1,A,-,08,22107,,N,E,I,A,B,H,-,D,D,0,,,,,Y,,D,22,0,1,0,0,0,0,0,0,0,"- ","- ",40.517311096191406,-124.02129364013672,HUMBOLDT,UNINCORPORATED,-124.02125549316406,40.517341613769531
91414618,2021,2021-02-24,9125,2021-02-19,1225,021815,,5,1,9,1200,0,1,3,,1,061,SR-299,"ROY LN",400.00,W,N,B,-,Y,,,299,,,,,,,Y,4,0,1,2,A,-,03,22350,,N,C,C,A,B,H,-,A,D,0,,,,,Y,,A,01,0,0,1,0,0,0,0,0,0,"- ","- ",40.911651611328125,-123.61688995361328,HUMBOLDT,UNINCORPORATED,-123.61691284179688,40.911643981933594
91414796,2021,2021-02-25,9125,2021-02-21,0100,021688,,7,3,9,1200,0,1,2,,2,019,"US 101 NORTHBOUND TO SCHOOL ROAD","US 101 NORTHBOUND",250.00,E,N,A,-,N,,,,,,,,,,Y,3,0,1,1,A,-,01,23152,A,N,F,A,A,A,H,-,C,A,0,,,,,Y,Y,A,07,0,1,0,0,0,0,0,0,0,"- ","- ",40.9344482421875,-124.1138916015625,HUMBOLDT,UNINCORPORATED,-124.17044830322266,40.801319122314453
91416586,2021,2021-02-26,9125,2021-02-18,2150,022297,,4,2,9,1200,0,2,4,,1,011,"FIELDBROOK RD. E/B","SQUAW CREEK RD",121.00,W,N,B,C,N,,,,,,,,,,Y,3,0,1,1,A,-,01,23152,A,N,E,I,A,B,H,-,D,D,0,,,,,Y,Y,D,22,0,1,0,0,0,0,0,0,0,"- ","- ",40.939830780029297,-124.02349090576172,HUMBOLDT,UNINCORPORATED,-124.02326202392578,40.939647674560547
91418924,2021,2021-03-02,9125,2021-02-17,1410,018958,,3,2,9,1200,0,1,2,,2,018,US-101,"BIG LAGOON PARK RD",1056.00,N,N,A,-,Y,,,101,,,,,,,Y,4,0,1,1,A,-,08,22107,,N,E,I,A,A,H,-,A,D,0,,,,,Y,,A,01,0,0,1,0,0,0,0,0,0,"- ","- ",41.159011840820312,-124.12122344970703,HUMBOLDT,UNINCORPORATED,-124.1212158203125,41.15899658203125
91419152,2021,2021-03-02,9125,2021-02-19,0630,016577,,5,1,9,1200,0,1,3,,1,048,SR-36,"RATTLESNAKE BRIDGE RD",10560.00,W,N,B,C,Y,,,36,,,,,,,Y,2,0,1,2,A,-,04,21703,,N,C,C,A,B,H,-,B,D,0,,,,,Y,,A,07,1,0,0,0,0,0,0,0,0,"- ","- ",40.49169921875,-123.61296844482422,HUMBOLDT,UNINCORPORATED,-123.61296844482422,40.491714477539062
91420082,2021,2021-03-03,9125,2021-02-22,1607,020946,,1,2,9,1200,0,1,2,,2,030,"US-101 N/B","LOLETA DR",5808.00,N,N,A,-,Y,,,101,,,,,,N,Y,3,0,1,1,A,-,08,22107,,N,F,A,A,A,H,-,A,D,0,,,,,Y,,A,01,0,1,0,0,0,0,0,0,0,"- ","- ",40.619010925292969,-124.20417785644531,HUMBOLDT,UNINCORPORATED,-124.20399475097656,40.619277954101562
91420123,2021,2021-03-03,9125,2021-02-24,1325,016241,,3,1,9,1200,0,1,2,,2,044,"US 101 SOUTHBOUND","SINGLEY ROAD UNDERCROSSING",1320.00,N,N,A,-,Y,,,,,,,,,,Y,2,0,2,2,A,-,07,21658,A,F,E,I,A,A,H,-,A,D,0,,,,,Y,,-,99,1,0,1,0,0,0,0,0,0,"- ","- ",40.623260498046875,-124.21405792236328,HUMBOLDT,UNINCORPORATED,-124.2115478515625,40.652446746826172
91420896,2021,2021-03-04,9125,2021-02-26,1735,021450,,5,2,9,1200,0,1,2,,2,045,"US-101 SOUTHBOUND","METROPOLITAN HTS RD",792.00,S,N,B,-,Y,,,101,,,,,,S,Y,4,0,1,1,A,-,03,22350,,N,E,I,A,A,H,-,A,D,0,,,,,Y,,A,01,0,0,1,0,0,0,0,0,0,"- ","- ",40.513141632080078,-124.12653350830078,HUMBOLDT,UNINCORPORATED,-124.12655639648438,40.513099670410156
91421533,2021,2021-03-05,9125,2021-02-26,1344,021815,,5,1,9,1200,0,3,5,,2,005,"PINE CREEK RD","REDWOOD GROVE RD",1584.00,S,N,B,-,N,,,,,,,,,,Y,2,0,2,2,A,-,05,21650,,N,E,I,A,B,H,-,A,D,0,,,,,Y,,D,22,1,1,0,0,0,0,0,0,0,"- ","- ",41.066268920898438,-123.69503021240234,HUMBOLDT,UNINCORPORATED,-123.69461059570312,41.067535400390625
91421657,2021,2021-03-05,9125,2021-02-27,1310,016577,,6,1,9,1200,0,3,5,,2,003,"GRIZZLY BLUFF RD","WADDINGTON RD",0.00,,Y,A,-,N,,,,,,,,,,N,4,0,1,2,A,-,03,22350,,N,C,C,A,A,H,-,A,D,0,,,,,Y,,D,22,0,0,1,0,0,0,0,0,0,"- ","- ",40.566799163818359,-124.20217895507812,HUMBOLDT,UNINCORPORATED,-124.20211791992188,40.566806793212891
91422809,2021,2021-03-08,9126,2021-03-01,0710,021836,,1,1,9,1200,0,1,2,,2,044,"US-101 SOUTHBOUND","SALMON CREEK ROAD",3168.00,N,N,E,-,Y,,,101,,,,,,S,Y,2,0,2,2,A,-,05,21651,A,N,A,C,A,A,H,-,A,D,0,,,,,Y,,A,01,1,1,0,0,0,0,0,0,0,"- ","- ",40.257129669189453,-123.83921051025391,HUMBOLDT,UNINCORPORATED,-123.83919525146484,40.257156372070312
91422820,2021,2021-06-03,9126,2021-02-28,1000,021846,,7,1,9,1200,0,1,3,,1,020,SR-254,"ELK CREEK ROAD",0.00,,N,A,-,Y,,,254,,,,,,,Y,1,1,1,1,A,-,08,22107,,N,E,I,A,A,H,-,A,D,0,,,,,Y,,A,01,0,1,0,0,0,0,0,0,0,"- ","- ",40.268421173095703,-123.84893798828125,HUMBOLDT,UNINCORPORATED,-123.84895324707031,40.268409729003906
91422830,2021,2021-03-08,9125,2021-02-28,1600,019243,,7,2,9,1200,0,3,5,,2,001,"BIG LAGOON PARK RD",US-101,30.00,W,N,A,-,N,,,,,,,,,,Y,3,0,1,2,A,-,08,22107,,N,D,C,A,A,H,-,A,D,0,,,,,Y,,A,01,0,1,0,0,0,0,0,0,0,"- ","- ",41.156021118164062,-124.12702941894531,HUMBOLDT,UNINCORPORATED,-124.12698364257812,41.155986785888672
91423700,2021,2021-03-09,9126,2021-03-03,0850,021102,,3,1,9,1200,0,1,2,,2,022,"US-101 S/B","JORDAN ROAD",2640.00,S,N,A,-,Y,,,101,,,,,,S,Y,2,0,1,1,A,-,08,22107,,N,E,I,A,A,H,-,A,D,0,,,,,Y,,A,07,1,0,0,0,0,0,0,0,0,"- ","- ",40.441608428955078,-124.02194976806641,HUMBOLDT,UNINCORPORATED,-124.02193450927734,40.441566467285156
91424421,2021,2021-03-10,9125,2021-02-22,1045,021313,,1,1,9,1200,0,1,3,,1,051,SR-96,"CARPENTER LN",14784.00,E,N,A,-,Y,,,96,,,,,,,Y,2,0,1,1,A,-,08,22107,,M,E,I,A,A,H,-,A,D,0,,,,,Y,,D,22,1,0,0,0,0,0,0,0,0,"- ","- ",41.133350372314453,-123.68641662597656,HUMBOLDT,UNINCORPORATED,-123.68634033203125,41.133293151855469