CASE_ID,ACCIDENT_YEAR,PROC_DATE,JURIS,COLLISION_DATE,COLLISION_TIME,OFFICER_ID,REPORTING_DISTRICT,DAY_OF_WEEK,CHP_SHIFT,POPULATION,CNTY_CITY_LOC,SPECIAL_COND,BEAT_TYPE,CHP_BEAT_TYPE,CITY_DIVISION_LAPD,CHP_BEAT_CLASS,BEAT_NUMBER,PRIMARY_RD,SECONDARY_RD,DISTANCE,DIRECTION,INTERSECTION,WEATHER_1,WEATHER_2,STATE_HWY_IND,CALTRANS_COUNTY,CALTRANS_DISTRICT,STATE_ROUTE,ROUTE_SUFFIX,POSTMILE_PREFIX,POSTMILE,LOCATION_TYPE,RAMP_INTERSECTION,SIDE_OF_HWY,TOW_AWAY,COLLISION_SEVERITY,NUMBER_KILLED,NUMBER_INJURED,PARTY_COUNT,PRIMARY_COLL_FACTOR,PCF_CODE_OF_VIOL,PCF_VIOL_CATEGORY,PCF_VIOLATION,PCF_VIOL_SUBSECTION,HIT_AND_RUN,TYPE_OF_COLLISION,MVIW,PED_ACTION,ROAD_SURFACE,ROAD_COND_1,ROAD_COND_2,LIGHTING,CONTROL_DEVICE,CHP_ROAD_TYPE,PEDESTRIAN_ACCIDENT,BICYCLE_ACCIDENT,MOTORCYCLE_ACCIDENT,TRUCK_ACCIDENT,NOT_PRIVATE_PROPERTY,ALCOHOL_INVOLVED,STWD_VEHTYPE_AT_FAULT,CHP_VEHTYPE_AT_FAULT,COUNT_SEVERE_INJ,COUNT_VISIBLE_INJ,COUNT_COMPLAINT_PAIN,COUNT_PED_KILLED,COUNT_PED_INJURED,COUNT_BICYCLIST_KILLED,COUNT_BICYCLIST_INJURED,COUNT_MC_KILLED,COUNT_MC_INJURED,PRIMARY_RAMP,SECONDARY_RAMP,LATITUDE,LONGITUDE,COUNTY,CITY,POINT_X,POINT_Y
91604550,2021,2021-10-25,9125,2021-09-27,1232,016577,,1,1,9,1200,0,3,5,,2,001,"FERNBRIDGE DR","EEL RIVER DR",1056.00,S,N,B,C,N,,,,,,,,,,Y,3,0,1,2,A,-,08,22107,,N,A,E,A,B,H,-,A,D,0,,,,,Y,,A,08,0,1,0,0,0,0,0,0,0,"- ","- ",40.619068145751953,-124.20703887939453,HUMBOLDT,UNINCORPORATED,-124.20647430419922,40.618732452392578
9160473,2020,2021-01-09,1203,2020-10-06,1547,4044,P16,2,5,4,1203,0,0,0,,0,001,"7TH ST","E ST",0.00,,Y,A,-,N,,,,,,,,,,Y,3,0,3,2,A,-,12,21453,A,N,D,C,A,A,H,-,A,D,0,,,,,Y,,A,07,0,3,0,0,0,0,0,0,0,"- ","- ",40.800140380859375,-124.16664886474609,HUMBOLDT,EUREKA,-124.16667175292969,40.800151824951172
91607340,2021,2021-10-27,9125,2021-10-05,1657,020962,,2,2,9,1200,0,3,5,,2,002,"PENINSULA DR",SR-255,214.00,W,N,C,-,N,,,,,,,,,,Y,3,0,2,2,A,-,05,21460,A,N,A,C,A,B,H,-,A,D,0,,,,,Y,,A,07,0,2,0,0,0,0,0,0,0,"- ","- ",40.837760925292969,-124.17111968994141,HUMBOLDT,UNINCORPORATED,-124.17110443115234,40.837718963623047
91607381,2021,2021-10-27,9125,2021-10-07,0140,022238,,4,3,9,1200,0,3,5,,2,002,"STARLING AVENUE","DARREN ALLEN LANE",12.00,E,N,A,-,N,,,,,,,,,,N,2,0,1,1,A,-,08,22107,,N,E,I,A,A,H,-,C,D,0,,,,,Y,,M,96,1,0,0,0,0,0,0,0,0,"- ","- ",40.936389923095703,-124.08267974853516,HUMBOLDT,UNINCORPORATED,-124.08271789550781,40.936470031738281
91608093,2021,2021-10-27,9125,2021-10-17,1903,022238,,7,2,9,1200,0,2,4,,1,010,"CENTRAL AVENUE","HILLER ROAD",100.00,S,N,C,-,N,,,,,,,,,,N,2,0,1,2,A,-,11,21954,A,N,G,B,D,B,H,-,C,A,0,Y,,,,Y,,N,60,1,0,0,0,1,0,0,0,0,"- ","- ",40.941738128662109,-124.10093688964844,HUMBOLDT,UNINCORPORATED,-124.10096740722656,40.94189453125
91608848,2021,2021-10-28,9125,2021-10-14,1305,014643,,4,1,9,1200,0,3,5,,2,001,"MCKINLEYVILLE AVE","COMKID LANE",11.00,S,N,A,-,N,,,,,,,,,,N,4,0,1,2,A,-,06,21750,A,N,B,C,A,A,H,-,A,D,0,,,,,Y,,D,22,0,0,1,0,0,0,0,0,0,"- ","- ",40.94744873046875,-124.11065673828125,HUMBOLDT,UNINCORPORATED,-124.11064147949219,40.947460174560547
91611096,2021,2021-10-29,9125,2021-10-19,2104,022677,,2,2,9,1200,0,1,2,,2,016,US-101,"BALD HILLS RD",2640.00,N,N,C,-,N,,,101,,,,,,,Y,4,0,1,2,A,-,03,22350,,N,C,C,A,B,G,-,D,D,0,,,,,Y,Y,A,01,0,0,1,0,0,0,0,0,0,"- ","- ",41.303131103515625,-124.04460144042969,HUMBOLDT,UNINCORPORATED,-124.04461669921875,41.303146362304688
91613663,2021,2021-11-02,9125,2021-10-23,1430,016710,,6,2,9,1200,0,1,S,,2,055,"CA-36 E/B","DINSMORE ROAD",980.00,E,N,B,-,Y,,,,,,,,,,N,3,0,2,2,A,-,05,21460,A,N,B,C,A,B,H,-,A,D,0,,,,,Y,Y,D,22,0,2,0,0,0,0,0,0,0,"- ","- ",40.492111206054688,-123.60707092285156,HUMBOLDT,UNINCORPORATED,-123.60710906982422,40.492073059082031
91613959,2021,2021-11-02,9126,2021-10-24,2030,022383,,7,2,9,1200,0,3,5,,2,222,"BLUE RIDGE ROAD","HEMLOCK RD",285.00,S,N,B,C,N,,,,,,,,,,Y,2,0,1,1,A,-,01,23152,A,N,F,A,A,B,H,-,D,D,0,,,,,Y,Y,D,22,1,0,0,0,0,0,0,0,0,"- ","- ",40.030128479003906,-124.04910278320312,HUMBOLDT,UNINCORPORATED,-124.04905700683594,40.030109405517578
91615301,2021,2021-11-03,9125,2021-10-17,2330,022314,,7,3,9,1200,0,1,3,,1,060,SR-299,"SABER TOOTH RD",3696.00,E,N,B,C,Y,,,299,,,,,,,Y,4,0,1,1,A,-,03,22350,,N,E,8,A,B,H,-,D,D,0,,,,,Y,,A,01,0,0,1,0,0,0,0,0,0,"- ","- ",40.911281585693359,-123.80933380126953,HUMBOLDT,UNINCORPORATED,-123.80939483642578,40.911319732666016
91616605,2021,2021-11-04,9126,2021-09-24,1330,022610,,5,1,9,1200,0,1,3,,2,050,SR-254,"NEWTON RD",5280.00,S,N,A,-,Y,,,254,,,,,,,Y,3,0,5,2,A,-,05,21460,A,F,A,C,A,A,H,-,A,D,0,,,,,Y,Y,A,07,0,5,0,0,0,0,0,0,0,"- ","- ",40.314849853515625,-123.91829681396484,HUMBOLDT,UNINCORPORATED,-123.91829681396484,40.314861297607422
91617777,2021,2021-11-08,9125,2021-10-31,0407,021812,,7,3,9,1200,0,1,2,,2,016,"TOMPKINS HILL ROAD NORTHBOUND","BRAUN LANE",250.00,N,N,B,C,N,,,,,,,,,,Y,3,0,1,1,A,-,01,23152,A,N,E,I,A,B,H,-,D,D,0,,,,,Y,Y,A,01,0,1,0,0,0,0,0,0,0,"- ","- ",40.692371368408203,-124.19619750976562,HUMBOLDT,UNINCORPORATED,-124.19619899999999,40.692146000000001
91617908,2021,2021-11-08,9125,2021-10-25,0659,021844,,1,1,9,1200,0,1,2,,1,024,"US-101 N/B","KOA DRIVE",365.00,S,N,B,C,Y,,,101,,,,,,N,Y,3,0,1,2,A,-,07,21658,A,N,D,C,A,B,H,-,B,D,0,,,,,Y,,D,22,0,1,0,0,0,0,0,0,0,"- ","- ",40.826980590820312,-124.08399963378906,HUMBOLDT,UNINCORPORATED,-124.08404541015625,40.827007293701172
91618920,2021,2021-11-08,9126,2021-10-28,1820,022610,,4,2,9,1200,0,1,2,,2,044,"US-101 S/B","SR-254 (MYERS FLAT)",1000.00,N,N,B,-,Y,,,101,,,,,,S,Y,4,0,1,1,A,-,01,23152,A,N,E,8,A,B,H,-,D,D,0,,,,,Y,Y,D,22,0,0,1,0,0,0,0,0,0,"- ","- ",40.268878936767578,-123.87420654296875,HUMBOLDT,UNINCORPORATED,-123.87413024902344,40.268917083740234
91620968,2021,2021-11-09,9125,2021-10-24,2000,022677,,7,2,9,1200,0,3,5,,2,004,"SINGLEY HILL RD W/B","BEAR RIVER DRIVE",1056.00,E,N,C,-,N,,,,,,,,,,Y,3,0,1,1,A,-,01,23152,A,N,E,I,A,B,H,-,D,D,0,,,,,Y,Y,A,01,0,1,0,0,0,0,0,0,0,"- ","- ",40.631931304931641,-124.20433807373047,HUMBOLDT,UNINCORPORATED,-124.20735168457031,40.629093170166016
91623025,2021,2021-11-12,9125,2021-10-08,1450,022677,,5,2,9,1200,0,1,3,,1,014,SR-299,"SNOW CAMP ROAD",13200.00,W,N,A,-,Y,,,299,,,,,,,Y,2,0,1,1,A,-,03,22350,,N,E,I,A,A,H,-,A,D,0,,,,Y,Y,,G,25,1,0,0,0,0,0,0,0,0,"- ","- ",40.933338165283203,-123.90062713623047,HUMBOLDT,UNINCORPORATED,-123.90064239501953,40.933341979980469
91623029,2021,2021-11-12,9125,2021-10-12,1910,022654,,2,2,9,1200,0,1,3,,1,047,"STATE ROUTE 36","CREEKSIDE LANE",148.00,E,N,A,-,Y,,,36,,,,,,,Y,2,0,2,2,A,-,03,22350,,N,C,C,A,A,H,-,D,D,0,,,,,Y,,A,01,1,0,1,0,0,0,0,0,0,"- ","- ",40.537239074707031,-124.05905914306641,HUMBOLDT,UNINCORPORATED,-124.05905914306641,40.537239074707031
91623803,2021,2021-11-15,9125,2021-11-06,1725,021919,,6,2,9,1200,0,1,2,,1,024,"US-101 S/B","AIRPORT ROAD",4224.00,N,N,A,-,Y,,,101,,,,,,S,N,3,0,1,2,A,-,08,22107,,N,H,J,A,A,H,-,A,D,0,,Y,,,Y,,L,04,0,1,0,0,0,0,1,0,0,"- ","- ",40.813201904296875,-124.10780334472656,HUMBOLDT,UNINCORPORATED,-124.10778045654297,40.813167572021484
91625664,2021,2021-11-16,9125,2021-10-20,1239,022693,,3,1,9,1200,0,1,3,,1,061,SR-299,"NEW 3 CREEKS ROAD",2640.00,E,N,B,-,Y,,,299,,,,,,,Y,4,0,1,1,A,-,03,22350,,M,F,I,A,B,H,-,A,D,0,,,,,Y,,D,22,0,0,1,0,0,0,0,0,0,"- ","- ",40.920200347900391,-123.69772338867188,HUMBOLDT,UNINCORPORATED,-123.69764709472656,40.920173645019531
91625724,2021,2021-11-16,9126,2021-11-04,1435,021507,,4,2,9,1200,0,1,2,,1,066,US-101,"BOB MARLEY WAY",0.00,,Y,B,-,Y,,,101,,,,,,,N,4,0,1,2,A,-,09,21804,A,N,B,C,A,B,H,-,A,D,0,,,,,Y,,A,01,0,0,1,0,0,0,0,0,0,"- ","- ",40.010238647460938,-123.79057312011719,HUMBOLDT,UNINCORPORATED,-123.79051971435547,40.010257720947266
91626370,2021,2021-11-16,9125,2021-10-27,0300,021929,,3,3,9,1200,0,1,3,,1,061,SR-299,"NEW 3 CREEKS ROAD",400.00,E,N,B,-,Y,,,299,,,,,,,Y,4,0,1,1,A,-,08,22107,,N,F,A,A,B,H,-,A,D,0,,,,,Y,,A,08,0,0,1,0,0,0,0,0,0,"- ","- ",40.919410705566406,-123.69819641113281,HUMBOLDT,UNINCORPORATED,-123.69814300537109,40.919357299804688
91626911,2021,2021-11-17,9125,2021-10-26,1400,022677,,2,2,9,1200,0,1,2,,2,045,"US-101 N/B","STAFFORD RD",4224.00,S,N,B,-,Y,,,101,,,,,,N,Y,3,0,1,1,A,-,08,22107,,N,F,A,A,B,H,-,A,D,0,,,,,Y,,E,22,0,1,0,0,0,0,0,0,0,"- ","- ",40.452259063720703,-124.04470825195312,HUMBOLDT,UNINCORPORATED,-124.04466247558594,40.452339172363281
91627339,2021,2021-11-17,9125,2021-10-31,1920,022677,,7,2,9,1200,0,2,4,,1,021,"HARRIS ST","FREESE AVENUE",10.00,E,N,A,-,N,,,,,,,,,,N,3,0,1,2,A,-,11,21950,B,N,G,B,C,B,H,-,C,A,0,Y,,,,Y,,N,60,0,1,0,0,1,0,0,0,0,"- ","- ",40.780490875244141,-124.13314056396484,HUMBOLDT,UNINCORPORATED,-124.13318634033203,40.780498504638672
91627601,2021,2021-11-17,9125,2021-11-02,1020,019243,,2,1,9,1200,0,1,3,,1,061,SR-299,"CEDAR CREEK RD",3168.00,E,N,A,-,Y,,,299,,,,,,,Y,3,0,1,1,A,-,03,22350,,N,E,I,A,B,H,-,A,D,0,,,,,Y,,A,01,0,1,0,0,0,0,0,0,0,"- ","- ",40.904449462890625,-123.74054718017578,HUMBOLDT,UNINCORPORATED,-123.74060821533203,40.904556274414062
91628099,2021,2021-11-18,9125,2021-10-27,0638,021929,,3,1,9,1200,0,1,3,,1,060,SR-299,"SABER TOOTH ROAD",4224.00,E,N,B,-,Y,,,299,,,,,,,Y,2,0,1,1,A,-,08,22107,,N,E,I,A,B,H,-,D,D,0,,,,,Y,,A,01,1,0,0,0,0,0,0,0,0,"- ","- ",40.911991119384766,-123.80906677246094,HUMBOLDT,UNINCORPORATED,-123.80901336669922,40.911952972412109
91628762,2021,2021-11-18,9125,2021-11-03,1105,014643,,3,1,9,1200,0,1,2,,2,019,"MURRAY ROAD","US-101 NORTHBOUND OFF/ONRAMPS",0.00,,Y,A,-,Y,,,,,,,,,,Y,3,0,1,2,A,-,09,21802,A,N,D,C,A,A,H,-,A,A,0,,,,,Y,,A,07,0,1,0,0,0,0,0,0,0,"- ","- ",40.956249237060547,-124.11563110351562,HUMBOLDT,UNINCORPORATED,,
91633684,2021,2021-11-23,9126,2021-11-10,0005,022383,,3,3,9,1200,0,1,2,,2,044,"US-101 N/B","FRENCH RD",1584.00,N,N,A,-,Y,,,101,,,,,,N,Y,3,0,1,1,A,-,08,22107,,N,E,I,A,A,H,-,D,D,0,,,,,Y,,A,01,0,1,0,0,0,0,0,0,0,"- ","- ",40.228298187255859,-123.82965087890625,HUMBOLDT,UNINCORPORATED,-123.82968139648438,40.228286743164062
91634829,2021,2021-11-24,9125,2021-11-06,1225,019243,,6,1,9,1200,0,1,3,,1,061,SR-299,"TITLOW HILL RD",17952.00,E,N,B,-,Y,,,299,,,,,,,Y,3,0,1,1,A,-,03,22350,,N,E,I,A,B,H,-,A,D,0,,,,,Y,,D,22,0,1,0,0,0,0,0,0,0,"- ","- ",40.907649993896484,-123.71884918212891,HUMBOLDT,UNINCORPORATED,-123.71889495849609,40.907768249511719
91634859,2021,2021-11-24,9125,2021-11-14,2240,022314,,7,3,9,1200,0,3,5,,2,005,"MARSHALL LANE",SR-96,454.00,E,N,A,-,N,,,,,,,,,,Y,2,0,1,1,A,-,01,23152,A,N,E,I,A,A,H,-,D,D,0,,,,,Y,Y,A,01,1,0,0,0,0,0,0,0,0,"- ","- ",41.087528228759766,-123.69744110107422,HUMBOLDT,UNINCORPORATED,-123.697777,41.087516999999998
9163571,2020,2020-11-10,1203,2020-09-24,1713,4042,P42,4,5,4,1203,0,0,0,,0,003,"I ST","DEL NORTE ST",0.00,,Y,B,-,N,,,,,,,,,,Y,3,0,2,2,A,-,09,21802,A,N,D,C,A,A,H,-,A,D,0,,,,,Y,,A,01,0,2,0,0,0,0,0,0,0,"- ","- ",40.790569305419922,-124.16020965576172,HUMBOLDT,EUREKA,-124.16010284423828,40.790481567382812
91635925,2021,2021-11-29,9125,2021-11-14,1930,022314,Hoopa,7,2,9,1200,0,2,4,,1,011,"PINE CREEK ROAD","BEAVER CREEK ROAD",2112.00,N,N,A,-,N,,,,,,,,,,Y,3,0,1,1,A,-,08,22107,,N,E,I,A,A,H,-,D,D,0,,,,,Y,,D,22,0,1,0,0,0,0,0,0,0,"- ","- ",41.103610992431641,-123.70903778076172,HUMBOLDT,UNINCORPORATED,,
91636441,2021,2021-11-29,9125,2021-10-23,1619,022154,,6,2,9,1200,0,1,2,,2,016,US-101,"NEWTON B. DRURY SCENIC PARKWAY",4752.00,N,N,B,-,Y,,,101,,,,,,,Y,3,0,4,1,A,-,08,22107,,N,E,8,A,B,H,-,A,D,0,,,,,Y,,A,07,0,4,0,0,0,0,0,0,0,"- ","- ",41.357051849365234,-124.01306915283203,HUMBOLDT,UNINCORPORATED,-124.01296997070312,41.356960296630859
91636533,2021,2021-11-29,9125,2021-11-08,1215,014643,,1,1,9,1200,0,3,5,,2,001,"PATRICKS POINT DRIVE","SEAWOOD DRIVE",4752.00,N,N,B,-,N,,,,,,,,,,Y,4,0,1,1,A,-,03,22350,,N,E,I,A,A,H,-,A,A,0,,,,,Y,,D,22,0,0,1,0,0,0,0,0,0,"- ","- ",40.108371734619141,-124.15995025634766,HUMBOLDT,UNINCORPORATED,-124.15898132324219,41.109359741210938
91636624,2021,2021-11-29,9125,2021-11-08,1935,020962,,1,2,9,1200,0,1,3,,1,012,SR-200,"AZALEA RD",1056.00,E,N,C,-,Y,,,200,,,,,,,Y,2,0,2,1,A,-,03,22350,,N,E,I,A,B,H,-,D,D,0,,,,,Y,,D,22,1,1,0,0,0,0,0,0,0,"- ","- ",40.915069580078125,-124.07669067382812,HUMBOLDT,UNINCORPORATED,-124.07667541503906,40.91510009765625
91637262,2021,2021-11-29,9125,2021-11-12,1546,021450,,5,2,9,1200,0,1,2,,2,044,"US-101 N/B","LOLETA DR",624.00,N,N,B,-,Y,,,101,,,,,,N,Y,4,0,1,2,A,-,07,21658,A,N,B,C,A,A,H,-,A,D,0,,,,,Y,,A,01,0,0,1,0,0,0,0,0,0,"- ","- ",40.643581390380859,-124.20844268798828,HUMBOLDT,UNINCORPORATED,-124.20845031738281,40.643581390380859
91637475,2021,2021-11-29,9125,2021-11-14,1015,014643,,7,1,9,1200,0,3,5,,2,001,"GREENWOOD HEIGHTS DR","FRESHWATER RD",14784.00,N,N,B,-,N,,,,,,,,,,Y,3,0,1,1,A,-,08,22107,,N,E,I,A,B,H,-,A,D,0,,,,,Y,,D,22,0,1,0,0,0,0,0,0,0,"- ","- ",,,HUMBOLDT,UNINCORPORATED,-124.05325317382812,40.796672821044922
9164125,2020,2020-12-02,1203,2020-09-22,1511,4044,P31,2,5,4,1203,0,0,0,,0,002,"15TH ST","BROADWAY ST",0.00,,Y,A,-,Y,HUM,1,101,-,-,77.400,I,5,N,N,3,0,1,2,A,-,09,21804,A,N,D,C,A,A,H,-,A,D,0,,,,,Y,,D,22,0,1,0,0,0,0,0,0,0,"- ","- ",40.792888641357422,-124.17756652832031,HUMBOLDT,EUREKA,-124.17747497558594,40.792919158935547
91641409,2021,2021-12-03,9125,2021-11-21,2500,022238,,7,4,9,1200,0,1,3,,1,048,"SR-36 WESTBOUND","GRIZZLY CREEK",100.00,W,N,A,-,Y,,,36,,,,,,W,Y,2,0,1,1,A,-,01,23152,A,M,E,8,A,A,H,-,D,D,0,,,,,Y,Y,D,22,1,0,0,0,0,0,0,0,0,"- ","- ",40.487339019775391,-123.90699768066406,HUMBOLDT,UNINCORPORATED,-123.90699768066406,40.487350463867188
91641898,2021,2021-12-03,9125,2021-11-19,1120,019243,,5,1,9,1200,0,1,3,,1,061,SR-299,"CEDAR CREEK RD",2640.00,E,N,A,-,Y,,,299,,,,,,,Y,3,0,1,1,A,-,03,22350,,N,E,I,A,B,H,-,A,A,0,,,,,Y,,D,22,0,1,0,0,0,0,0,0,0,"- ","- ",40.904529571533203,-123.74369812011719,HUMBOLDT,UNINCORPORATED,-123.74368286132812,40.904563903808594
91642142,2021,2021-12-03,9125,2021-11-29,1602,022154,,1,2,9,1200,0,1,3,,1,062,SR-96,"TRINITY VIEW ROAD",539.00,N,N,A,-,Y,,,96,,,,,,,Y,3,0,1,1,A,-,08,22107,,N,E,I,A,B,H,-,D,D,0,,,,,Y,,A,01,0,1,0,0,0,0,0,0,0,"- ","- ",40.999660491943359,-123.64591979980469,HUMBOLDT,UNINCORPORATED,-123.64595794677734,40.999614715576172
91643234,2021,2021-12-06,9125,2021-11-29,2210,021919,,1,3,9,1200,0,1,2,,2,044,"US-101 S/B","12TH STREET",2640.00,N,N,A,-,Y,,,101,,,,,,S,Y,4,0,1,1,C,-,18,,,N,H,H,A,A,H,-,D,D,0,,,,,Y,,-,"- ",0,0,1,0,0,0,0,0,0,"- ","- ",40.591079711914062,-124.15711212158203,HUMBOLDT,UNINCORPORATED,-124.15713500976562,40.591072082519531
9164572,2020,2020-11-06,1205,2020-03-06,1059,0111,,5,5,3,1205,0,0,0,,0,,"L ST","11TH ST",61.00,E,N,A,-,N,,,,,,,,,,N,3,0,2,3,A,-,09,21804,A,N,B,C,A,A,H,-,A,D,0,,,,,Y,,D,22,0,2,0,0,0,0,0,0,0,"- ","- ",40.596981048583984,-124.15525054931641,HUMBOLDT,FORTUNA,-124.15531921386719,40.597148895263672
9164576,2020,2020-11-06,1205,2020-02-03,1828,0136,103,1,5,3,1205,0,0,0,,0,,"FORTUNA BL","SMITH LN",0.00,,Y,A,F,N,,,,,,,,,,Y,3,0,2,3,A,-,10,21950,A,N,G,B,C,A,H,-,C,D,0,Y,,,,Y,,D,22,0,2,0,0,2,0,0,0,0,"- ","- ",40.592540740966797,-124.14724731445312,HUMBOLDT,FORTUNA,-124.14667,40.592059999999996
9164580,2020,2020-11-06,1205,2020-01-28,1123,0112,101,2,5,3,1205,0,0,0,,0,,"ROHNERVILLE RD","NEWBURG RD",460.00,E,N,B,-,N,,,,,,,,,,Y,3,0,2,2,A,-,08,22103,,N,D,C,A,B,H,-,A,A,0,,,,,Y,,A,01,0,2,0,0,0,0,0,0,0,"- ","- ",40.592411041259766,-124.13826751708984,HUMBOLDT,FORTUNA,-124.13840484619141,40.592021942138672
9164604,2020,2020-10-26,1205,2020-07-20,1155,0151,"2 03",1,5,3,1205,0,0,0,,0,,"S FORTUNA BL","S FORTUNA BL 925",0.00,,Y,A,-,N,,,,,,,,,,N,4,0,1,2,A,-,05,21650,1,N,A,C,A,A,H,-,A,D,0,,Y,,,Y,,L,04,0,0,1,0,0,0,1,0,0,"- ","- ",40.58184814453125,-124.14629364013672,HUMBOLDT,FORTUNA,-124.14689199999999,40.581862000000001
9164612,2020,2020-10-28,1205,2020-06-17,1414,0133,1-04,3,5,3,1205,0,0,0,,0,,"MAIN ST","11TH ST",0.00,,Y,A,-,N,,,,,,,,,,N,4,0,1,2,A,-,03,22350,,N,C,C,A,A,H,-,A,A,0,,,,,Y,,I,09,0,0,1,0,0,0,0,0,0,"- ","- ",40.597808837890625,-124.15547180175781,HUMBOLDT,FORTUNA,-124.15554046630859,40.597980499267578
91646359,2021,2021-12-08,9125,2021-12-02,1910,022154,,4,2,9,1200,0,3,5,,2,002,"FRESHWATER ROAD","FALK LANE",140.00,W,N,B,-,N,,,,,,,,,,N,4,0,1,1,A,-,08,22107,,N,F,A,A,A,H,-,D,D,0,,,Y,,Y,,C,02,0,0,1,0,0,0,0,0,1,"- ","- ",40.780239105224609,-124.07666015625,HUMBOLDT,UNINCORPORATED,-124.07521820068359,40.778945922851562
9164646,2019,2020-10-23,1205,2019-02-13,1540,0133,2-01,3,5,3,1205,0,0,0,,0,,"S FORTUNA BL","2ND ST",0.00,,Y,A,-,N,,,,,,,,,,N,4,0,1,2,A,-,09,21800,A,M,D,C,A,A,H,-,A,D,0,,,,,Y,,-,,0,0,1,0,0,0,0,0,0,"- ","- ",40.585960388183594,-124.14668273925781,HUMBOLDT,FORTUNA,-124.14669000000001,40.585949999999997
9164662,2020,2021-03-08,1203,2020-08-17,1136,4107,P57,1,5,4,1203,0,0,0,,0,003,"HENDERSON ST","DEL NORTE ST",0.00,,Y,A,-,N,,,,,,,,,,N,3,0,1,2,A,-,03,22350,A,N,C,E,A,A,H,-,A,D,0,,,,,Y,,A,01,0,1,0,0,0,0,0,0,0,"- ","- ",,,HUMBOLDT,EUREKA,,
9164673,2019,2020-10-21,1205,2019-01-29,1520,0116,1-01,2,5,3,1205,0,0,0,,0,,"ROHNERVILLE RD","NEWBURG RD",0.00,,Y,A,-,N,,,,,,,,,,N,4,0,2,2,A,-,09,21801,A,N,A,C,A,A,H,-,A,A,0,,,,,Y,,A,08,0,0,2,0,0,0,0,0,0,"- ","- ",40.592819213867188,-124.13974761962891,HUMBOLDT,FORTUNA,-124.13970184326172,40.592811584472656
9164697,2019,2020-11-05,1205,2019-04-30,1615,0116,,2,5,3,1205,0,0,0,,0,,"KENMAR RD","FORTUNA BL",400.00,N,N,A,-,N,,,,,,,,,,Y,4,0,1,2,A,-,03,22350,,N,C,C,A,A,H,-,A,D,0,,,,,Y,,D,73,0,0,1,0,0,0,0,0,0,"- ","- ",40.577079772949219,-124.14636993408203,HUMBOLDT,FORTUNA,-124.14505767822266,40.577476501464844
9164738,2020,2020-11-19,1203,2020-09-15,1227,4092,P17,2,5,4,1203,0,0,0,,0,001,"7TH ST","J ST",0.00,,Y,A,-,N,,,,,,,,,,Y,3,0,1,2,A,-,09,21804,A,N,D,C,A,A,H,-,A,A,0,,,,,Y,,A,01,0,1,0,0,0,0,0,0,0,"- ","- ",,,HUMBOLDT,EUREKA,-124.16120910644531,40.800899505615234
91648062,2021,2021-12-09,9125,2021-11-29,2220,022238,,1,3,9,1200,0,1,2,,2,045,"101 SOUTHBOUND","SR-36 OVERCROSSING",1584.00,S,N,A,-,Y,,,,,,,,,,Y,3,0,2,2,C,-,18,,,N,H,7,A,A,H,-,D,D,0,,,,,Y,,-,"- ",0,2,0,0,0,0,0,0,0,"- ","- ",40.543209075927734,-124.14472961425781,HUMBOLDT,UNINCORPORATED,,
91648153,2021,2021-12-09,9126,2021-11-27,2220,022460,,6,3,9,1200,0,1,2,,2,044,"US-101 SOUTHBOUND","SALMON CREEK ROAD",4752.00,S,N,E,-,Y,,,101,,,,,,S,Y,3,0,1,1,A,-,03,22350,,N,H,H,A,B,H,-,D,D,0,,,,,Y,,A,07,0,1,0,0,0,0,0,0,0,"- ","- ",40.238578796386719,-123.83228302001953,HUMBOLDT,UNINCORPORATED,-123.83224487304688,40.238567352294922
91648163,2021,2021-12-09,9125,2021-09-10,2150,022314,,5,2,9,1200,0,1,3,,1,050,SR-96,"BIG HILL ROAD",2640.00,S,N,A,-,Y,,,96,,,,,,,Y,1,1,1,1,A,-,01,23152,G,N,E,8,A,A,H,-,D,D,0,,,,,Y,Y,A,01,1,0,0,0,0,0,0,0,0,"- ","- ",41.076969146728516,-123.68810272216797,HUMBOLDT,UNINCORPORATED,-123.68811798095703,41.076946258544922
91648967,2021,2021-12-10,9125,2021-11-28,1920,022677,,7,2,9,1200,0,1,3,,1,048,"SR-36 W/B","GOLDEN GATE DR",1584.00,E,N,E,-,Y,,,,,,,,,,Y,3,0,1,1,A,-,03,22350,,N,E,I,A,B,H,-,D,D,0,,,,,Y,,A,01,0,1,0,0,0,0,0,0,0,"- ","- ",,,HUMBOLDT,UNINCORPORATED,-123.83901214599609,40.466030120849609
91650033,2021,2021-12-13,9125,2021-12-06,1814,022693,,1,2,9,1200,0,1,2,,2,030,"US-101 SOUTHBOUND","HERRICK AVE",1584.00,S,N,B,C,Y,,,101,,,,,,S,Y,4,0,2,1,A,-,03,22350,,N,E,I,A,B,H,-,D,D,0,,,,,Y,,A,01,0,0,2,0,0,0,0,0,0,"- ","- ",40.754718780517578,-124.19139862060547,HUMBOLDT,UNINCORPORATED,-124.19126129150391,40.754646301269531