CASE_ID,ACCIDENT_YEAR,PROC_DATE,JURIS,COLLISION_DATE,COLLISION_TIME,OFFICER_ID,REPORTING_DISTRICT,DAY_OF_WEEK,CHP_SHIFT,POPULATION,CNTY_CITY_LOC,SPECIAL_COND,BEAT_TYPE,CHP_BEAT_TYPE,CITY_DIVISION_LAPD,CHP_BEAT_CLASS,BEAT_NUMBER,PRIMARY_RD,SECONDARY_RD,DISTANCE,DIRECTION,INTERSECTION,WEATHER_1,WEATHER_2,STATE_HWY_IND,CALTRANS_COUNTY,CALTRANS_DISTRICT,STATE_ROUTE,ROUTE_SUFFIX,POSTMILE_PREFIX,POSTMILE,LOCATION_TYPE,RAMP_INTERSECTION,SIDE_OF_HWY,TOW_AWAY,COLLISION_SEVERITY,NUMBER_KILLED,NUMBER_INJURED,PARTY_COUNT,PRIMARY_COLL_FACTOR,PCF_CODE_OF_VIOL,PCF_VIOL_CATEGORY,PCF_VIOLATION,PCF_VIOL_SUBSECTION,HIT_AND_RUN,TYPE_OF_COLLISION,MVIW,PED_ACTION,ROAD_SURFACE,ROAD_COND_1,ROAD_COND_2,LIGHTING,CONTROL_DEVICE,CHP_ROAD_TYPE,PEDESTRIAN_ACCIDENT,BICYCLE_ACCIDENT,MOTORCYCLE_ACCIDENT,TRUCK_ACCIDENT,NOT_PRIVATE_PROPERTY,ALCOHOL_INVOLVED,STWD_VEHTYPE_AT_FAULT,CHP_VEHTYPE_AT_FAULT,COUNT_SEVERE_INJ,COUNT_VISIBLE_INJ,COUNT_COMPLAINT_PAIN,COUNT_PED_KILLED,COUNT_PED_INJURED,COUNT_BICYCLIST_KILLED,COUNT_BICYCLIST_INJURED,COUNT_MC_KILLED,COUNT_MC_INJURED,PRIMARY_RAMP,SECONDARY_RAMP,LATITUDE,LONGITUDE,COUNTY,CITY,POINT_X,POINT_Y
91650247,2021,2021-12-13,9125,2021-12-05,0445,022402,,7,3,9,1200,0,1,2,,2,022,"US-101 S/B","11TH STREET OVERCROSSING",75.00,S,N,A,-,Y,,,,,,,,,,Y,3,0,1,1,A,-,01,23152,F,M,E,8,A,A,H,-,D,D,0,,,,,Y,,A,01,0,1,0,0,0,0,0,0,0,"- ","- ",40.868869781494141,-124.08338165283203,HUMBOLDT,UNINCORPORATED,-124.08318328857422,40.869598388671875
91650818,2021,2021-12-13,9125,2021-12-07,0940,020717,,2,1,9,1200,0,3,5,,2,002,"GREENWOOD HEIGHTS DRIVE","DEAN LANE",2112.00,E,N,B,E,N,,,,,,,,,,Y,3,0,1,1,A,-,08,22107,,N,E,I,A,B,H,-,A,D,0,,,,,Y,,A,07,0,1,0,0,0,0,0,0,0,"- ","- ",40.785560607910156,-124.07440185546875,HUMBOLDT,UNINCORPORATED,-124.07382965087891,40.785919189453125
91652123,2021,2021-12-14,9126,2021-11-26,1040,022516,,5,1,9,1200,0,1,2,,2,022,US-101,"SORENSON ROAD",8976.00,S,N,A,-,Y,,,101,,,,,,,Y,3,0,1,1,A,-,08,22107,,N,E,8,A,A,H,-,A,D,0,,,,,Y,,A,01,0,1,0,0,0,0,0,0,0,"- ","- ",40.381698608398438,-123.92859649658203,HUMBOLDT,UNINCORPORATED,-123.92855072021484,40.3817138671875
9165306,2019,2020-10-19,1205,2019-01-16,1810,0110,2-01,3,5,3,1205,0,0,0,,0,,"S FORTUNA BL","2ND AV",95.00,S,N,C,-,N,,,,,,,,,,Y,4,0,4,2,A,-,03,22350,,N,C,C,A,B,H,-,C,D,0,,,,,Y,,A,01,0,0,4,0,0,0,0,0,0,"- ","- ",40.585960388183594,-124.14668273925781,HUMBOLDT,FORTUNA,-124.14690399169922,40.585685729980469
9165468,2020,2020-12-01,1203,2020-10-02,1312,4084,P22,5,5,4,1203,0,0,0,,0,001,BROADWAY,"W CLARK",178.00,S,N,A,-,Y,HUM,1,101,-,-,77.650,H,-,N,Y,3,0,1,2,A,-,00,23153,F,N,B,C,A,A,H,-,A,A,0,,,,,Y,,A,01,0,1,0,0,0,0,0,0,0,"- ","- ",40.796119689941406,-124.17598724365234,HUMBOLDT,EUREKA,-124.17555236816406,40.796241760253906
9165764,2019,2020-10-31,1205,2019-09-13,1345,0133,101,5,5,3,1205,0,0,0,,0,,"SMITH LN","SMITH LN 3000",0.00,,N,A,-,N,,,,,,,,,,N,3,0,1,2,-,-,"- ",,A,N,G,B,D,-,H,-,A,D,0,Y,,,,Y,Y,A,01,0,1,0,0,1,0,0,0,0,"- ","- ",40.592060089111328,-124.14665985107422,HUMBOLDT,FORTUNA,-124.14313900000001,40.592368
9165765,2019,2020-10-31,1205,2019-09-12,0802,0138,103,4,5,3,1205,0,0,0,,0,,12TH,"K ST",0.00,,Y,A,-,N,,,,,,,,,,N,4,0,2,2,-,-,"- ",,A,N,D,C,A,A,H,-,A,D,0,,,,,Y,,-,,0,0,2,0,0,0,0,0,0,"- ","- ",,,HUMBOLDT,FORTUNA,-124.15447998046875,40.596328735351562
91657785,2021,2021-12-21,9125,2021-12-11,2150,021919,,6,2,9,1200,0,3,5,,2,002,"HALL AVENUE W/B","WELLINGTON STREET",200.00,E,N,C,-,N,,,,,,,,,,N,3,0,1,1,A,-,01,23152,A,N,F,A,A,B,H,-,C,D,0,,,Y,,Y,Y,C,06,0,1,0,0,0,0,0,0,1,"- ","- ",40.781688690185547,-124.12551116943359,HUMBOLDT,UNINCORPORATED,-124.12552642822266,40.782131195068359
91657793,2021,2021-12-21,9125,2021-11-03,1852,021929,Hoopa,3,2,9,1200,0,3,5,,2,005,SR-96,"CAL PACK ROAD",350.00,N,N,B,C,Y,,,96,,,,,,,Y,1,1,0,2,A,-,01,23152,F,N,D,C,A,B,H,-,D,D,0,,,Y,,Y,,C,02,0,0,0,0,0,0,0,1,0,"- ","- ",41.029041290283203,-123.66062164306641,HUMBOLDT,UNINCORPORATED,-123.66060638427734,41.029067993164062
91658822,2021,2021-12-22,9125,2021-12-16,1610,020946,,4,2,9,1200,0,1,3,,1,061,SR-299,"CEDAR CREEK RD",5702.00,E,N,B,-,Y,,,299,,,,,,,N,4,0,2,2,B,-,22,,,N,C,C,A,C,H,-,B,D,0,,,,,Y,,J,48,0,0,2,0,0,0,0,0,0,"- ","- ",40.907070159912109,-123.73519897460938,HUMBOLDT,UNINCORPORATED,-123.73511505126953,40.906990051269531
9165956,2020,2020-10-26,1205,2020-07-16,1410,0116,"1 05",4,5,3,1205,0,0,0,,0,,"MAIN ST","9TH ST",200.00,E,N,A,-,N,,,,,,,,,,Y,4,0,1,2,A,-,05,21650,,N,B,C,A,A,H,-,A,D,0,,,,,Y,,A,01,0,0,1,0,0,0,0,0,0,"- ","- ",40.597980499267578,-124.15666198730469,HUMBOLDT,FORTUNA,-124.15683746337891,40.597980499267578
9165960,2019,2020-12-14,1205,2019-10-25,1710,0136,,5,5,3,1205,0,0,0,,0,,"RIVERWALK DR","RIVERWALK DR 1700",0.00,,Y,A,-,N,,,,,,,,,,Y,3,0,1,2,A,-,09,21804,A,N,D,C,A,A,H,-,A,D,0,,,,,Y,,D,22,0,1,0,0,0,0,0,0,0,"- ","- ",40.577999114990234,-124.15415954589844,HUMBOLDT,FORTUNA,-124.154515,40.577809999999999
91661228,2021,2021-12-24,9126,2021-12-12,1912,022695,,7,2,9,1200,0,1,2,,1,066,US-101,"BENBOW DRIVE",10560.00,N,N,A,-,Y,,,101,,,,,,,Y,2,0,1,1,A,-,01,23152,A,N,E,I,A,A,H,-,D,D,0,,,,,Y,Y,A,01,1,0,0,0,0,0,0,0,0,"- ","- ",40.060268402099609,-123.78408050537109,HUMBOLDT,UNINCORPORATED,-123.78407287597656,40.060260772705078
91661253,2021,2021-12-24,9126,2021-12-14,2245,021846,,2,3,9,1200,0,2,4,,1,002,"BRICELAND ROAD","EEL RIVER LANE",816.00,W,N,C,-,N,,,,,,,,,,Y,3,0,1,1,A,-,03,22350,,N,F,A,A,B,H,-,D,D,0,,,,,Y,,A,07,0,1,0,0,0,0,0,0,0,"- ","- ",40.122188568115234,-123.83722686767578,HUMBOLDT,UNINCORPORATED,-123.837588,40.122140999999999
91662337,2021,2021-12-27,9126,2021-12-20,1040,021836,,1,1,9,1200,0,3,5,,2,444,"HARRIS ROAD","HANSEN RANCH ROAD",528.00,S,N,B,-,N,,,,,,,,,,Y,3,0,1,1,A,-,08,22107,,N,F,A,A,B,H,-,A,D,0,,,,,Y,,D,22,0,1,0,0,0,0,0,0,0,"- ","- ",40.05413818359375,-123.39714813232422,HUMBOLDT,UNINCORPORATED,-123.65955352783203,40.085906982421875
91662868,2021,2021-12-28,9125,2021-12-18,2105,021688,,6,2,9,1200,0,1,3,,1,014,"STATE ROUTE 299 EASTBOUND","BAIR RD",475.00,W,N,A,-,Y,,,299,,,,,,E,Y,2,0,1,1,A,-,01,23152,A,N,E,I,A,A,H,-,D,D,0,,,,,Y,Y,A,01,1,0,0,0,0,0,0,0,0,"- ","- ",40.928829193115234,-123.84512329101562,HUMBOLDT,UNINCORPORATED,-123.84507751464844,40.928871154785156
9166318,2019,2020-10-22,1205,2019-08-26,1957,0136,1-02,1,5,3,1205,0,0,0,,0,,"NEWBURG RD","ROHNERVILLE RD",0.00,,Y,A,-,N,,,,,,,,,,Y,3,0,1,2,A,-,21,22106,,N,D,D,A,A,H,-,B,A,0,,,,,Y,,A,07,0,1,0,0,0,0,0,0,0,"- ","- ",40.592819213867188,-124.13974761962891,HUMBOLDT,FORTUNA,-124.13970184326172,40.592811584472656
9166319,2019,2020-11-24,1205,2019-08-04,2341,0132,,7,5,3,1205,0,0,0,,0,,"KENMAR RD","XAVIER CT",0.00,,Y,A,-,N,,,,,,,,,,Y,3,0,1,1,A,-,03,22350,,N,E,J,A,A,G,-,C,A,0,,,Y,,Y,,C,02,0,1,0,0,0,0,0,0,1,"- ","- ",,,HUMBOLDT,FORTUNA,-124.13629150390625,40.577510833740234
91663378,2021,2021-12-28,9125,2021-12-11,1150,019243,,6,1,9,1200,0,1,3,,1,060,SR-299,"BLUE LAKE BLVD",33792.00,E,N,B,C,Y,,,299,,,,,,,Y,2,0,2,1,A,-,03,22350,,N,E,9,A,B,H,-,A,D,0,,,,,Y,,A,01,1,1,0,0,0,0,0,0,0,"- ","- ",40.933708190917969,-123.90038299560547,HUMBOLDT,UNINCORPORATED,-123.90057373046875,40.933750152587891
91665000,2021,2021-12-29,9125,2021-12-19,2100,021688,,7,2,9,1200,0,3,5,,2,002,"HOOVER STREET S/B","RIDGEWAY LANE",35.00,S,N,B,-,N,,,,,,,,,,Y,4,0,1,3,A,-,01,23152,A,M,A,E,A,B,H,-,D,D,0,,,,,Y,Y,A,08,0,0,1,0,0,0,0,0,0,"- ","- ",40.797931671142578,-124.13722991943359,HUMBOLDT,UNINCORPORATED,-124.13721466064453,40.798183441162109
91665361,2021,2021-12-29,9125,2021-12-06,2019,020962,,1,2,9,1200,0,1,2,,2,016,US-101,"N. PRAIRIE CREEK PARK UNDERCROSSING",16368.00,S,N,C,-,Y,,,101,,,,,,,Y,3,0,1,1,A,-,03,22350,,N,E,I,A,B,H,-,D,D,0,,,,,Y,,A,01,0,1,0,0,0,0,0,0,0,"- ","- ",41.427879333496094,-124.01096343994141,HUMBOLDT,UNINCORPORATED,-124.01094055175781,41.427955627441406
91665366,2021,2021-12-29,9125,2021-12-15,1440,022693,,3,2,9,1200,0,1,3,,1,061,SR-299,"CEDAR CREEK RD",3168.00,E,N,D,-,Y,,,299,,,,,,,Y,3,0,1,1,A,-,03,22350,,N,H,J,A,C,H,-,A,D,0,,,,,Y,,A,01,0,1,0,0,0,0,0,0,0,"- ","- ",40.904571533203125,-123.74082946777344,HUMBOLDT,UNINCORPORATED,-123.74079895019531,40.90447998046875
91665890,2021,2021-12-29,9125,2021-11-30,0345,022654,,2,3,9,1200,0,1,3,,1,025,"STATE ROUTE 255 NORTHBOUND","V STREET",305.00,W,N,A,-,Y,,,255,,,,,,N,Y,2,0,1,1,A,-,01,23152,A,N,E,I,A,A,H,-,D,D,0,,,,,Y,Y,A,07,1,0,0,0,0,0,0,0,0,"- ","- ",40.868000030517578,-124.10730743408203,HUMBOLDT,UNINCORPORATED,-124.10730743408203,40.868106842041016
91666240,2021,2021-12-30,9125,2021-12-10,2500,022647,,5,4,9,1200,0,1,3,,1,052,"RT 96","ISHI-PISHI ROAD",500.00,N,N,A,-,Y,,,96,,,,,,,N,2,0,1,2,A,-,03,22350,,F,G,B,E,A,H,-,D,D,0,Y,,,,Y,,-,99,1,0,0,0,1,0,0,0,0,"- ","- ",41.303009033203125,-123.53559112548828,HUMBOLDT,UNINCORPORATED,-123.53559112548828,41.303035736083984
91666513,2021,2021-12-30,9126,2021-05-21,0315,022466,,5,3,9,1200,0,1,3,,2,010,SR-1,"USAL ROAD",807.00,N,N,A,-,Y,,,,,,,,,,N,2,0,1,2,A,-,08,22107,,F,G,B,E,A,H,-,D,D,0,Y,,,,Y,,-,99,1,0,0,0,1,0,0,0,0,"- ","- ",39.795581817626953,-123.81246948242188,HUMBOLDT,UNINCORPORATED,-123.82875061035156,39.780799865722656
91667230,2021,2021-12-31,9125,2021-12-12,1350,022677,,7,1,9,1200,0,1,3,,1,047,"SR-36 E/B","RIVERSIDE PARK ROAD",1584.00,E,N,A,-,Y,,,36,,,,,,E,N,3,0,1,1,A,-,03,22350,,N,E,I,A,B,H,-,A,D,0,,,,,Y,,A,07,0,1,0,0,0,0,0,0,0,"- ","- ",40.499229431152344,-123.98837280273438,HUMBOLDT,UNINCORPORATED,-123.98837280273438,40.499225616455078
91667463,2021,2021-12-31,9125,2021-12-17,2040,021846,,5,2,9,1200,0,2,S,,2,904,"EEL RIVER DRIVE","DRAKE HILL ROAD",1320.00,N,N,A,-,N,,,,,,,,,,Y,4,0,1,1,C,-,18,,,N,H,H,A,A,H,-,D,D,0,,,Y,,Y,Y,-,"- ",0,0,1,0,0,0,0,0,1,"- ","- ",40.566921234130859,-124.14716339111328,HUMBOLDT,UNINCORPORATED,-124.14707946777344,40.566623687744141
91667646,2021,2021-12-31,9125,2021-12-17,2100,022460,,5,2,9,1200,0,1,2,,2,044,US-101,"SINGLEY ROAD",2640.00,N,N,A,-,Y,,,101,,,,,,,Y,3,0,1,1,A,-,08,22107,,N,E,I,A,A,H,-,D,D,0,,,,,Y,,A,01,0,1,0,0,0,0,0,0,0,"- ","- ",40.625709533691406,-124.21652221679688,HUMBOLDT,UNINCORPORATED,-124.21642303466797,40.625740051269531
91667674,2021,2021-12-31,9126,2021-12-25,1420,021827,,6,2,9,1200,0,3,5,,2,444,"SEWELL DRIVE","SPRING STREET",150.00,N,N,B,-,N,,,,,,,,,,Y,2,0,1,1,A,-,01,23152,A,N,F,A,A,B,H,-,A,D,0,,,,,Y,Y,A,07,1,0,0,0,0,0,0,0,0,"- ","- ",40.321941375732422,-123.92076110839844,HUMBOLDT,UNINCORPORATED,-123.92073822021484,40.321998596191406
91669876,2021,2022-01-04,9125,2021-12-14,1550,022654,,2,2,9,1200,0,1,3,,1,061,"STATE ROUTE 299","DOWNING ROAD",2112.00,W,N,A,-,Y,,,299,,,,,,,Y,4,0,1,1,A,-,08,22107,,N,E,I,A,B,H,-,A,D,0,,,,,Y,,D,22,0,0,1,0,0,0,0,0,0,"- ","- ",40.933101654052734,-123.67665863037109,HUMBOLDT,UNINCORPORATED,-123.67665863037109,40.933097839355469
91670320,2021,2022-01-04,9125,2021-12-23,0945,020717,,4,1,9,1200,0,1,2,,2,030,"SOUTHBOUND US-101","ORCHARD STREET",2112.00,S,N,B,C,Y,,,101,,,,,,,Y,4,0,1,1,A,-,03,22350,,N,E,I,A,B,H,-,A,D,0,,,,,Y,,A,01,0,0,1,0,0,0,0,0,0,"- ","- ",40.719310760498047,-124.21563720703125,HUMBOLDT,UNINCORPORATED,-124.21568298339844,40.719310760498047
91671068,2021,2022-01-05,9125,2021-12-23,1737,021844,,4,2,9,1200,0,1,2,,2,017,"US-101 N/B","OLD STATE HWY",495.00,S,N,C,-,Y,,,101,,,,,,N,N,3,0,2,2,A,-,03,22350,,F,C,C,A,B,H,-,D,D,0,,,,,Y,,D,22,0,1,1,0,0,0,0,0,0,"- ","- ",41.251361846923828,-124.08833312988281,HUMBOLDT,UNINCORPORATED,-124.08842468261719,41.251300811767578
91672919,2021,2022-01-06,9125,2021-12-25,1843,021450,,6,2,9,1200,0,2,4,,1,021,"CENTERVILLE ROAD","SHAW AVE",1584.00,W,N,C,-,N,,,,,,,,,,Y,3,0,1,1,A,-,03,22350,,N,F,A,A,B,H,-,D,D,0,,,,,Y,,A,07,0,1,0,0,0,0,0,0,0,"- ","- ",40.580059051513672,-124.27326202392578,HUMBOLDT,UNINCORPORATED,-124.2740478515625,40.580333709716797
91673300,2021,2022-01-07,9125,2021-12-25,2328,022402,,6,3,9,1200,0,1,2,,2,045,"US-101 S/B",SR-36,4752.00,S,N,F,-,Y,,,101,,,,,,S,Y,3,0,1,1,A,-,03,22350,,N,E,8,A,C,G,-,D,D,0,,,,,Y,,D,22,0,1,0,0,0,0,0,0,0,"- ","- ",40.536121368408203,-124.14875793457031,HUMBOLDT,UNINCORPORATED,-124.14852905273438,40.535957336425781
9167377,2020,2020-10-23,1201,2020-08-07,1431,658,303,5,5,3,1201,0,0,0,,0,00S,"11TH ST",1ST,0.00,,Y,A,-,N,,,,,,,,,,N,3,0,1,2,A,-,08,22107,,N,H,G,A,A,H,-,A,D,0,,Y,,,Y,,L,04,0,1,0,0,0,0,1,0,0,"- ","- ",40.870849609375,-124.08725738525391,HUMBOLDT,ARCATA,-124.08725699999999,40.870849999999997
9167404,2019,2020-10-23,1205,2019-05-31,1726,0136,,5,5,3,1205,0,0,0,,0,,"MAIN ST","16TH ST",2.00,E,N,B,-,N,,,,,,,,,,N,3,0,1,2,A,-,05,21202,A,N,D,G,A,A,H,-,A,D,0,,Y,,,Y,,L,04,0,1,0,0,0,0,1,0,0,"- ","- ",40.597808837890625,-124.15016937255859,HUMBOLDT,FORTUNA,-124.15016937255859,40.597881317138672
91675021,2021,2022-01-10,9125,2021-12-26,1255,014643,,7,1,9,1200,0,1,2,,2,018,"US-101 N/B","SEAWOOD AVE",528.00,N,N,B,C,Y,,,101,,,,,,N,Y,3,0,1,1,A,-,03,22350,,N,F,I,A,C,H,-,A,D,0,,,,,Y,,D,22,0,1,0,0,0,0,0,0,0,"- ","- ",41.100971221923828,-124.15395355224609,HUMBOLDT,UNINCORPORATED,-124.15409088134766,41.1009521484375
91675096,2021,2022-01-10,9125,2021-12-26,1100,014643,,7,1,9,1200,0,1,2,,2,018,"US-101 N/B","SEAWOOD DRIVE",1056.00,N,N,B,C,Y,,,101,,,,,,N,Y,2,0,3,1,A,-,03,22350,,N,F,I,A,C,H,-,A,D,0,,,,,Y,,A,07,1,2,0,0,0,0,0,0,0,"- ","- ",41.102500915527344,-124.15412902832031,HUMBOLDT,UNINCORPORATED,-124.15428161621094,41.102481842041016
91675740,2022,2022-01-11,9126,2022-01-02,1600,021049,,7,2,9,1200,0,1,3,,1,020,SR-254,"HOLMES FLAT ROAD",528.00,N,N,B,-,Y,HUM,,254,,,41.207,H,,R,Y,3,0,1,1,A,-,01,23152,A,N,E,I,A,B,H,-,A,D,0,,,,,Y,Y,A,01,0,1,0,0,0,0,0,0,0,"- ","- ",40.416259765625,-123.96299743652344,HUMBOLDT,UNINCORPORATED,-123.96303558349609,40.416213989257812
91675913,2021,2022-01-11,9125,2021-12-31,1951,021450,,5,2,9,1200,0,1,3,,1,047,SR-36,"CREEKSIDE LN",26.00,E,N,B,-,Y,,,36,,,,,,,Y,4,0,1,1,A,-,03,22350,,N,F,A,A,B,H,-,D,D,0,,,,,Y,Y,D,22,0,0,1,0,0,0,0,0,0,"- ","- ",40.534229278564453,-124.05787658691406,HUMBOLDT,UNINCORPORATED,-124.05780029296875,40.534336090087891
91679784,2021,2022-01-18,9125,2021-12-26,2148,022238,,7,2,9,1200,0,1,2,,2,018,"WESTHAVEN DRIVE","US-101 NORTHBOUND",60.00,E,N,C,-,N,,,,,,,,,,Y,2,0,1,1,A,-,01,23152,A,N,E,I,A,B,H,-,D,D,0,,,,,Y,Y,A,01,1,0,0,0,0,0,0,0,0,"- ","- ",41.032341003417969,-124.10987091064453,HUMBOLDT,UNINCORPORATED,-124.10987091064453,41.032268524169922
91679800,2022,2022-01-18,9125,2022-01-03,1210,014643,,1,1,9,1200,0,1,2,,2,016,"US-101 SOUTHBOUND","CALTRANS SAND HOUSE",3168.00,S,N,B,C,Y,HUM,,101,,R,131.767,H,,L,Y,2,0,2,1,A,-,03,22350,,N,E,I,A,B,H,-,A,D,0,,,,,Y,,A,07,1,1,0,0,0,0,0,0,0,"- ","- ",41.406089782714844,-123.99974060058594,HUMBOLDT,UNINCORPORATED,-123.99970245361328,41.406200408935547
91680955,2022,2022-01-19,9125,2022-01-09,1635,020962,,7,2,9,1200,0,2,4,,1,020,"MYRTLE AVE","HALL AVE",0.00,,Y,A,-,N,,,,,,,,,,Y,2,0,1,2,A,-,09,21801,A,N,D,C,A,A,H,-,A,D,0,,,Y,,Y,,A,07,1,0,0,0,0,0,0,0,1,"- ","- ",40.783321380615234,-124.12555694580078,HUMBOLDT,UNINCORPORATED,-124.12552642822266,40.783348083496094
91681146,2021,2022-01-19,9125,2021-12-27,0811,022677,,1,1,9,1200,0,1,2,,2,044,"US-101 SOUTHBOUND","FERNBRIDGE DR",85.00,S,N,C,F,Y,,,101,,,,,,S,Y,3,0,1,1,A,-,03,22350,,N,F,A,A,C,H,-,A,D,0,,,,,Y,,A,07,0,1,0,0,0,0,0,0,0,"- ","- ",40.611930847167969,-124.19120788574219,HUMBOLDT,UNINCORPORATED,-124.19109344482422,40.612071990966797
91681651,2022,2022-01-20,9125,2022-01-11,1519,021844,,2,2,9,1200,0,1,2,,2,045,"US-101 N/B","MAIN ST.",350.00,S,N,A,-,Y,HUM,,101,,,61.521,H,,R,Y,3,0,1,1,A,-,08,22107,,N,E,I,A,A,H,-,A,D,0,,,,,Y,,A,01,0,1,0,0,0,0,0,0,0,"- ","- ",40.598781585693359,-124.16721343994141,HUMBOLDT,UNINCORPORATED,-124.16725158691406,40.598758697509766
91681790,2022,2022-01-20,9125,2022-01-16,0700,014643,,7,1,9,1200,0,3,5,,2,002,"FICKLE HILL ROAD","ARCATA CITY LIMIT",0.40,E,N,A,-,N,,,,,,,,,,Y,4,0,1,1,A,-,08,22107,,N,F,I,A,A,H,-,D,D,0,,,,,Y,Y,A,07,0,0,1,0,0,0,0,0,0,"- ","- ",40.869979858398438,-124.05899047851562,HUMBOLDT,UNINCORPORATED,,
91681982,2022,2022-01-20,9125,2022-01-17,0624,014643,,1,1,9,1200,0,1,3,,1,014,SR-299,"CHP BUCKHORN SCALES",5280.00,E,N,B,-,Y,HUM,,299,,R,8.534,H,,R,Y,3,0,1,1,A,-,03,22350,,N,F,I,A,A,H,-,D,D,0,,,,,Y,,A,01,0,1,0,0,0,0,0,0,0,"- ","- ",40.889228820800781,-123.94246673583984,HUMBOLDT,UNINCORPORATED,-123.94258117675781,40.889339447021484
91684106,2022,2022-01-24,9126,2022-01-20,1515,021049,,4,2,9,1200,0,2,4,,1,008,"BEAR CANYON ROAD","REDWOOD DRIVE",2112.00,W,N,A,-,N,,,,,,,,,,Y,4,0,1,1,A,-,03,22350,,N,F,A,A,A,H,-,A,D,0,,,,,Y,,A,07,0,0,1,0,0,0,0,0,0,"- ","- ",40.106300354003906,-123.79873657226562,HUMBOLDT,UNINCORPORATED,-123.798828125,40.106281280517578
91686455,2022,2022-01-27,9125,2022-01-18,1611,022647,,2,2,9,1200,0,1,3,,1,061,SR-299,"EAST FORK CAMPGROUND",528.00,E,N,A,-,Y,HUM,,299,,,33.399,H,,R,Y,3,0,1,1,A,-,08,22107,,N,F,A,A,A,H,-,A,D,0,,,,,Y,,D,22,0,1,0,0,0,0,0,0,0,"- ","- ",40.91046142578125,-123.70658874511719,HUMBOLDT,UNINCORPORATED,-123.70644378662109,40.910438537597656
91686508,2022,2022-01-27,9125,2022-01-15,1110,020717,,6,1,9,1200,0,1,2,,2,044,"US-101 SOUTHBOUND","LOLETA DRIVE",3696.00,S,N,A,-,Y,HUM,,101,,,65.309,H,,L,Y,3,0,1,1,A,-,08,22107,,N,F,A,A,A,H,-,A,D,0,,,,,Y,,D,22,0,1,0,0,0,0,0,0,0,"- ","- ",40.633190155029297,-124.21376037597656,HUMBOLDT,UNINCORPORATED,-124.21373748779297,40.633182525634766
91692531,2022,2022-02-03,9125,2022-01-23,2002,022677,,7,2,9,1200,0,3,5,,2,003,"CAMPTON RD","FERN DRIVE",195.00,E,N,A,-,N,,,,,,,,,,N,3,0,1,1,A,-,01,23152,A,M,E,I,A,A,H,-,C,D,0,,,,,Y,Y,A,07,0,1,0,0,0,0,0,0,0,"- ","- ",40.766048431396484,-124.15480804443359,HUMBOLDT,UNINCORPORATED,-124.15713500976562,40.767669677734375
91692727,2022,2022-02-03,9125,2022-01-21,1748,021450,,5,2,9,1200,0,1,3,,1,041,SR-211,"RAFFAELLI AVENUE",25.00,N,N,A,-,Y,HUM,,211,,R,75.518,H,,R,Y,3,0,3,3,A,-,03,22350,,N,C,C,A,A,H,-,B,D,0,,,,,Y,,D,22,0,3,0,0,0,0,0,0,0,"- ","- ",40.595939636230469,-124.23549652099609,HUMBOLDT,UNINCORPORATED,-124.23549652099609,40.595935821533203
91693123,2022,2022-02-03,9125,2022-01-25,0645,014643,,2,1,9,1200,0,1,2,,2,016,"US-101 (REDWOOD HIGHWAY)","NEWTON B. DRURY SCENIC PARKWAY",16368.00,S,N,A,-,Y,HUM,,101,,R,134.052,H,,R,Y,4,0,1,1,A,-,03,22350,,N,E,I,A,C,H,-,D,D,0,,,,,Y,,D,22,0,0,1,0,0,0,0,0,0,"- ","- ",41.428028106689453,-124.01342010498047,HUMBOLDT,UNINCORPORATED,-124.01340484619141,41.428173065185547
91693866,2022,2022-02-04,9125,2022-01-27,2315,021688,,4,3,9,1200,0,2,4,,2,040,"STATE ROUTE 36","JOHNSON ROAD",165.00,W,N,A,-,Y,HUM,,36,,,3.035,H,,R,Y,3,0,1,1,A,-,01,23152,A,N,E,8,A,A,H,-,C,D,0,,,,,Y,Y,A,07,0,1,0,0,0,0,0,0,0,"- ","- ",40.546840667724609,-124.09327697753906,HUMBOLDT,UNINCORPORATED,-124.09329986572266,40.546783447265625
91696956,2022,2022-02-09,9126,2022-01-22,1818,021724,,6,2,9,1200,0,2,4,,1,008,"REDWOOD DRIVE","EVERGREEN ROAD",762.00,N,N,A,-,N,,,,,,,,,,N,3,0,1,1,A,-,03,22350,,N,F,A,A,A,H,-,D,D,0,,,Y,,Y,,C,02,0,1,0,0,0,0,0,0,1,"- ","- ",40.116539001464844,-123.80274200439453,HUMBOLDT,UNINCORPORATED,-123.7999267578125,40.116870880126953
91697093,2022,2022-02-09,9126,2022-02-02,1215,021102,,3,1,9,1200,0,1,3,,1,020,SR-254,"OAK ROAD",350.00,N,N,A,-,Y,HUM,,254,,,6.187,H,,R,N,3,0,1,2,A,-,03,22350,,N,C,C,A,A,H,-,A,D,0,,,,Y,Y,,A,01,0,1,0,0,0,0,0,0,0,"- ","- ",40.233299255371094,-123.82450103759766,HUMBOLDT,UNINCORPORATED,-123.82440185546875,40.233299255371094