CASE_ID,ACCIDENT_YEAR,PROC_DATE,JURIS,COLLISION_DATE,COLLISION_TIME,OFFICER_ID,REPORTING_DISTRICT,DAY_OF_WEEK,CHP_SHIFT,POPULATION,CNTY_CITY_LOC,SPECIAL_COND,BEAT_TYPE,CHP_BEAT_TYPE,CITY_DIVISION_LAPD,CHP_BEAT_CLASS,BEAT_NUMBER,PRIMARY_RD,SECONDARY_RD,DISTANCE,DIRECTION,INTERSECTION,WEATHER_1,WEATHER_2,STATE_HWY_IND,CALTRANS_COUNTY,CALTRANS_DISTRICT,STATE_ROUTE,ROUTE_SUFFIX,POSTMILE_PREFIX,POSTMILE,LOCATION_TYPE,RAMP_INTERSECTION,SIDE_OF_HWY,TOW_AWAY,COLLISION_SEVERITY,NUMBER_KILLED,NUMBER_INJURED,PARTY_COUNT,PRIMARY_COLL_FACTOR,PCF_CODE_OF_VIOL,PCF_VIOL_CATEGORY,PCF_VIOLATION,PCF_VIOL_SUBSECTION,HIT_AND_RUN,TYPE_OF_COLLISION,MVIW,PED_ACTION,ROAD_SURFACE,ROAD_COND_1,ROAD_COND_2,LIGHTING,CONTROL_DEVICE,CHP_ROAD_TYPE,PEDESTRIAN_ACCIDENT,BICYCLE_ACCIDENT,MOTORCYCLE_ACCIDENT,TRUCK_ACCIDENT,NOT_PRIVATE_PROPERTY,ALCOHOL_INVOLVED,STWD_VEHTYPE_AT_FAULT,CHP_VEHTYPE_AT_FAULT,COUNT_SEVERE_INJ,COUNT_VISIBLE_INJ,COUNT_COMPLAINT_PAIN,COUNT_PED_KILLED,COUNT_PED_INJURED,COUNT_BICYCLIST_KILLED,COUNT_BICYCLIST_INJURED,COUNT_MC_KILLED,COUNT_MC_INJURED,PRIMARY_RAMP,SECONDARY_RAMP,LATITUDE,LONGITUDE,COUNTY,CITY,POINT_X,POINT_Y
9514406,2023,2024-02-16,1201,2023-10-12,"109 ",447,201,4,5,3,1201,0,0,0,,0,0VW,"VALLEY EAST BL","GIUNTOLI LN",0.00,,Y,A,-,N,,,,,,,,,,Y,3,0,2,2,A,-,01,23153,A,F,B,E,A,A,H,-,C,D,0,,,,,Y,Y,A,01,0,1,1,0,0,0,0,0,0,"- ","- ",40.903278350830078,-124.08112335205078,HUMBOLDT,ARCATA,-124.08113861083984,40.905036926269531
9514413,2023,2024-02-16,1201,2023-10-27,1236,693,309,5,5,3,1201,0,0,0,,0,00S,"SAMOA BL","G ST",0.00,,Y,A,-,N,,,,,,,,,,N,4,0,1,2,A,-,03,22350,,N,C,C,A,A,H,-,A,A,0,,,,,Y,,A,01,0,0,1,0,0,0,0,0,0,"- ","- ",40.864940643310547,-124.08721160888672,HUMBOLDT,ARCATA,-124.08719635009766,40.864940643310547
9516011,2022,2022-12-02,1201,2022-09-14,1654,677,307,3,5,3,1201,0,0,0,,0,00S,"H ST","5TH ST",0.00,,Y,A,-,N,,,,,,,,,,N,3,0,1,2,A,-,08,22107,,N,B,C,A,A,H,-,A,D,0,,,,,Y,,A,01,0,1,0,0,0,0,0,0,0,"- ","- ",40.865871429443359,-124.08799743652344,HUMBOLDT,ARCATA,-124.08798980712891,40.865867614746094
9516203,2022,2022-12-09,1201,2022-09-13,0728,652,208,2,5,3,1201,0,0,0,,0,00N,"UNION ST","17TH ST",0.00,,Y,B,-,N,,,,,,,,,,N,3,0,1,1,A,-,03,22350,,N,E,I,A,A,H,-,A,A,0,,Y,,,Y,,L,04,0,1,0,0,0,0,1,0,0,"- ","- ",40.873538970947266,-124.07610321044922,HUMBOLDT,ARCATA,-124.07610321044922,40.873554229736328
9520090,2022,2023-02-09,1205,2022-06-20,2124,0132,,1,5,3,1205,0,0,0,,0,,"S FORTUNA BL","NEWBURG DR",372.00,N,N,A,-,N,,,,,,,,,,N,1,1,0,2,A,-,11,21954,A,N,G,B,E,A,H,-,C,D,0,Y,,,,Y,,A,01,0,0,0,1,0,0,0,0,0,"- ","- ",40.589458465576172,-124.14685821533203,HUMBOLDT,FORTUNA,-124.14668273925781,40.589599609375
9520441,2022,2023-02-21,1201,2022-10-26,0553,677,201,3,5,3,1201,0,0,0,,0,0VW,"VALLEY WEST BL","GIUNTOLI LN",446.00,S,N,B,-,N,,,,,,,,,,N,1,1,0,2,A,-,03,22350,,F,G,B,E,A,H,-,C,D,0,Y,,,,Y,,A,01,0,0,0,1,0,0,0,0,0,"- ","- ",40.905040740966797,-124.08299255371094,HUMBOLDT,ARCATA,-124.08302307128906,40.903816223144531
9523614,2022,2022-11-28,1205,2022-10-11,1014,0112,103,2,5,3,1205,0,0,0,,0,,"12TH ST","NEWBURG RD",0.00,,Y,A,-,N,,,,,,,,,,Y,3,0,2,2,A,-,09,21800,,N,D,C,A,A,H,-,A,A,0,,,,,Y,,A,01,0,2,0,0,0,0,0,0,0,"- ","- ",40.589900970458984,-124.15451812744141,HUMBOLDT,FORTUNA,-124.15447998046875,40.589908599853516
9523615,2022,2022-11-28,1205,2022-10-04,1457,0136,103,2,5,3,1205,0,0,0,,0,,"12TH ST","NEWBURG RD",0.00,,Y,A,-,N,,,,,,,,,,Y,3,0,1,2,A,-,21,22106,,N,D,C,A,A,H,-,A,D,0,,,,,Y,,A,01,0,1,0,0,0,0,0,0,0,"- ","- ",40.589900970458984,-124.15451812744141,HUMBOLDT,FORTUNA,-124.15447998046875,40.589908599853516
9523888,2022,2022-11-22,1205,2022-09-21,1725,0112,"2 09",3,5,3,1205,0,0,0,,0,,"ROHNERVILLE RD","1ST ST",0.00,,Y,A,-,N,,,,,,,,,,Y,4,0,1,1,A,-,01,23152,,N,E,I,A,A,H,-,A,D,0,,,,,Y,,A,01,0,0,1,0,0,0,0,0,0,"- ","- ",40.570201873779297,-124.12673187255859,HUMBOLDT,FORTUNA,-124.12702178955078,40.571380615234375
9523889,2022,2022-11-22,1205,2022-09-10,1907,0162,"2 02",6,5,3,1205,0,0,0,,0,,"ROHNERVILLE RD","LOOP RD",337.00,N,N,A,-,N,,,,,,,,,,Y,3,0,1,1,A,-,01,23152,A,N,E,I,A,A,H,-,B,D,0,,,,,Y,Y,A,01,0,1,0,0,0,0,0,0,0,"- ","- ",40.592819213867188,-124.13974761962891,HUMBOLDT,FORTUNA,-124.13417053222656,40.589523315429688
9523960,2022,2022-11-22,1205,2022-08-20,1411,0143,2031,6,5,3,1205,0,0,0,,0,,"S FORTUNA BL","STRONGS CREEK",0.00,,Y,A,-,N,,,,,,,,,,N,3,0,1,2,A,-,05,21650,1,N,H,G,A,A,H,-,A,D,0,,Y,,,Y,,L,04,0,1,0,0,0,0,1,0,0,"- ","- ",40.579311370849609,-124.1466064453125,HUMBOLDT,FORTUNA,-124.14669036865234,40.579883575439453
9526184,2022,2023-03-15,1201,2022-10-15,2257,658,104,6,5,3,1201,0,0,0,,0,00N,"JANES RD","UPPER BAY RD",530.00,S,N,A,-,N,,,,,,,,,,Y,3,0,2,1,A,-,01,23153,A,N,F,A,A,A,H,-,D,D,0,,,,,Y,Y,D,22,0,2,0,0,0,0,0,0,0,"- ","- ",40.896339416503906,-124.09166717529297,HUMBOLDT,ARCATA,-124.09431457519531,40.893424987792969
9528039,2022,2022-11-22,1205,2022-08-18,0008,0138,,4,5,3,1205,0,0,0,,0,,"ROHNERTVILLE RD","LOOP RD",179.00,N,N,A,-,N,,,,,,,,,,Y,3,0,1,1,A,-,05,21650,,M,E,I,A,A,H,-,D,D,0,,,,,Y,Y,D,22,0,1,0,0,0,0,0,0,0,"- ","- ",40.589141845703125,-124.13368988037109,HUMBOLDT,FORTUNA,-124.13373565673828,40.589252471923828
9528042,2022,2022-11-21,1205,2022-06-07,1613,0123,2032,2,5,3,1205,0,0,0,,0,,"S FORTUNA BL","REDWOOD WY",0.00,,Y,A,-,N,,,,,,,,,,N,4,0,1,2,A,-,09,21804,,N,G,B,D,A,H,-,A,D,0,Y,,,,Y,,D,22,0,0,1,0,1,0,0,0,0,"- ","- ",40.584480285644531,-124.14689636230469,HUMBOLDT,FORTUNA,-124.14669036865234,40.584724426269531
9528173,2022,2022-11-07,1201,2022-08-06,1100,647,303,6,5,3,1201,0,0,0,,0,00S,"12TH ST","J ST",0.00,,Y,A,-,N,,,,,,,,,,N,2,0,1,1,A,-,08,22107,,N,D,E,A,A,H,-,A,D,0,,Y,,,Y,,L,04,1,0,0,0,0,0,1,0,0,"- ","- ",40.871891021728516,-124.08799743652344,HUMBOLDT,ARCATA,-124.08799743652344,40.871906280517578
9528174,2022,2022-11-07,1201,2022-08-07,2141,676,109,7,5,3,1201,0,0,0,,0,00N,"G ST","17TH ST",0.00,,Y,A,-,N,,,,,,,,,,N,2,0,1,2,A,-,10,21950,,N,G,B,B,A,H,-,C,A,0,Y,,,,Y,,A,01,1,0,0,0,1,0,0,0,0,"- ","- ",40.875179290771484,-124.08347320556641,HUMBOLDT,ARCATA,-124.08343505859375,40.875175476074219
9529766,2022,2022-11-18,1205,2022-04-06,1912,0162,201,3,5,3,1205,0,0,0,,0,,"12TH ST","POND ST",6.00,N,N,A,-,N,,,,,,,,,,N,4,0,1,2,A,-,04,21703,,N,C,C,A,A,H,-,A,D,0,,,Y,,Y,,C,02,0,0,1,0,0,0,0,0,1,"- ","- ",40.588939666748047,-124.15579986572266,HUMBOLDT,FORTUNA,-124.15464782714844,40.588623046875
9529805,2022,2022-11-22,1205,2022-07-16,0000,0143,102,6,5,3,1205,0,0,0,,0,,"ROHNERVILLE RD","NEWBURG RD",0.00,,Y,A,-,N,,,,,,,,,,Y,3,0,1,2,A,-,09,21804,A,N,D,C,A,A,H,-,A,A,0,,,,,Y,,A,07,0,1,0,0,0,0,0,0,0,"- ","- ",40.592819213867188,-124.13974761962891,HUMBOLDT,FORTUNA,-124.13970184326172,40.592807769775391
9532835,2022,2022-12-12,1201,2022-09-14,0828,652,202,3,5,3,1201,0,0,0,,0,0VW,"GIUNTOLI LN","CARLSON PARK DR",129.00,W,N,A,-,N,,,,,,,,,,N,3,0,1,2,A,-,06,21750,,N,B,C,A,A,H,-,A,D,0,,,,,Y,,A,07,0,1,0,0,0,0,0,0,0,"- ","- ",40.904560089111328,-124.07714080810547,HUMBOLDT,ARCATA,-124.07790374755859,40.905014038085938
9549238,2022,2023-03-09,1201,2022-11-03,0751,676,404,4,5,3,1201,0,0,0,,0,00S,"E 7TH ST","UNION ST",17.00,E,N,A,-,N,,,,,,,,,,N,3,0,1,2,A,-,09,21800,A,N,H,G,A,A,H,-,A,A,0,,Y,,,Y,,A,01,0,1,0,0,0,0,1,0,0,"- ","- ",40.866020202636719,-124.07794189453125,HUMBOLDT,ARCATA,-124.07790374755859,40.866008758544922
9554414,2022,2023-03-08,1201,2022-11-11,2259,671,109,5,5,3,1201,0,0,0,,0,00N,"RT 101 OC","RT 101",0.00,,Y,A,-,Y,HUM,1,101,-,-,87.263,R,4,N,Y,3,0,1,2,A,-,03,22350,,F,E,J,A,B,H,-,C,D,0,,,,,Y,,A,01,0,1,0,0,0,0,0,0,0,TR,"- ",40.878738403320312,-124.08220672607422,HUMBOLDT,ARCATA,-124.08064270019531,40.883182525634766
9555499,2022,2023-03-09,1201,2022-11-18,1230,676,307,5,5,3,1201,0,0,0,,0,00S,"I ST","7TH ST",0.00,,Y,A,-,N,,,,,,,,,,N,3,0,1,2,A,-,09,21802,A,N,D,C,A,A,H,-,A,A,0,,,,,Y,,A,01,0,1,0,0,0,0,0,0,0,"- ","- ",40.867668151855469,-124.08843994140625,HUMBOLDT,ARCATA,-124.08844757080078,40.86767578125
9556157,2022,2023-04-14,1201,2022-10-28,1600,676,109,5,5,3,1201,0,0,0,,0,00N,"G ST","15TH ST",34.00,S,N,A,-,N,,,,,,,,,,N,3,0,1,2,A,-,08,22107,,N,H,G,A,A,H,-,A,A,0,,Y,,,Y,,L,04,0,1,0,0,0,0,1,0,0,"- ","- ",40.873561859130859,-124.08396911621094,HUMBOLDT,ARCATA,-124.08400726318359,40.873512268066406
9556158,2022,2023-04-14,1201,2022-10-15,2024,658,304,6,5,3,1201,0,0,0,,0,0DT,"G ST","14TH ST",0.00,,Y,A,-,N,,,,,,,,,,Y,3,0,1,2,A,-,12,22450,A,N,D,C,A,A,H,-,C,A,0,,,,,Y,,A,01,0,1,0,0,0,0,0,0,0,"- ","- ",40.872768402099609,-124.08425903320312,HUMBOLDT,ARCATA,-124.08428955078125,40.872787475585938
9557774,2023,2023-07-05,1201,2023-03-08,1145,685,401,3,5,3,1201,0,0,0,,0,00S,"C ST","13TH ST",20.00,E,N,B,C,N,,,,,,,,,,Y,3,0,2,4,A,-,08,22107,,N,D,C,A,B,H,-,A,A,0,,,,Y,Y,,F,26,0,2,0,0,0,0,0,0,0,"- ","- ",40.871101379394531,-124.08036804199219,HUMBOLDT,ARCATA,-124.08038330078125,40.871162414550781
9564283,2023,2023-06-16,1201,2023-02-13,1905,447,401,1,5,3,1201,0,0,0,,0,00S,"SHIRLEY BL","PARK, AV",0.00,,Y,A,-,N,,,,,,,,,,N,3,0,1,2,A,-,12,22450,A,N,B,D,A,A,H,-,C,D,0,,Y,,,Y,,L,04,0,1,0,0,0,0,1,0,0,"- ","- ",40.868129730224609,-124.07122802734375,HUMBOLDT,ARCATA,-124.07129669189453,40.868152618408203
9564284,2023,2023-06-30,1201,2023-02-04,1402,684,307,6,5,3,1201,0,0,0,,0,00S,"7TH ST","J ST",19.00,E,N,A,-,N,,,,,,,,,,Y,3,0,2,2,A,-,12,22450,A,N,H,D,A,A,H,-,A,D,0,,,,,Y,,D,22,0,2,0,0,0,0,0,0,0,"- ","- ",40.867900848388672,-124.08949279785156,HUMBOLDT,ARCATA,-124.08941650390625,40.867885589599609
9564776,2023,2023-04-24,1201,2023-01-30,"850 ",671,307,1,5,3,1201,0,0,0,,0,00S,"SAMOA BL","G ST",0.00,,Y,A,-,N,,,,,,,,,,N,3,0,1,2,A,-,11,21950,B,N,G,B,B,A,H,-,A,A,0,Y,,,,Y,,A,01,0,1,0,0,1,0,0,0,0,"- ","- ",40.864940643310547,-124.08721160888672,HUMBOLDT,ARCATA,-124.08719635009766,40.864940643310547
9564777,2023,2023-04-24,1201,2023-01-05,1648,677,309,4,5,3,1201,0,0,0,,0,00S,"SAMOA BL","F ST",17.00,W,N,B,C,N,,,,,,,,,,N,3,0,1,2,A,-,00,21954,,N,H,G,A,B,H,-,C,A,0,,Y,,,Y,,L,04,0,1,0,0,0,0,1,0,0,"- ","- ",40.864559173583984,-124.08624267578125,HUMBOLDT,ARCATA,-124.08629608154297,40.864589691162109
9569127,2023,2023-07-18,1201,2023-03-04,1751,684,307,6,5,3,1201,0,0,0,,0,00S,"SAMOA BL","G ST",0.00,,Y,B,-,Y,HUM,1,255,-,-,8.584,I,5,S,Y,3,0,2,2,A,-,09,21801,,N,D,C,A,B,H,-,B,A,0,,,,,Y,,A,01,0,2,0,0,0,0,0,0,0,"- ","- ",40.864940643310547,-124.08721160888672,HUMBOLDT,ARCATA,-124.08722686767578,40.864940643310547
9569131,2023,2023-07-14,1201,2023-03-10,1539,677,307,5,5,3,1201,0,0,0,,0,00S,"K ST","5TH ST",22.00,S,N,A,-,Y,HUM,1,255,-,-,8.352,I,6,S,N,3,0,2,3,A,-,01,23153,,N,C,C,A,A,H,-,A,A,0,,,,,Y,Y,A,01,0,2,0,0,0,0,0,0,0,"- ","- ",40.865829467773438,-124.09137725830078,HUMBOLDT,ARCATA,-124.09145355224609,40.865840911865234
9590739,2023,2023-07-05,1201,2023-04-24,1713,592,308,1,5,3,1201,0,0,0,,0,0PR,"S I ST","SOUTH RAILROAD TRACK",96.00,S,N,A,-,N,,,,,,,,,,N,2,0,1,2,A,-,09,21802,A,N,H,G,A,A,H,-,A,A,0,,Y,,,Y,,L,04,1,0,0,0,0,0,1,0,0,"- ","- ",40.860088348388672,-124.09378814697266,HUMBOLDT,ARCATA,-123.98792266845703,40.880184173583984
9590740,2023,2023-06-20,1201,2023-04-22,1829,684,304,6,5,3,1201,0,0,0,,0,0DT,"13TH ST","G ST",0.00,,Y,A,-,N,,,,,,,,,,Y,3,0,1,2,A,-,09,21802,A,N,D,C,A,A,H,-,A,D,0,,,,,Y,,A,01,0,1,0,0,0,0,0,0,0,"- ","- ",40.871700286865234,-124.08525085449219,HUMBOLDT,ARCATA,-124.08456420898438,40.872043609619141
9590741,2023,2023-07-06,1201,2023-04-19,1511,592,301,3,5,3,1201,0,0,0,,0,00S,"JANES RD","11TH ST",0.00,,Y,A,-,N,,,,,,,,,,N,3,0,2,2,A,-,09,21802,A,N,D,C,A,A,H,-,A,A,0,,,,,Y,,A,01,0,2,0,0,0,0,0,0,0,"- ","- ",40.874149322509766,-124.10137939453125,HUMBOLDT,ARCATA,-124.10115051269531,40.873870849609375
9595291,2023,2023-07-19,1205,2023-06-15,2000,0162,104,4,5,3,1205,0,0,0,,0,,"MAIN ST","6TH ST",30.00,W,N,A,-,N,,,,,,,,,,Y,2,0,2,2,A,-,03,22350,,N,D,C,A,A,H,-,A,D,0,,,Y,,Y,Y,C,02,1,0,1,0,0,0,0,0,1,"- ","- ",40.598369598388672,-124.16171264648438,HUMBOLDT,FORTUNA,-124.16158294677734,40.598579406738281
9595292,2023,2023-07-24,1205,2023-06-25,1303,0136,,7,5,3,1205,0,0,0,,0,,"KENMAR RD","EEL RIVER DR",0.00,,Y,B,-,N,,,,,,,,,,Y,3,0,1,3,A,-,03,22350,,N,C,C,A,A,H,-,A,D,0,,,,,Y,,A,07,0,1,0,0,0,0,0,0,0,"- ","- ",40.575748443603516,-124.14794158935547,HUMBOLDT,FORTUNA,-124.14794158935547,40.575706481933594
9595330,2023,2023-07-18,1205,2023-05-07,1359,0138,103,7,5,3,1205,0,0,0,,0,,"N FORTUNA BL","N FORTUNA BL 466",0.00,,-,A,-,N,,,,,,,,,,N,3,0,1,2,A,-,07,21658,,N,B,E,A,A,H,-,A,D,0,,,,,Y,,A,01,0,1,0,0,0,0,0,0,0,"- ","- ",40.5955810546875,-124.14694976806641,HUMBOLDT,FORTUNA,-124.14675903320312,40.596263885498047
9595331,2023,2023-07-18,1205,2023-05-15,1823,0132,201,1,5,3,1205,0,0,0,,0,,"NEWBURG RD","FORTUNA BL",130.00,W,N,A,-,N,,,,,,,,,,N,2,0,1,1,A,-,08,22107,,N,E,I,A,A,H,-,A,D,0,,,Y,,Y,,C,02,1,0,0,0,0,0,0,0,1,"- ","- ",40.588550567626953,-124.14800262451172,HUMBOLDT,FORTUNA,-124.14715576171875,40.588577270507812
9596369,2023,2023-07-25,1205,2023-06-02,2222,0164,2071,5,5,3,1205,0,0,0,,0,,"SCHOOL ST","THELMA ST",0.00,,Y,A,-,N,,,,,,,,,,Y,3,0,1,1,A,-,01,23152,A,N,E,I,A,A,H,-,C,D,0,,,,,Y,Y,D,72,0,1,0,0,0,0,0,0,0,"- ","- ",40.57025146484375,-124.13871765136719,HUMBOLDT,FORTUNA,-124.13875579833984,40.570236206054688
9597489,2023,2023-07-25,1205,2023-03-05,1139,0138,201,7,5,3,1205,0,0,0,,0,,"12TH ST","NEWBURG RD",0.00,,Y,B,-,N,,,,,,,,,,N,3,0,1,2,A,-,09,21804,,N,D,C,A,A,H,-,A,D,0,,,,,Y,,A,08,0,1,0,0,0,0,0,0,0,"- ","- ",40.589900970458984,-124.15451812744141,HUMBOLDT,FORTUNA,-124.15447998046875,40.589908599853516
9609807,2023,2023-08-21,1201,2023-06-28,"802 ",606,108,3,5,3,1201,0,0,0,,0,00N,"FOSTER AV","EASTERN AV",0.00,,Y,A,-,N,,,,,,,,,,Y,2,0,1,2,A,-,03,22350,,N,C,C,A,B,H,-,A,D,0,,,,,Y,,A,01,1,0,0,0,0,0,0,0,0,"- ","- ",40.879249572753906,-124.09185791015625,HUMBOLDT,ARCATA,-124.08995819091797,40.87933349609375
9610060,2023,2023-08-22,1201,2023-05-26,1534,655,304,5,5,3,1201,0,0,0,,0,0DT,"12TH ST","G ST",0.00,,Y,A,-,N,,,,,,,,,,N,2,0,1,2,A,-,10,21950,A,N,G,B,B,A,H,-,A,D,0,Y,,,,Y,,A,01,1,0,0,0,1,0,0,0,0,"- ","- ",40.871700286865234,-124.08525085449219,HUMBOLDT,ARCATA,-124.08486175537109,40.8712158203125
9611788,2023,2023-08-28,1201,2023-05-20,"21  ",509,305,6,5,3,1201,0,0,0,,0,0DT,"G ST","8TH ST",5.00,N,N,A,-,N,,,,,,,,,,Y,3,0,1,1,A,-,01,23152,,M,B,I,A,A,H,-,C,A,0,,,,,Y,Y,A,01,0,1,0,0,0,0,0,0,0,"- ","- ",40.869319915771484,-124.08701324462891,HUMBOLDT,ARCATA,-124.08606719970703,40.868072509765625
9611789,2023,2023-08-28,1201,2023-05-09,2141,676,1201,2,5,3,1201,0,0,0,,0,00S,"FICKLE HILL RD","TELEPHONE POLE 120485040",12.00,E,N,A,-,N,,,,,,,,,,N,4,0,1,1,A,-,03,22350,,N,H,I,A,A,H,-,D,D,0,,Y,,,Y,,L,04,0,0,1,0,0,0,1,0,0,"- ","- ",40.869270324707031,-124.06433868408203,HUMBOLDT,ARCATA,,
9611790,2023,2023-08-28,1201,2023-05-09,1744,684,304,2,5,3,1201,0,0,0,,0,0DT,"I ST","9TH ST",80.00,S,N,A,-,N,,,,,,,,,,N,3,0,1,2,A,-,17,22517,,N,H,G,A,A,H,-,A,D,0,,Y,,,Y,,A,01,0,1,0,0,0,0,1,0,0,"- ","- ",40.870048522949219,-124.08753967285156,HUMBOLDT,ARCATA,-124.08792114257812,40.869087219238281
9611791,2023,2023-08-28,1201,2023-05-02,2028,676,1201,2,5,3,1201,0,0,0,,0,00S,"H ST","12TH ST",46.00,S,N,A,-,N,,,,,,,,,,N,3,0,1,2,A,-,06,21760,C,N,H,G,A,A,H,-,B,D,0,,Y,,,Y,,A,01,0,1,0,0,0,0,1,0,0,"- ",SO,40.871410369873047,-124.08589935302734,HUMBOLDT,ARCATA,-124.0859375,40.871330261230469
9617269,2023,2023-10-25,1201,2023-07-07,"900 ",685,108,5,5,3,1201,0,0,0,,0,00N,"FOSTER AV","Q ST",34.00,W,N,A,-,N,,,,,,,,,,N,3,0,1,2,A,-,11,21954,A,N,G,B,E,A,B,-,A,D,0,Y,,,,Y,,N,60,0,1,0,0,1,0,0,0,0,"- ","- ",40.880180358886719,-124.09718322753906,HUMBOLDT,ARCATA,-124.09430694580078,40.879367828369141
9627744,2023,2023-10-17,1201,2023-08-25,2106,693,303,5,5,3,1201,0,0,0,,0,00S,"K ST","10TH ST",0.00,,Y,A,-,N,,,,,,,,,,N,4,0,1,2,A,-,08,22107,,M,B,C,A,A,H,-,C,D,0,,,,,Y,Y,D,22,0,0,1,0,0,0,0,0,0,"- ","- ",40.870510101318359,-124.08963775634766,HUMBOLDT,ARCATA,-124.08963012695312,40.870548248291016
9627745,2023,2023-10-19,1201,2023-08-05,1100,685,202,6,5,3,1201,0,0,0,,0,0VW,"GIUNTOLI LN","VALLEY EAST BL",27.00,E,N,A,-,N,,,,,,,,,,N,3,0,2,2,A,-,04,21703,,N,C,C,A,A,H,-,A,A,0,,,,,Y,,D,22,0,2,0,0,0,0,0,0,0,"- ","- ",40.904998779296875,-124.08116149902344,HUMBOLDT,ARCATA,-124.08103942871094,40.905040740966797
9627965,2023,2023-10-17,1201,2023-08-30,2149,646,106,3,5,3,1201,0,0,0,,0,00N,"STROMBERG AV","BALDWIN RD",0.00,,Y,A,-,N,,,,,,,,,,Y,2,0,1,1,A,-,03,22350,,N,E,J,A,A,H,-,C,D,0,,,,,Y,,A,01,1,0,0,0,0,0,0,0,0,"- ","- ",40.883918762207031,-124.08592987060547,HUMBOLDT,ARCATA,-124.08596801757812,40.8839111328125
9627980,2023,2023-10-17,1201,2023-08-19,"308 ",639,104,6,5,3,1201,0,0,0,,0,00N,"JANES RD","SPEAR AV",59.00,N,N,A,-,N,,,,,,,,,,Y,3,0,1,1,A,-,01,23152,A,N,E,J,A,A,H,-,C,D,0,,,,,Y,Y,A,07,0,1,0,0,0,0,0,0,0,"- ","- ",40.893218994140625,-124.0943603515625,HUMBOLDT,ARCATA,-124.09432983398438,40.893241882324219
9636595,2023,2023-11-13,1201,2023-09-18,1139,646,304,1,5,3,1201,0,0,0,,0,0DT,"11TH ST","G ST",10.00,W,N,A,-,N,,,,,,,,,,N,2,0,1,2,A,-,10,21950,A,N,G,B,B,A,H,-,A,D,0,Y,,,,Y,,A,01,1,0,0,0,1,0,0,0,0,"- ","- ",40.870559692382812,-124.08558654785156,HUMBOLDT,ARCATA,-124.08521270751953,40.870407104492188
9636596,2023,2023-11-13,1201,2023-09-06,1636,646,307,3,5,3,1201,0,0,0,,0,00S,"7TH ST","I ST",0.00,,Y,A,-,N,,,,,,,,,,N,4,0,1,2,D,-,00,,,N,D,C,A,A,H,-,A,D,0,,,,,Y,,-,"- ",0,0,1,0,0,0,0,0,0,"- ","- ",40.867668151855469,-124.08843994140625,HUMBOLDT,ARCATA,-124.08844757080078,40.86767578125
9640268,2023,2024-03-13,1201,2023-01-17,1609,671,108,2,5,3,1201,0,0,0,,0,00N,"ALLIANCE RD","FOSTER AV",168.00,N,N,A,-,N,,,,,,,,,,Y,1,1,2,5,C,-,18,,,N,G,B,F,A,H,-,A,D,0,Y,,,,Y,,-,"- ",1,1,0,1,1,0,0,0,0,"- ","- ",40.879249572753906,-124.09185791015625,HUMBOLDT,ARCATA,-124.09186553955078,40.879749298095703
9640798,2024,2024-09-11,1201,2024-06-06,1913,695,301,4,5,3,1201,0,0,0,,0,00S,"11TH ST","LEWIS CT",105.00,W,N,A,-,N,,,,,,,,,,N,1,1,0,2,A,-,03,22350,,N,A,E,A,A,H,-,A,D,0,,,,,Y,Y,A,01,0,0,0,0,0,0,0,0,0,NO,"- ",40.873878479003906,-124.10169219970703,HUMBOLDT,ARCATA,-124.10209655761719,40.873897552490234
9640799,2024,2024-09-11,1201,2024-06-07,"219 ",695,407,5,5,3,1201,0,0,0,,0,00S,"OLD ARCATA RD","JACOBY CREEK RD",150.00,E,N,A,-,N,,,,,,,,,,Y,1,1,0,1,A,-,01,23152,A,N,E,I,A,-,H,-,C,D,0,,,,,Y,Y,A,08,0,0,0,0,0,0,0,0,0,"- ","- ",40.843509674072266,-124.06349182128906,HUMBOLDT,ARCATA,-124.06405639648438,40.842479705810547
9659525,2023,2024-02-22,1201,2023-10-28,2330,694,108,6,5,3,1201,0,0,0,,0,00N,"SUNSET AV","H ST",0.00,,Y,A,-,N,,,,,,,,,,Y,2,0,3,2,A,-,01,23153,A,N,D,C,A,A,H,-,C,A,0,,,,,Y,Y,D,22,1,2,0,0,0,0,0,0,0,"- ","- ",40.878940582275391,-124.08220672607422,HUMBOLDT,ARCATA,-124.0836181640625,40.878799438476562
9662867,2023,2024-03-08,1201,2023-11-26,2000,685,303,7,5,3,1201,0,0,0,,0,00S,"GUINTOLI LN","RT 101",0.00,,Y,A,-,Y,HUM,1,101,-,-,88.618,R,4,N,N,4,0,1,2,A,-,04,21703,,M,C,C,A,A,H,-,C,D,0,,,,,Y,,A,01,0,0,1,0,0,0,0,0,0,"- ","- ",40.871299743652344,-124.08934020996094,HUMBOLDT,ARCATA,-124.08551788330078,40.901973724365234
9665317,2023,2024-03-12,1201,2023-12-03,"209 ",694,305,7,5,3,1201,0,0,0,,0,0DT,"G ST","10TH ST",95.00,E,N,A,-,N,,,,,,,,,,N,3,0,1,5,A,-,08,22107,,F,E,I,A,B,H,-,C,D,0,,,,,Y,,D,22,0,1,0,0,0,0,0,0,0,"- ","- ",40.869911193847656,-124.08512878417969,HUMBOLDT,ARCATA,-124.08537292480469,40.869880676269531