CASE_ID,ACCIDENT_YEAR,PROC_DATE,JURIS,COLLISION_DATE,COLLISION_TIME,OFFICER_ID,REPORTING_DISTRICT,DAY_OF_WEEK,CHP_SHIFT,POPULATION,CNTY_CITY_LOC,SPECIAL_COND,BEAT_TYPE,CHP_BEAT_TYPE,CITY_DIVISION_LAPD,CHP_BEAT_CLASS,BEAT_NUMBER,PRIMARY_RD,SECONDARY_RD,DISTANCE,DIRECTION,INTERSECTION,WEATHER_1,WEATHER_2,STATE_HWY_IND,CALTRANS_COUNTY,CALTRANS_DISTRICT,STATE_ROUTE,ROUTE_SUFFIX,POSTMILE_PREFIX,POSTMILE,LOCATION_TYPE,RAMP_INTERSECTION,SIDE_OF_HWY,TOW_AWAY,COLLISION_SEVERITY,NUMBER_KILLED,NUMBER_INJURED,PARTY_COUNT,PRIMARY_COLL_FACTOR,PCF_CODE_OF_VIOL,PCF_VIOL_CATEGORY,PCF_VIOLATION,PCF_VIOL_SUBSECTION,HIT_AND_RUN,TYPE_OF_COLLISION,MVIW,PED_ACTION,ROAD_SURFACE,ROAD_COND_1,ROAD_COND_2,LIGHTING,CONTROL_DEVICE,CHP_ROAD_TYPE,PEDESTRIAN_ACCIDENT,BICYCLE_ACCIDENT,MOTORCYCLE_ACCIDENT,TRUCK_ACCIDENT,NOT_PRIVATE_PROPERTY,ALCOHOL_INVOLVED,STWD_VEHTYPE_AT_FAULT,CHP_VEHTYPE_AT_FAULT,COUNT_SEVERE_INJ,COUNT_VISIBLE_INJ,COUNT_COMPLAINT_PAIN,COUNT_PED_KILLED,COUNT_PED_INJURED,COUNT_BICYCLIST_KILLED,COUNT_BICYCLIST_INJURED,COUNT_MC_KILLED,COUNT_MC_INJURED,PRIMARY_RAMP,SECONDARY_RAMP,LATITUDE,LONGITUDE,COUNTY,CITY,POINT_X,POINT_Y
9665338,2023,2024-03-11,1201,2023-12-08,1058,693,205,5,5,3,1201,0,0,0,,0,00N,"WEST END RD","ALDER GROVE RD",0.00,,Y,A,-,N,,,,,,,,,,N,3,0,1,2,A,-,09,21801,A,N,D,C,A,A,H,-,A,D,0,,,,Y,Y,,A,01,0,1,0,0,0,0,0,0,0,"- ","- ",,,HUMBOLDT,ARCATA,-124.07411956787109,40.901481628417969
9665416,2023,2024-03-04,1201,2023-12-06,2000,677,204,3,5,3,1201,0,0,0,,0,0VW,"VALLEY EAST BL","VALLEY WEST BL",24.00,E,N,B,C,N,,,,,,,,,,N,3,0,1,2,A,-,03,22350,,N,H,G,A,B,G,-,C,D,0,,Y,,,Y,,A,08,0,1,0,0,0,0,1,0,0,"- ","- ",40.900348663330078,-124.08290100097656,HUMBOLDT,ARCATA,-124.08280181884766,40.900363922119141
9665417,2023,2024-03-04,1201,2023-12-06,1723,23-1951,302,3,5,3,1201,0,0,0,,0,00S,"17TH ST","ALLIANCE RD",1.00,S,N,C,-,N,,,,,,,,,,N,3,0,1,2,A,-,10,21950,A,N,G,B,C,B,H,-,D,D,0,Y,,,,Y,,A,01,0,1,0,0,1,0,0,0,0,"- ","- ",40.876861572265625,-124.09095764160156,HUMBOLDT,ARCATA,-124.09098052978516,40.876888275146484
9668512,2024,2024-03-20,1201,2024-01-28,"337 ",697,309,7,5,3,1201,0,0,0,,0,00S,"G ST","RT 101",2224.00,N,N,A,-,N,,,,,,,,,,N,3,0,1,2,A,-,01,23152,A,N,B,E,A,A,H,-,D,D,0,,,,,Y,Y,A,01,0,1,0,0,0,0,0,0,0,"- ","- ",40.856071472167969,-124.08885192871094,HUMBOLDT,ARCATA,,
9668513,2024,2024-03-19,1201,2024-01-11,1713,676,107,4,5,3,1201,0,0,0,,0,00N,"ALLIANCE RD","WESTWOOD CT",24.00,N,N,C,-,N,,,,,,,,,,N,3,0,1,2,A,-,04,21703,,N,C,C,A,B,H,-,D,D,0,,,,,Y,,-,,0,1,0,0,0,0,0,0,0,"- ","- ",40.882480621337891,-124.09126281738281,HUMBOLDT,ARCATA,-124.09145355224609,40.882289886474609
9675342,2023,2024-02-28,1201,2023-10-23,"30  ",694,105,1,5,3,1201,0,0,0,,0,00N,"ALLIANCE RD","HILFICKER DR",81.00,S,N,B,-,N,,,,,,,,,,N,4,0,1,2,A,-,06,21750,,M,B,C,A,A,H,-,C,D,0,,,,,Y,,A,01,0,0,1,0,0,0,0,0,0,"- ","- ",40.886608123779297,-124.08876037597656,HUMBOLDT,ARCATA,-124.08907318115234,40.886138916015625
9693730,2024,2024-05-04,1201,2024-02-23,"236 ",694,302,5,5,3,1201,0,0,0,,0,00S,"CITY ST","Q ST",107.00,W,N,B,-,N,,,,,,,,,,Y,4,0,1,1,A,-,01,23153,A,N,E,I,A,A,H,-,D,D,0,,,,,Y,Y,D,22,0,0,1,0,0,0,0,0,0,"- ","- ",40.877479553222656,-124.09416961669922,HUMBOLDT,ARCATA,,
9693732,2024,2024-05-04,1201,2024-02-20,1744,693,407,2,5,3,1201,0,0,0,,0,00S,"OLD ARCATA RD","ANVICK RD",110.00,S,N,A,-,N,,,,,,,,,,N,3,0,2,1,A,-,08,22107,,N,E,I,A,A,H,-,B,D,0,,,,,Y,,D,22,0,1,1,0,0,0,0,0,0,"- ","- ",40.847278594970703,-124.06687927246094,HUMBOLDT,ARCATA,-124.06935882568359,40.850582122802734
9693733,2024,2024-05-15,1201,2024-02-05,1825,677,309,1,5,3,1201,0,0,0,,0,00S,"SAMOA BL","G ST",0.00,,Y,C,-,N,,,,,,,,,,Y,3,0,1,2,A,-,09,21801,A,N,A,C,A,B,H,-,C,A,0,,,,,Y,,A,07,0,1,0,0,0,0,0,0,0,"- ","- ",40.865009307861328,-124.08721923828125,HUMBOLDT,ARCATA,-124.08719635009766,40.864940643310547
9696269,2024,2024-05-13,1201,2024-02-01,1400,646,107,4,5,3,1201,0,0,0,,0,00N,"ALLIANCE RD","STEWART RD",0.00,,Y,B,-,N,,,,,,,,,,N,3,0,1,2,A,-,09,21800,A,M,H,G,A,A,H,-,A,D,0,,Y,,,Y,,A,01,0,1,0,0,0,0,1,0,0,"- ","- ",40.883148193359375,-124.09091186523438,HUMBOLDT,ARCATA,-124.09091186523438,40.883193969726562
9697675,2024,2024-05-10,1201,2024-02-07,1506,693,205,3,5,3,1201,0,0,0,,0,00N,"WEST END RD","ALDERGROVE RD",870.00,S,N,A,-,N,,,,,,,,,,N,4,0,2,2,A,-,09,21801,,N,D,C,A,A,H,-,A,D,0,,,,,Y,,A,01,0,0,2,0,0,0,0,0,0,"- ","- ",40.901451110839844,-124.07415008544922,HUMBOLDT,ARCATA,-124.07476806640625,40.899158477783203
9698843,2024,2024-05-14,1201,2024-03-23,1213,692,304,6,5,3,1201,0,0,0,,0,0DT,"10TH ST","J ST",0.00,,Y,C,-,N,,,,,,,,,,Y,3,0,2,2,A,-,12,22450,A,N,D,C,A,D,H,-,A,A,0,,,,,Y,,A,01,0,2,0,0,0,0,0,0,0,"- ","- ",40.870269775390625,-124.08859252929688,HUMBOLDT,ARCATA,-124.08859252929688,40.870323181152344
9698844,2024,2024-05-14,1201,2024-03-05,1510,693,109,2,5,3,1201,0,0,0,,0,00N,"17TH ST","H ST",0.00,,Y,A,-,N,,,,,,,,,,N,4,0,1,2,A,-,09,21802,A,N,D,C,A,A,H,-,A,D,0,,,,,Y,,A,01,0,0,1,0,0,0,0,0,0,"- ","- ",40.875370025634766,-124.08441162109375,HUMBOLDT,ARCATA,-124.08441162109375,40.875381469726562
9698845,2024,2024-05-14,1201,2024-03-05,1330,690,302,2,5,3,1201,0,0,0,,0,00S,"ALLIANCE RD","M ST",123.00,N,N,B,C,N,,,,,,,,,,Y,2,0,1,1,A,-,01,23152,F,N,E,I,A,B,H,-,A,D,0,,,,,Y,,A,01,1,0,0,0,0,0,0,0,0,"- ","- ",40.874828338623047,-124.09021759033203,HUMBOLDT,ARCATA,-124.09041595458984,40.875144958496094
9699891,2024,2024-06-11,1201,2024-04-15,1738,693,307,1,5,3,1201,0,0,0,,0,00S,"G ST","5TH ST",0.00,,Y,A,-,N,,,,,,,,,,N,3,0,2,2,A,-,09,21802,A,N,D,C,A,A,H,-,A,A,0,,,,,Y,,M,97,0,1,1,0,0,0,0,0,0,"- ","- ",40.86566162109375,-124.08695983886719,HUMBOLDT,ARCATA,-124.08695220947266,40.865650177001953
9701141,2024,2024-06-14,1201,2024-04-16,1940,690,109,2,5,3,1201,0,0,0,,0,00N,"16TH ST","G ST",0.00,,Y,A,-,N,,,,,,,,,,N,4,0,1,2,A,-,12,22450,A,M,G,B,B,A,H,-,A,A,0,Y,,,,Y,,D,22,0,0,1,0,1,0,0,0,0,"- ","- ",40.874359130859375,-124.08367919921875,HUMBOLDT,ARCATA,-124.08370208740234,40.874347686767578
9729260,2024,2024-09-05,1201,2024-05-30,1514,702,405,4,5,3,1201,0,0,0,,0,00S,"VIRGINIA WY","CHARLES AV",161.00,W,N,A,-,N,,,,,,,,,,Y,3,0,1,3,A,-,00,23153,F,N,A,E,A,A,H,-,A,D,0,,,,,Y,,A,07,0,1,0,0,0,0,0,0,0,"- ","- ",40.855949401855469,-124.08837890625,HUMBOLDT,ARCATA,-124.06586456298828,40.859310150146484
9729638,2024,2024-09-09,1201,2024-06-15,1108,639,107,6,5,3,1201,0,0,0,,0,00N,"ALLIANCE RD","STROMBERG AV",16.00,W,-,A,-,N,,,,,,,,,,Y,3,0,2,2,A,-,08,22107,,N,D,C,A,A,H,-,A,A,0,,,,,Y,,A,01,0,2,0,0,0,0,0,0,0,"- ","- ",40.884498596191406,-124.09007263183594,HUMBOLDT,ARCATA,-124.09009552001953,40.884510040283203
9729737,2024,2024-09-06,1201,2024-04-26,1738,639,304,5,5,3,1201,0,0,0,,0,0DT,"8TH ST","J ST",0.00,,Y,A,-,N,,,,,,,,,,N,3,0,1,2,A,-,05,21650,1,N,H,G,A,A,H,-,A,D,0,,Y,,,Y,,L,04,0,1,0,0,0,0,1,0,0,"- ","- ",40.868911743164062,-124.08892822265625,HUMBOLDT,ARCATA,-124.08919525146484,40.86871337890625
9729792,2024,2024-09-27,1201,2024-06-12,2149,606,201,3,5,3,1201,0,0,0,,0,0VW,"GIUNTOLI LN","RT 101",0.00,,Y,A,-,Y,HUM,1,101,-,-,88.618,R,4,N,N,3,0,1,2,A,-,09,21804,,N,H,G,A,A,H,-,C,D,0,,Y,,,Y,,A,07,0,1,0,0,0,0,1,0,0,"- ","- ",40.904750823974609,-124.08412933349609,HUMBOLDT,ARCATA,-124.08551788330078,40.901973724365234
9735429,2024,2024-10-25,1201,2024-08-20,1141,677,405,2,5,3,1201,0,0,0,,0,00S,"SAMOA BL","CRESCENT WY",120.00,N,N,A,-,N,,,,,,,,,,N,3,0,1,1,A,-,07,21658,A,N,E,I,A,A,H,-,A,D,0,,Y,,,Y,,L,04,0,1,0,0,0,0,1,0,0,"- ","- ",40.858978271484375,-124.07415771484375,HUMBOLDT,ARCATA,-124.07447814941406,40.859321594238281
9735430,2024,2024-10-29,1201,2024-08-15,1450,692,302,4,5,3,1201,0,0,0,,0,00S,"M ST","ALLIANCE RD",43.40,E,N,A,-,N,,,,,,,,,,N,2,0,1,2,A,-,"- ",,,N,H,G,A,A,H,-,A,A,0,,Y,,,Y,,A,07,1,0,0,0,0,0,1,0,0,"- ","- ",40.874828338623047,-124.09021759033203,HUMBOLDT,ARCATA,-124.09021759033203,40.874839782714844
9735431,2024,2024-10-25,1201,2024-08-02,1118,702,407,5,5,3,1201,0,0,0,,0,00S,"OLD ARCATA RD","HYLAND ST",270.00,S,N,A,-,N,,,,,,,,,,N,2,0,1,1,A,-,17,21200,A,N,H,A,A,A,D,E,A,D,0,,Y,,,Y,,L,04,1,0,0,0,0,0,1,0,0,"- ","- ",40.846588134765625,-124.06833648681641,HUMBOLDT,ARCATA,-124.06673431396484,40.846714019775391
9742596,2024,2024-11-04,1201,2024-07-27,"48  ",690,303,6,5,3,1201,0,0,0,,0,00S,"K ST","8TH ST",0.00,,Y,A,-,N,,,,,,,,,,N,3,0,1,2,A,-,09,21804,A,N,H,G,A,A,H,-,C,A,0,,Y,,,Y,,-,,0,1,0,0,0,0,1,0,0,"- ","- ",40.868919372558594,-124.09024047851562,HUMBOLDT,ARCATA,-124.09021759033203,40.868919372558594
9742597,2024,2024-10-29,1201,2024-07-25,1510,691,303,4,5,3,1201,0,0,0,,0,00S,"K ST","10TH ST",0.00,,Y,A,-,N,,,,,,,,,,Y,3,0,2,2,A,-,"- ",,,N,B,D,A,A,H,-,A,A,0,,,,,Y,,A,01,0,1,1,0,0,0,0,0,0,"- ","- ",40.870510101318359,-124.08963775634766,HUMBOLDT,ARCATA,-124.08963012695312,40.870548248291016
9742598,2024,2024-10-25,1201,2024-07-10,1735,698,307,3,5,3,1201,0,0,0,,0,00S,K,6,65.00,N,N,A,-,N,,,,,,,,,,Y,2,0,1,2,A,-,08,22107,,N,C,E,A,A,H,-,A,D,0,,,,,Y,,A,01,1,0,0,0,0,0,0,0,0,"- ","- ",40.867340087890625,-124.09082794189453,HUMBOLDT,ARCATA,-124.16034698486328,40.802036285400391
9742599,2024,2024-12-10,1201,2024-07-10,1406,685,205,3,5,3,1201,0,0,0,,0,00N,"WEST END RD","RT 101",0.00,,N,A,-,N,,,,,,,,,,Y,3,0,1,1,A,-,08,22107,,N,E,I,A,A,H,-,A,D,0,,,,,Y,,A,01,0,1,0,0,0,0,0,0,0,"- ","- ",40.891410827636719,-124.08091735839844,HUMBOLDT,ARCATA,-124.08056500000001,40.891860999999999
9742600,2024,2025-04-28,1201,2024-07-08,1254,692,201,1,5,3,1201,0,0,0,,0,0VW,"VALLEY WEST BL","VALLEY EAST BL",93.00,E,N,A,-,N,,,,,,,,,,N,2,0,1,1,B,-,22,,,N,H,A,A,A,H,-,A,D,0,,Y,,,Y,,-,,1,0,0,0,0,0,1,0,0,"- ","- ",40.904998779296875,-124.0830078125,HUMBOLDT,ARCATA,-124.08274841308594,40.900127410888672
9742601,2024,2024-10-25,1201,2024-07-07,1301,639,303,7,5,3,1201,0,0,0,,0,00S,"11TH ST","I ST",22.00,N,N,A,-,N,,,,,,,,,,N,3,0,1,2,A,-,15,21201,A,N,H,G,A,A,H,-,A,A,0,,Y,,,Y,,-,,0,1,0,0,0,0,1,0,0,"- ","- ",40.870849609375,-124.08725738525391,HUMBOLDT,ARCATA,-124.08732604980469,40.870876312255859
9743027,2024,2024-11-15,1201,2024-09-12,"0   ",677,202,4,5,3,1201,0,0,0,,0,0VW,"WEST END RD","ERICSON WY",380.00,W,N,A,-,N,,,,,,,,,,N,2,0,1,1,A,-,03,22350,,N,E,J,A,A,H,-,A,D,0,,,Y,,Y,,C,02,1,0,0,0,0,0,0,0,1,"- ","- ",40.906681060791016,-124.0726318359375,HUMBOLDT,ARCATA,-124.07099151611328,40.908451080322266
9750347,2024,2024-11-15,1201,2024-09-05,1302,684,205,4,5,3,1201,0,0,0,,0,00N,"ERICSON WY","FRANK MARTIN CT",0.00,,Y,A,-,N,,,,,,,,,,N,4,0,1,2,A,-,09,21800,,N,B,C,A,A,H,-,A,D,0,,,,,Y,,A,01,0,0,1,0,0,0,0,0,0,"- ","- ",40.904720306396484,-124.06909942626953,HUMBOLDT,ARCATA,-124.06910705566406,40.904731750488281
9767662,2024,2025-02-03,1201,2024-10-11,1349,698,309,5,5,3,1201,0,0,0,,0,00S,"SAMOA BL","G ST",0.00,,Y,A,-,Y,HUM,1,255,-,-,8.584,I,5,N,Y,3,0,5,2,A,-,09,21801,,N,A,C,A,A,H,-,A,D,0,,,,,Y,,D,22,0,1,4,0,0,0,0,0,0,"- ","- ",,,HUMBOLDT,ARCATA,-124.08724975585938,40.864833831787109
9767699,2024,2024-12-20,1201,2024-10-28,1447,646,108,1,5,3,1201,0,0,0,,0,00N,"SUNSET AV","H ST",0.00,,Y,A,-,N,,,,,,,,,,N,3,0,1,2,A,-,10,21950,A,N,H,G,A,A,H,-,A,D,0,,Y,,,Y,,A,01,0,1,0,0,0,0,1,0,0,"- ","- ",40.878799438476562,-124.08347320556641,HUMBOLDT,ARCATA,-124.0836181640625,40.878799438476562
9767700,2024,2024-12-20,1201,2024-10-21,"659 ",677,101,1,5,3,1201,0,0,0,,0,0VW,"JANES RD","PALOMINO LN",6.00,N,N,C,-,N,,,,,,,,,,N,3,0,1,2,A,-,00,23123,A,F,G,B,B,B,H,-,C,D,0,Y,,,,Y,,A,01,0,1,0,0,1,0,0,0,0,"- ","- ",40.903308868408203,-124.09084320068359,HUMBOLDT,ARCATA,-124.09135437011719,40.900836944580078
9774761,2024,2025-01-29,1201,2024-11-24,1023,690,401,7,5,3,1201,0,0,0,,0,00S,"BAYVIEW ST","PARK AV",0.00,,Y,A,-,N,,,,,,,,,,Y,2,0,2,1,A,-,03,22350,,N,E,I,A,A,H,-,A,D,0,,,,,Y,,M,47,1,0,1,0,0,0,0,0,0,"- ","- ",40.868000030517578,-124.0760498046875,HUMBOLDT,ARCATA,-124.07579040527344,40.867759704589844
9774767,2024,2025-01-22,1201,2024-11-30,1827,702,205,6,5,3,1201,0,0,0,,0,00N,"WEST END RD","WEST END CT",254.00,S,N,A,-,N,,,,,,,,,,N,2,0,1,2,A,-,07,21658,A,N,A,C,A,A,H,-,D,D,0,,,,,Y,,A,01,1,0,0,0,0,0,0,0,0,"- ","- ",40.895000457763672,-124.07781219482422,HUMBOLDT,ARCATA,-124.07840728759766,40.894252777099609
9774768,2024,2025-02-26,1201,2024-11-08,2000,703,309,5,5,3,1201,0,0,0,,0,00S,"SAMOA BL","RT 101 N",502.00,E,N,A,-,N,,,,,,,,,,N,2,0,1,2,D,-,00,,,F,G,B,D,A,H,-,D,D,0,Y,,,,Y,Y,-,"- ",1,0,0,0,1,0,0,0,0,"- ","- ",40.862701416015625,-124.08271789550781,HUMBOLDT,ARCATA,-124.081065,40.862253000000003
9774849,2024,2025-01-23,1201,2024-11-28,1920,695,406,4,5,3,1201,0,0,0,,0,00S,"SAMOA BL","G ST",0.00,,Y,A,-,N,,,,,,,,,,Y,4,0,1,1,A,-,01,23152,A,M,E,I,A,A,H,-,C,D,0,,,,,Y,Y,A,07,0,0,1,0,0,0,0,0,0,"- ","- ",40.862621307373047,-124.08261108398438,HUMBOLDT,ARCATA,-124.08719635009766,40.864940643310547
9774852,2024,2025-01-28,1201,2024-11-16,2206,691,401,6,5,3,1201,0,0,0,,0,00S,"11TH ST","B ST",9.00,E,N,A,-,N,,,,,,,,,,Y,3,0,2,1,A,-,01,23152,,M,E,I,A,B,H,-,D,A,0,,,,,Y,Y,A,01,0,2,0,0,0,0,0,0,0,"- ","- ",40.869480133056641,-124.08013153076172,HUMBOLDT,ARCATA,-124.07991790771484,40.869293212890625
9775006,2024,2025-01-27,1201,2024-11-26,"707 ",703,108,2,5,3,1201,0,0,0,,0,00N,"FOSTER AV","ALLIANCE RD",0.00,,Y,B,C,N,,,,,,,,,,N,3,0,1,3,A,-,10,21950,,N,G,B,B,B,H,-,B,A,0,Y,Y,,,Y,,D,22,0,1,0,0,1,0,0,0,0,"- ","- ",40.879249572753906,-124.09185791015625,HUMBOLDT,ARCATA,-124.09188079833984,40.879287719726562
9786111,2024,2025-04-16,1203,2024-05-22,1343,4101,P25,3,5,4,1203,0,0,0,,0,003,"I ST","9TH AV",0.00,,Y,A,-,N,,,,,,,,,,Y,1,1,2,6,A,-,01,23152,F,N,G,B,D,A,H,-,A,A,0,Y,,,,Y,Y,A,01,2,0,0,1,0,0,0,0,0,"- ","- ",40.799129486083984,-124.16191864013672,HUMBOLDT,EUREKA,-124.16191864013672,40.799125671386719
9788041,2025,2025-04-28,1201,2025-02-09,1250,703,302,7,5,3,1201,0,0,0,,0,00S,"11TH ST","M ST",0.00,,Y,A,-,N,,,,,,,,,,Y,4,0,2,2,A,-,01,23152,F,N,B,C,A,A,H,-,A,A,0,,,,,Y,,A,01,0,0,2,0,0,0,0,0,0,"- ","- ",40.870998382568359,-124.09140014648438,HUMBOLDT,ARCATA,-124.0914306640625,40.871791839599609
9788042,2025,2025-04-28,1201,2025-02-07,1624,707,303,5,5,3,1201,0,0,0,,0,00S,"K ST","10TH ST",0.00,,Y,A,-,N,,,,,,,,,,Y,3,0,1,3,A,-,09,21802,A,N,D,C,A,A,H,-,A,A,0,,,,,Y,,A,01,0,1,0,0,0,0,0,0,0,"- ","- ",40.870998382568359,-124.08899688720703,HUMBOLDT,ARCATA,-124.08963012695312,40.870548248291016
9788043,2025,2025-04-29,1201,2025-02-06,"755 ",707,108,4,5,3,1201,0,0,0,,0,00N,"ALLIANCE RD","FOSTER AV",0.00,,Y,A,-,N,,,,,,,,,,N,4,0,1,2,A,-,09,21802,,N,H,G,A,A,H,-,A,A,0,,Y,,,Y,,A,01,0,0,1,0,0,0,1,0,0,"- ","- ",40.879001617431641,-124.091796875,HUMBOLDT,ARCATA,-124.09188079833984,40.879287719726562
9788050,2025,2025-04-29,1201,2025-02-26,1659,691,309,3,5,3,1201,0,0,0,,0,00S,"SAMOA BL","I ST",0.00,,Y,A,-,N,,,,,,,,,,Y,3,0,1,2,A,-,01,23152,A,N,D,C,A,A,H,-,A,A,0,,,,,Y,Y,A,01,0,1,0,0,0,0,0,0,0,"- ","- ",40.865001678466797,-124.08899688720703,HUMBOLDT,ARCATA,-124.08929443359375,40.865383148193359
9789957,2025,2025-04-23,1201,2025-02-27,1621,691,108,4,5,3,1201,0,0,0,,0,00N,"EASTERN AV","UTILITY POLE 7232",18.00,S,N,A,-,N,,,,,,,,,,N,3,0,1,2,A,-,00,21107,,N,B,E,A,A,H,-,A,A,0,,,,,Y,,M,94,0,1,0,0,0,0,0,0,0,"- ","- ",40.879848480224609,-124.0897216796875,HUMBOLDT,ARCATA,,
9790090,2024,2025-04-28,1201,2024-12-19,2008,697,303,4,5,3,1201,0,0,0,,0,00S,"11TH ST","H ST",0.00,,Y,A,-,N,,,,,,,,,,N,3,0,1,3,A,-,10,21950,,N,G,B,B,A,H,-,B,A,0,Y,,,,Y,,A,01,0,1,0,0,1,0,0,0,0,"- ","- ",40.870628356933594,-124.08621978759766,HUMBOLDT,ARCATA,-124.08619689941406,40.870628356933594
9818237,2025,2025-08-11,1201,2025-01-05,1551,703,301,7,5,3,1201,0,0,0,,0,00S,"BLAKESLEE AVE","R ST",0.00,,Y,A,-,N,,,,,,,,,,N,3,0,1,4,A,-,07,21658,A,N,A,C,A,A,H,-,A,D,0,,,,,Y,,D,22,0,1,0,0,0,0,0,0,0,"- ","- ",40.875991821289062,-124.09683990478516,HUMBOLDT,ARCATA,-124.09683990478516,40.876029968261719
9819898,2025,2025-09-29,1201,2025-07-17,1721,677,105,4,5,3,1201,0,0,0,,0,00N,"NERHPERY CT","LEY CHEHL",130.00,N,N,A,-,N,,,,,,,,,,N,4,0,1,2,A,-,11,21954,A,N,H,G,A,A,H,-,A,D,0,,Y,,,Y,,L,04,0,0,1,0,0,0,1,0,0,"- ","- ",40.888710021972656,-124.08798217773438,HUMBOLDT,ARCATA,,
9821468,2025,2025-08-13,1201,2025-06-20,1323,695,109,5,5,3,1201,0,0,0,,0,00N,"H ST","17TH ST",0.00,,Y,A,-,N,,,,,,,,,,N,3,0,1,2,A,-,05,21650,,N,H,G,A,A,H,-,A,D,0,,Y,,,Y,,L,04,0,1,0,0,0,0,1,0,0,"- ","- ",40.875370025634766,-124.08441162109375,HUMBOLDT,ARCATA,-124.08441162109375,40.875381469726562
9866401,2024,2025-08-04,1201,2024-12-16,1531,684,108,1,5,3,1201,0,0,0,,0,00N,"SUNSET AV","RT 101",176.00,W,N,B,C,N,,,,,,,,,,N,4,0,1,2,A,-,21,22106,,F,G,B,E,B,H,-,A,D,0,Y,,,,Y,,A,01,0,0,1,0,1,0,0,0,0,"- ",NO,40.87786865234375,-124.08220672607422,HUMBOLDT,ARCATA,,
9870980,2025,2025-08-07,1201,2025-06-19,"801 ",677,105,4,5,3,1201,0,0,0,,0,00N,"NORTH SPEAR AV","ALLIANCE RD",286.00,W,N,A,-,N,,,,,,,,,,N,4,0,1,2,A,-,07,21658,A,M,E,I,A,A,H,-,D,D,0,,,,,Y,,A,01,0,0,1,0,0,0,0,0,0,"- ","- ",40.890178680419922,-124.08746337890625,HUMBOLDT,ARCATA,-124.08837127685547,40.890560150146484
9871200,2025,2025-08-20,1201,2025-06-13,"500 ",703,404,5,5,3,1201,0,0,0,,0,00S,"UNION ST","7TH ST",0.00,,Y,A,-,N,,,,,,,,,,N,3,0,1,2,A,-,07,21658,A,F,C,E,A,A,H,-,B,D,0,,,,,Y,,I,12,0,1,0,0,0,0,0,0,0,"- ","- ",40.865871429443359,-124.07819366455078,HUMBOLDT,ARCATA,-124.07790374755859,40.866012573242188
9871321,2025,2025-08-20,1201,2025-05-30,"238 ",694,301,5,5,3,1201,0,0,0,,0,00S,"VAISSADE RD","V ST",351.00,E,N,A,-,N,,,,,,,,,,Y,3,0,2,1,A,-,03,22350,,N,F,A,A,A,H,-,D,D,0,,,,,Y,,A,07,0,2,0,0,0,0,0,0,0,"- ","- ",40.871738433837891,-124.10489654541016,HUMBOLDT,ARCATA,-124.104648,40.872069000000003
9871476,2025,2025-08-18,1201,2025-03-22,1304,599,307,6,5,3,1201,0,0,0,,0,00S,"7TH ST","J ST",0.00,,Y,B,-,N,,,,,,,,,,N,3,0,1,2,A,-,12,22450,,N,D,D,A,A,H,-,A,A,0,,,,,Y,,A,01,0,1,0,0,0,0,0,0,0,"- ","- ",40.867900848388672,-124.08949279785156,HUMBOLDT,ARCATA,-124.0894775390625,40.867900848388672
9871477,2025,2025-08-18,1201,2025-03-19,2142,677,303,3,5,3,1201,0,0,0,,0,00S,"K ST","12TH ST",0.00,,Y,C,-,N,,,,,,,,,,N,3,0,1,2,A,-,09,21801,,F,A,C,A,B,H,-,C,D,0,,,,,Y,,A,07,0,1,0,0,0,0,0,0,0,"- ","- ",40.872100830078125,-124.08904266357422,HUMBOLDT,ARCATA,-124.08901214599609,40.87213134765625
9871478,2025,2025-08-19,1201,2025-03-13,"808 ",685,205,4,5,3,1201,0,0,0,,0,00N,"H ST","SUNSET BL",0.00,,Y,A,-,N,,,,,,,,,,N,3,0,1,2,A,-,10,21950,A,N,G,B,C,B,H,-,A,D,0,Y,,,,Y,,D,22,0,1,0,0,1,0,0,0,0,"- ","- ",40.878799438476562,-124.08348083496094,HUMBOLDT,ARCATA,-124.0836181640625,40.878799438476562
9871503,2025,2025-08-18,1201,2025-03-27,1054,693,307,4,5,3,1201,0,0,0,,0,00S,"7TH ST","F ST",0.00,,Y,B,-,N,,,,,,,,,,N,4,0,1,2,A,-,10,21950,A,N,G,B,B,A,H,-,A,A,0,Y,,,,Y,,A,01,0,0,1,0,1,0,0,0,0,"- ","- ",40.866989135742188,-124.08534240722656,HUMBOLDT,ARCATA,-124.08534240722656,40.867019653320312
9871694,2025,2025-08-12,1201,2025-02-13,2130,677,307,4,5,3,1201,0,0,0,,0,00S,"G ST","14TH ST",0.00,,Y,C,-,N,,,,,,,,,,N,3,0,1,2,A,-,12,22450,,F,D,G,A,B,H,-,C,D,0,,Y,,,Y,,-,99,0,1,0,0,0,0,1,0,0,"- ","- ",40.86724853515625,-124.08480834960938,HUMBOLDT,ARCATA,-124.08428955078125,40.872787475585938
9871725,2025,2025-08-12,1201,2025-01-30,"0   ",684,307,4,5,3,1201,0,0,0,,0,00S,"H ST","SAMOA BL",0.00,,Y,C,-,N,,,,,,,,,,Y,4,0,1,2,A,-,12,21453,A,N,D,C,A,B,H,-,A,A,0,,,,,Y,,A,01,0,0,1,0,0,0,0,0,0,"- ","- ",40.865161895751953,-124.08827209472656,HUMBOLDT,ARCATA,-124.08824920654297,40.865165710449219